
## Responsive capture (39 states)
{"schema":"woodpecker.task027-responsive-replay.v1","ok":true,"runId":"b9894081-81e5-4b79-a9e3-2e2c6d0f5297","states":39,"viewports":["desktop","tablet","mobile"],"families":["overview","repos","pipelineLogs","org","admin","adminUsers","adminAgents","user","infraServers","infraAlerts","deployments","login","notFound"],"rows":[1,2,3,11,24,28,32,34,39,45,47,57,58],"failedStates":[],"generatedAt":"2026-08-16T05:18:39.190Z"}
[capture 1/39] overview-desktop
[capture 2/39] overview-tablet
[capture 3/39] overview-mobile
[capture 4/39] repos-desktop
[capture 5/39] repos-tablet
[capture 6/39] repos-mobile
[capture 7/39] pipelineLogs-desktop
[capture 8/39] pipelineLogs-tablet
[capture 9/39] pipelineLogs-mobile
[capture 10/39] org-desktop
[capture 11/39] org-tablet
[capture 12/39] org-mobile
[capture 13/39] admin-desktop
[capture 14/39] admin-tablet
[capture 15/39] admin-mobile
[capture 16/39] adminUsers-desktop
[capture 17/39] adminUsers-tablet
[capture 18/39] adminUsers-mobile
[capture 19/39] adminAgents-desktop
[capture 20/39] adminAgents-tablet
[capture 21/39] adminAgents-mobile
[capture 22/39] user-desktop
[capture 23/39] user-tablet
[capture 24/39] user-mobile
[capture 25/39] infraServers-desktop
[capture 26/39] infraServers-tablet
[capture 27/39] infraServers-mobile
[capture 28/39] infraAlerts-desktop
[capture 29/39] infraAlerts-tablet
[capture 30/39] infraAlerts-mobile
[capture 31/39] deployments-desktop
[capture 32/39] deployments-tablet
[capture 33/39] deployments-mobile
[capture 34/39] login-desktop
[capture 35/39] login-tablet
[capture 36/39] login-mobile
[capture 37/39] notFound-desktop
[capture 38/39] notFound-tablet
[capture 39/39] notFound-mobile

## Normalize generated evidence JSON
browser-replay-summary.json 15ms
evidence-manifest.json 4ms (unchanged)

## Strict responsive verifier
Strict responsive verification passed for 39 states.

## Responsive red-team
Red-team: baseline passed; 9/9 mutations rejected.
{
  "schema": "woodpecker.task027-redteam.v1",
  "runId": "b9894081-81e5-4b79-a9e3-2e2c6d0f5297",
  "rejected": 9,
  "results": [
    {
      "name": "run-id-tamper",
      "rejected": true
    },
    {
      "name": "overflow-injected",
      "rejected": true
    },
    {
      "name": "uncontained-dense-injected",
      "rejected": true
    },
    {
      "name": "raw-i18n-injected",
      "rejected": true
    },
    {
      "name": "health-injected",
      "rejected": true
    },
    {
      "name": "png-corrupted",
      "rejected": true
    },
    {
      "name": "viewport-tamper",
      "rejected": true
    },
    {
      "name": "state-count-tamper",
      "rejected": true
    },
    {
      "name": "evidence-file-removed",
      "rejected": true
    }
  ]
}

## Full frontend Vitest
1) Please add `WOODPECKER_DEV_WWW_PROXY=http://localhost:8010` to your `.env` file.
2) Start the Woodpecker server
3) If you want to run the vite dev server (`pnpm start`) within a container please set `VITE_DEV_SERVER_HOST=0.0.0.0`.

  🚀 Access the UI at http://localhost:8000/

 RUN  v4.1.10 /Volumes/zwl/open_sources/woodpecker-main/web

·····························································································································································································································································································································································································································································································································································································································

 Test Files  109 passed (109)
      Tests  605 passed (605)
   Start at  13:18:41
   Duration  20.87s (transform 23.08s, setup 0ms, import 55.61s, tests 13.55s, environment 57.21s)

stderr | src/views/repo/settings/Registries.test.ts > repository registries settings > preserves repository precedence, readonly state, and inherited boundaries
[Vue warn]: Failed to resolve component: router-link
If this is a native custom element, make sure to exclude it from component resolution via compilerOptions.isCustomElement. 
  at <IconButton icon="edit" title="Edit registry" onClick=fn<onClick> > 
  at <SettingsTable key=3 min-width="660px" > 
  at <Registries ref="VTU_COMPONENT" > 
  at <VTUROOT>
[Vue warn]: Failed to resolve component: router-link
If this is a native custom element, make sure to exclude it from component resolution via compilerOptions.isCustomElement. 
  at <IconButton key=0 icon="trash" class="text-wp-error-100"  ... > 
  at <SettingsTable key=3 min-width="660px" > 
  at <Registries ref="VTU_COMPONENT" > 
  at <VTUROOT>
[Vue warn]: Failed to resolve component: router-link
If this is a native custom element, make sure to exclude it from component resolution via compilerOptions.isCustomElement. 
  at <IconButton icon="chevron-right" title="View registry" onClick=fn<onClick> > 
  at <SettingsTable key=3 min-width="660px" > 
  at <Registries ref="VTU_COMPONENT" > 
  at <VTUROOT>

stderr | src/views/repo/settings/Crons.test.ts > repository cron settings > renders real cron fields and navigates after a server-confirmed run
[Vue warn]: Failed to resolve component: router-link
If this is a native custom element, make sure to exclude it from component resolution via compilerOptions.isCustomElement. 
  at <IconButton icon="play-outline" is-loading=false title="Run now"  ... > 
  at <SettingsTable key=3 min-width="820px" > 
  at <Crons ref="VTU_COMPONENT" > 
  at <VTUROOT>
[Vue warn]: Failed to resolve component: router-link
If this is a native custom element, make sure to exclude it from component resolution via compilerOptions.isCustomElement. 
  at <IconButton icon="edit" title="Edit cron" onClick=fn<onClick> > 
  at <SettingsTable key=3 min-width="820px" > 
  at <Crons ref="VTU_COMPONENT" > 
  at <VTUROOT>
[Vue warn]: Failed to resolve component: router-link
If this is a native custom element, make sure to exclude it from component resolution via compilerOptions.isCustomElement. 
  at <IconButton icon="trash" class="text-wp-error-100" is-loading=false  ... > 
  at <SettingsTable key=3 min-width="820px" > 
  at <Crons ref="VTU_COMPONENT" > 
  at <VTUROOT>

stderr | src/views/repo/settings/Crons.test.ts > repository cron settings > renders real cron fields and navigates after a server-confirmed run
[Vue warn]: Failed to resolve component: router-link
If this is a native custom element, make sure to exclude it from component resolution via compilerOptions.isCustomElement. 
  at <IconButton icon="play-outline" is-loading=true title="Run now"  ... > 
  at <SettingsTable key=3 min-width="820px" > 
  at <Crons ref="VTU_COMPONENT" > 
  at <VTUROOT>
[Vue warn]: Failed to resolve component: router-link
If this is a native custom element, make sure to exclude it from component resolution via compilerOptions.isCustomElement. 
  at <IconButton icon="edit" title="Edit cron" onClick=fn<onClick> > 
  at <SettingsTable key=3 min-width="820px" > 
  at <Crons ref="VTU_COMPONENT" > 
  at <VTUROOT>
[Vue warn]: Failed to resolve component: router-link
If this is a native custom element, make sure to exclude it from component resolution via compilerOptions.isCustomElement. 
  at <IconButton icon="trash" class="text-wp-error-100" is-loading=false  ... > 
  at <SettingsTable key=3 min-width="820px" > 
  at <Crons ref="VTU_COMPONENT" > 
  at <VTUROOT>

stderr | src/views/repo/settings/Crons.test.ts > repository cron settings > renders real cron fields and navigates after a server-confirmed run
[Vue warn]: Failed to resolve component: router-link
If this is a native custom element, make sure to exclude it from component resolution via compilerOptions.isCustomElement. 
  at <IconButton icon="play-outline" is-loading=false title="Run now"  ... > 
  at <SettingsTable key=3 min-width="820px" > 
  at <Crons ref="VTU_COMPONENT" > 
  at <VTUROOT>
[Vue warn]: Failed to resolve component: router-link
If this is a native custom element, make sure to exclude it from component resolution via compilerOptions.isCustomElement. 
  at <IconButton icon="edit" title="Edit cron" onClick=fn<onClick> > 
  at <SettingsTable key=3 min-width="820px" > 
  at <Crons ref="VTU_COMPONENT" > 
  at <VTUROOT>
[Vue warn]: Failed to resolve component: router-link
If this is a native custom element, make sure to exclude it from component resolution via compilerOptions.isCustomElement. 
  at <IconButton icon="trash" class="text-wp-error-100" is-loading=false  ... > 
  at <SettingsTable key=3 min-width="820px" > 
  at <Crons ref="VTU_COMPONENT" > 
  at <VTUROOT>

stderr | src/views/repo/settings/Registries.test.ts > repository registries settings > preserves confirmed rows when a page-two reset starts a rejected page-one load asynchronously
[Vue warn]: Failed to resolve component: router-link
If this is a native custom element, make sure to exclude it from component resolution via compilerOptions.isCustomElement. 
  at <IconButton icon="edit" title="Edit registry" onClick=fn<onClick> > 
  at <SettingsTable key=3 min-width="660px" > 
  at <Registries ref="VTU_COMPONENT" > 
  at <VTUROOT>
[Vue warn]: Failed to resolve component: router-link
If this is a native custom element, make sure to exclude it from component resolution via compilerOptions.isCustomElement. 
  at <IconButton key=0 icon="trash" class="text-wp-error-100"  ... > 
  at <SettingsTable key=3 min-width="660px" > 
  at <Registries ref="VTU_COMPONENT" > 
  at <VTUROOT>
[Vue warn]: Failed to resolve component: router-link
If this is a native custom element, make sure to exclude it from component resolution via compilerOptions.isCustomElement. 
  at <IconButton icon="edit" title="Edit registry" onClick=fn<onClick> > 
  at <SettingsTable key=3 min-width="660px" > 
  at <Registries ref="VTU_COMPONENT" > 
  at <VTUROOT>
[Vue warn]: Failed to resolve component: router-link
If this is a native custom element, make sure to exclude it from component resolution via compilerOptions.isCustomElement. 
  at <IconButton key=0 icon="trash" class="text-wp-error-100"  ... > 
  at <SettingsTable key=3 min-width="660px" > 
  at <Registries ref="VTU_COMPONENT" > 
  at <VTUROOT>

stderr | src/views/repo/settings/Crons.test.ts > repository cron settings > preserves direct execution for an inactive cron
[Vue warn]: Failed to resolve component: router-link
If this is a native custom element, make sure to exclude it from component resolution via compilerOptions.isCustomElement. 
  at <IconButton icon="play-outline" is-loading=false title="Run now"  ... > 
  at <SettingsTable key=3 min-width="820px" > 
  at <Crons ref="VTU_COMPONENT" > 
  at <VTUROOT>
[Vue warn]: Failed to resolve component: router-link
If this is a native custom element, make sure to exclude it from component resolution via compilerOptions.isCustomElement. 
  at <IconButton icon="edit" title="Edit cron" onClick=fn<onClick> > 
  at <SettingsTable key=3 min-width="820px" > 
  at <Crons ref="VTU_COMPONENT" > 
  at <VTUROOT>
[Vue warn]: Failed to resolve component: router-link
If this is a native custom element, make sure to exclude it from component resolution via compilerOptions.isCustomElement. 
  at <IconButton icon="trash" class="text-wp-error-100" is-loading=false  ... > 
  at <SettingsTable key=3 min-width="820px" > 
  at <Crons ref="VTU_COMPONENT" > 
  at <VTUROOT>
[Vue warn]: Failed to resolve component: router-link
If this is a native custom element, make sure to exclude it from component resolution via compilerOptions.isCustomElement. 
  at <IconButton icon="play-outline" is-loading=false title="Run now"  ... > 
  at <SettingsTable key=3 min-width="820px" > 
  at <Crons ref="VTU_COMPONENT" > 
  at <VTUROOT>
[Vue warn]: Failed to resolve component: router-link
If this is a native custom element, make sure to exclude it from component resolution via compilerOptions.isCustomElement. 
  at <IconButton icon="edit" title="Edit cron" onClick=fn<onClick> > 
  at <SettingsTable key=3 min-width="820px" > 
  at <Crons ref="VTU_COMPONENT" > 
  at <VTUROOT>
[Vue warn]: Failed to resolve component: router-link
If this is a native custom element, make sure to exclude it from component resolution via compilerOptions.isCustomElement. 
  at <IconButton icon="trash" class="text-wp-error-100" is-loading=false  ... > 
  at <SettingsTable key=3 min-width="820px" > 
  at <Crons ref="VTU_COMPONENT" > 
  at <VTUROOT>
[Vue warn]: Failed to resolve component: router-link
If this is a native custom element, make sure to exclude it from component resolution via compilerOptions.isCustomElement. 
  at <IconButton icon="play-outline" is-loading=true title="Run now"  ... > 
  at <SettingsTable key=3 min-width="820px" > 
  at <Crons ref="VTU_COMPONENT" > 
  at <VTUROOT>
[Vue warn]: Failed to resolve component: router-link
If this is a native custom element, make sure to exclude it from component resolution via compilerOptions.isCustomElement. 
  at <IconButton icon="edit" title="Edit cron" onClick=fn<onClick> > 
  at <SettingsTable key=3 min-width="820px" > 
  at <Crons ref="VTU_COMPONENT" > 
  at <VTUROOT>
[Vue warn]: Failed to resolve component: router-link
If this is a native custom element, make sure to exclude it from component resolution via compilerOptions.isCustomElement. 
  at <IconButton icon="trash" class="text-wp-error-100" is-loading=false  ... > 
  at <SettingsTable key=3 min-width="820px" > 
  at <Crons ref="VTU_COMPONENT" > 
  at <VTUROOT>

stderr | src/views/repo/settings/Crons.test.ts > repository cron settings > preserves direct execution for an inactive cron
[Vue warn]: Failed to resolve component: router-link
If this is a native custom element, make sure to exclude it from component resolution via compilerOptions.isCustomElement. 
  at <IconButton icon="play-outline" is-loading=false title="Run now"  ... > 
  at <SettingsTable key=3 min-width="820px" > 
  at <Crons ref="VTU_COMPONENT" > 
  at <VTUROOT>
[Vue warn]: Failed to resolve component: router-link
If this is a native custom element, make sure to exclude it from component resolution via compilerOptions.isCustomElement. 
  at <IconButton icon="edit" title="Edit cron" onClick=fn<onClick> > 
  at <SettingsTable key=3 min-width="820px" > 
  at <Crons ref="VTU_COMPONENT" > 
  at <VTUROOT>
[Vue warn]: Failed to resolve component: router-link
If this is a native custom element, make sure to exclude it from component resolution via compilerOptions.isCustomElement. 
  at <IconButton icon="trash" class="text-wp-error-100" is-loading=false  ... > 
  at <SettingsTable key=3 min-width="820px" > 
  at <Crons ref="VTU_COMPONENT" > 
  at <VTUROOT>

stderr | src/views/repo/settings/Registries.test.ts > repository registries settings > discards an obsolete fulfilled refresh after the repository changes
[Vue warn]: Failed to resolve component: router-link
If this is a native custom element, make sure to exclude it from component resolution via compilerOptions.isCustomElement. 
  at <IconButton icon="edit" title="Edit registry" onClick=fn<onClick> > 
  at <SettingsTable key=3 min-width="660px" > 
  at <Registries ref="VTU_COMPONENT" > 
  at <VTUROOT>
[Vue warn]: Failed to resolve component: router-link
If this is a native custom element, make sure to exclude it from component resolution via compilerOptions.isCustomElement. 
  at <IconButton key=0 icon="trash" class="text-wp-error-100"  ... > 
  at <SettingsTable key=3 min-width="660px" > 
  at <Registries ref="VTU_COMPONENT" > 
  at <VTUROOT>
[Vue warn]: Failed to resolve component: router-link
If this is a native custom element, make sure to exclude it from component resolution via compilerOptions.isCustomElement. 
  at <IconButton icon="edit" title="Edit registry" onClick=fn<onClick> > 
  at <SettingsTable key=3 min-width="660px" > 
  at <Registries ref="VTU_COMPONENT" > 
  at <VTUROOT>
[Vue warn]: Failed to resolve component: router-link
If this is a native custom element, make sure to exclude it from component resolution via compilerOptions.isCustomElement. 
  at <IconButton key=0 icon="trash" class="text-wp-error-100"  ... > 
  at <SettingsTable key=3 min-width="660px" > 
  at <Registries ref="VTU_COMPONENT" > 
  at <VTUROOT>

stderr | src/views/repo/settings/Registries.test.ts > repository registries settings > discards an obsolete fulfilled refresh after the repository changes
[Vue warn]: Failed to resolve component: router-link
If this is a native custom element, make sure to exclude it from component resolution via compilerOptions.isCustomElement. 
  at <IconButton icon="edit" title="Edit registry" onClick=fn<onClick> > 
  at <SettingsTable key=3 min-width="660px" > 
  at <Registries ref="VTU_COMPONENT" > 
  at <VTUROOT>
[Vue warn]: Failed to resolve component: router-link
If this is a native custom element, make sure to exclude it from component resolution via compilerOptions.isCustomElement. 
  at <IconButton key=0 icon="trash" class="text-wp-error-100"  ... > 
  at <SettingsTable key=3 min-width="660px" > 
  at <Registries ref="VTU_COMPONENT" > 
  at <VTUROOT>
[Vue warn]: Failed to resolve component: router-link
If this is a native custom element, make sure to exclude it from component resolution via compilerOptions.isCustomElement. 
  at <IconButton icon="edit" title="Edit registry" onClick=fn<onClick> > 
  at <SettingsTable key=3 min-width="660px" > 
  at <Registries ref="VTU_COMPONENT" > 
  at <VTUROOT>
[Vue warn]: Failed to resolve component: router-link
If this is a native custom element, make sure to exclude it from component resolution via compilerOptions.isCustomElement. 
  at <IconButton key=0 icon="trash" class="text-wp-error-100"  ... > 
  at <SettingsTable key=3 min-width="660px" > 
  at <Registries ref="VTU_COMPONENT" > 
  at <VTUROOT>
[Vue warn]: Failed to resolve component: router-link
If this is a native custom element, make sure to exclude it from component resolution via compilerOptions.isCustomElement. 
  at <IconButton icon="edit" title="Edit registry" onClick=fn<onClick> > 
  at <SettingsTable key=3 min-width="660px" > 
  at <Registries ref="VTU_COMPONENT" > 
  at <VTUROOT>
[Vue warn]: Failed to resolve component: router-link
If this is a native custom element, make sure to exclude it from component resolution via compilerOptions.isCustomElement. 
  at <IconButton key=0 icon="trash" class="text-wp-error-100"  ... > 
  at <SettingsTable key=3 min-width="660px" > 
  at <Registries ref="VTU_COMPONENT" > 
  at <VTUROOT>

stderr | src/views/repo/settings/Registries.test.ts > repository registries settings > ignores an obsolete rejected refresh after the repository changes
[Vue warn]: Failed to resolve component: router-link
If this is a native custom element, make sure to exclude it from component resolution via compilerOptions.isCustomElement. 
  at <IconButton icon="edit" title="Edit registry" onClick=fn<onClick> > 
  at <SettingsTable key=3 min-width="660px" > 
  at <Registries ref="VTU_COMPONENT" > 
  at <VTUROOT>
[Vue warn]: Failed to resolve component: router-link
If this is a native custom element, make sure to exclude it from component resolution via compilerOptions.isCustomElement. 
  at <IconButton key=0 icon="trash" class="text-wp-error-100"  ... > 
  at <SettingsTable key=3 min-width="660px" > 
  at <Registries ref="VTU_COMPONENT" > 
  at <VTUROOT>
[Vue warn]: Failed to resolve component: router-link
If this is a native custom element, make sure to exclude it from component resolution via compilerOptions.isCustomElement. 
  at <IconButton icon="edit" title="Edit registry" onClick=fn<onClick> > 
  at <SettingsTable key=3 min-width="660px" > 
  at <Registries ref="VTU_COMPONENT" > 
  at <VTUROOT>
[Vue warn]: Failed to resolve component: router-link
If this is a native custom element, make sure to exclude it from component resolution via compilerOptions.isCustomElement. 
  at <IconButton key=0 icon="trash" class="text-wp-error-100"  ... > 
  at <SettingsTable key=3 min-width="660px" > 
  at <Registries ref="VTU_COMPONENT" > 
  at <VTUROOT>

stderr | src/views/repo/settings/Crons.test.ts > repository cron settings > preserves confirmed rows when a page-two reset starts a rejected page-one load asynchronously
[Vue warn]: Failed to resolve component: router-link
If this is a native custom element, make sure to exclude it from component resolution via compilerOptions.isCustomElement. 
  at <IconButton icon="play-outline" is-loading=false title="Run now"  ... > 
  at <SettingsTable key=3 min-width="820px" > 
  at <Crons ref="VTU_COMPONENT" > 
  at <VTUROOT>
[Vue warn]: Failed to resolve component: router-link
If this is a native custom element, make sure to exclude it from component resolution via compilerOptions.isCustomElement. 
  at <IconButton icon="edit" title="Edit cron" onClick=fn<onClick> > 
  at <SettingsTable key=3 min-width="820px" > 
  at <Crons ref="VTU_COMPONENT" > 
  at <VTUROOT>
[Vue warn]: Failed to resolve component: router-link
If this is a native custom element, make sure to exclude it from component resolution via compilerOptions.isCustomElement. 
  at <IconButton icon="trash" class="text-wp-error-100" is-loading=false  ... > 
  at <SettingsTable key=3 min-width="820px" > 
  at <Crons ref="VTU_COMPONENT" > 
  at <VTUROOT>
[Vue warn]: Failed to resolve component: router-link
If this is a native custom element, make sure to exclude it from component resolution via compilerOptions.isCustomElement. 
  at <IconButton icon="play-outline" is-loading=false title="Run now"  ... > 
  at <SettingsTable key=3 min-width="820px" > 
  at <Crons ref="VTU_COMPONENT" > 
  at <VTUROOT>
[Vue warn]: Failed to resolve component: router-link
If this is a native custom element, make sure to exclude it from component resolution via compilerOptions.isCustomElement. 
  at <IconButton icon="edit" title="Edit cron" onClick=fn<onClick> > 
  at <SettingsTable key=3 min-width="820px" > 
  at <Crons ref="VTU_COMPONENT" > 
  at <VTUROOT>
[Vue warn]: Failed to resolve component: router-link
If this is a native custom element, make sure to exclude it from component resolution via compilerOptions.isCustomElement. 
  at <IconButton icon="trash" class="text-wp-error-100" is-loading=false  ... > 
  at <SettingsTable key=3 min-width="820px" > 
  at <Crons ref="VTU_COMPONENT" > 
  at <VTUROOT>

stderr | src/views/repo/settings/Registries.test.ts > repository registries settings > ignores an obsolete rejected refresh after the repository changes
[Vue warn]: Failed to resolve component: router-link
If this is a native custom element, make sure to exclude it from component resolution via compilerOptions.isCustomElement. 
  at <IconButton icon="edit" title="Edit registry" onClick=fn<onClick> > 
  at <SettingsTable key=3 min-width="660px" > 
  at <Registries ref="VTU_COMPONENT" > 
  at <VTUROOT>
[Vue warn]: Failed to resolve component: router-link
If this is a native custom element, make sure to exclude it from component resolution via compilerOptions.isCustomElement. 
  at <IconButton key=0 icon="trash" class="text-wp-error-100"  ... > 
  at <SettingsTable key=3 min-width="660px" > 
  at <Registries ref="VTU_COMPONENT" > 
  at <VTUROOT>
[Vue warn]: Failed to resolve component: router-link
If this is a native custom element, make sure to exclude it from component resolution via compilerOptions.isCustomElement. 
  at <IconButton icon="edit" title="Edit registry" onClick=fn<onClick> > 
  at <SettingsTable key=3 min-width="660px" > 
  at <Registries ref="VTU_COMPONENT" > 
  at <VTUROOT>
[Vue warn]: Failed to resolve component: router-link
If this is a native custom element, make sure to exclude it from component resolution via compilerOptions.isCustomElement. 
  at <IconButton key=0 icon="trash" class="text-wp-error-100"  ... > 
  at <SettingsTable key=3 min-width="660px" > 
  at <Registries ref="VTU_COMPONENT" > 
  at <VTUROOT>
[Vue warn]: Failed to resolve component: router-link
If this is a native custom element, make sure to exclude it from component resolution via compilerOptions.isCustomElement. 
  at <IconButton icon="edit" title="Edit registry" onClick=fn<onClick> > 
  at <SettingsTable key=3 min-width="660px" > 
  at <Registries ref="VTU_COMPONENT" > 
  at <VTUROOT>
[Vue warn]: Failed to resolve component: router-link
If this is a native custom element, make sure to exclude it from component resolution via compilerOptions.isCustomElement. 
  at <IconButton key=0 icon="trash" class="text-wp-error-100"  ... > 
  at <SettingsTable key=3 min-width="660px" > 
  at <Registries ref="VTU_COMPONENT" > 
  at <VTUROOT>
[Vue warn]: Failed to resolve component: router-link
If this is a native custom element, make sure to exclude it from component resolution via compilerOptions.isCustomElement. 
  at <IconButton icon="edit" title="Edit registry" onClick=fn<onClick> > 
  at <SettingsTable key=3 min-width="660px" > 
  at <Registries ref="VTU_COMPONENT" > 
  at <VTUROOT>
[Vue warn]: Failed to resolve component: router-link
If this is a native custom element, make sure to exclude it from component resolution via compilerOptions.isCustomElement. 
  at <IconButton key=0 icon="trash" class="text-wp-error-100"  ... > 
  at <SettingsTable key=3 min-width="660px" > 
  at <Registries ref="VTU_COMPONENT" > 
  at <VTUROOT>

stderr | src/views/repo/settings/Crons.test.ts > repository cron settings > discards an obsolete fulfilled refresh after the repository changes
[Vue warn]: Failed to resolve component: router-link
If this is a native custom element, make sure to exclude it from component resolution via compilerOptions.isCustomElement. 
  at <IconButton icon="play-outline" is-loading=false title="Run now"  ... > 
  at <SettingsTable key=3 min-width="820px" > 
  at <Crons ref="VTU_COMPONENT" > 
  at <VTUROOT>
[Vue warn]: Failed to resolve component: router-link
If this is a native custom element, make sure to exclude it from component resolution via compilerOptions.isCustomElement. 
  at <IconButton icon="edit" title="Edit cron" onClick=fn<onClick> > 
  at <SettingsTable key=3 min-width="820px" > 
  at <Crons ref="VTU_COMPONENT" > 
  at <VTUROOT>
[Vue warn]: Failed to resolve component: router-link
If this is a native custom element, make sure to exclude it from component resolution via compilerOptions.isCustomElement. 
  at <IconButton icon="trash" class="text-wp-error-100" is-loading=false  ... > 
  at <SettingsTable key=3 min-width="820px" > 
  at <Crons ref="VTU_COMPONENT" > 
  at <VTUROOT>
[Vue warn]: Failed to resolve component: router-link
If this is a native custom element, make sure to exclude it from component resolution via compilerOptions.isCustomElement. 
  at <IconButton icon="play-outline" is-loading=false title="Run now"  ... > 
  at <SettingsTable key=3 min-width="820px" > 
  at <Crons ref="VTU_COMPONENT" > 
  at <VTUROOT>
[Vue warn]: Failed to resolve component: router-link
If this is a native custom element, make sure to exclude it from component resolution via compilerOptions.isCustomElement. 
  at <IconButton icon="edit" title="Edit cron" onClick=fn<onClick> > 
  at <SettingsTable key=3 min-width="820px" > 
  at <Crons ref="VTU_COMPONENT" > 
  at <VTUROOT>
[Vue warn]: Failed to resolve component: router-link
If this is a native custom element, make sure to exclude it from component resolution via compilerOptions.isCustomElement. 
  at <IconButton icon="trash" class="text-wp-error-100" is-loading=false  ... > 
  at <SettingsTable key=3 min-width="820px" > 
  at <Crons ref="VTU_COMPONENT" > 
  at <VTUROOT>

stderr | src/views/repo/settings/Registries.test.ts > repository registries settings > ignores an obsolete rejection after returning to the same repository
[Vue warn]: Failed to resolve component: router-link
If this is a native custom element, make sure to exclude it from component resolution via compilerOptions.isCustomElement. 
  at <IconButton icon="edit" title="Edit registry" onClick=fn<onClick> > 
  at <SettingsTable key=3 min-width="660px" > 
  at <Registries ref="VTU_COMPONENT" > 
  at <VTUROOT>
[Vue warn]: Failed to resolve component: router-link
If this is a native custom element, make sure to exclude it from component resolution via compilerOptions.isCustomElement. 
  at <IconButton key=0 icon="trash" class="text-wp-error-100"  ... > 
  at <SettingsTable key=3 min-width="660px" > 
  at <Registries ref="VTU_COMPONENT" > 
  at <VTUROOT>
[Vue warn]: Failed to resolve component: router-link
If this is a native custom element, make sure to exclude it from component resolution via compilerOptions.isCustomElement. 
  at <IconButton icon="edit" title="Edit registry" onClick=fn<onClick> > 
  at <SettingsTable key=3 min-width="660px" > 
  at <Registries ref="VTU_COMPONENT" > 
  at <VTUROOT>
[Vue warn]: Failed to resolve component: router-link
If this is a native custom element, make sure to exclude it from component resolution via compilerOptions.isCustomElement. 
  at <IconButton key=0 icon="trash" class="text-wp-error-100"  ... > 
  at <SettingsTable key=3 min-width="660px" > 
  at <Registries ref="VTU_COMPONENT" > 
  at <VTUROOT>

stderr | src/views/repo/settings/Crons.test.ts > repository cron settings > discards an obsolete fulfilled refresh after the repository changes
[Vue warn]: Failed to resolve component: router-link
If this is a native custom element, make sure to exclude it from component resolution via compilerOptions.isCustomElement. 
  at <IconButton icon="play-outline" is-loading=false title="Run now"  ... > 
  at <SettingsTable key=3 min-width="820px" > 
  at <Crons ref="VTU_COMPONENT" > 
  at <VTUROOT>
[Vue warn]: Failed to resolve component: router-link
If this is a native custom element, make sure to exclude it from component resolution via compilerOptions.isCustomElement. 
  at <IconButton icon="edit" title="Edit cron" onClick=fn<onClick> > 
  at <SettingsTable key=3 min-width="820px" > 
  at <Crons ref="VTU_COMPONENT" > 
  at <VTUROOT>
[Vue warn]: Failed to resolve component: router-link
If this is a native custom element, make sure to exclude it from component resolution via compilerOptions.isCustomElement. 
  at <IconButton icon="trash" class="text-wp-error-100" is-loading=false  ... > 
  at <SettingsTable key=3 min-width="820px" > 
  at <Crons ref="VTU_COMPONENT" > 
  at <VTUROOT>
[Vue warn]: Failed to resolve component: router-link
If this is a native custom element, make sure to exclude it from component resolution via compilerOptions.isCustomElement. 
  at <IconButton icon="play-outline" is-loading=false title="Run now"  ... > 
  at <SettingsTable key=3 min-width="820px" > 
  at <Crons ref="VTU_COMPONENT" > 
  at <VTUROOT>
[Vue warn]: Failed to resolve component: router-link
If this is a native custom element, make sure to exclude it from component resolution via compilerOptions.isCustomElement. 
  at <IconButton icon="edit" title="Edit cron" onClick=fn<onClick> > 
  at <SettingsTable key=3 min-width="820px" > 
  at <Crons ref="VTU_COMPONENT" > 
  at <VTUROOT>
[Vue warn]: Failed to resolve component: router-link
If this is a native custom element, make sure to exclude it from component resolution via compilerOptions.isCustomElement. 
  at <IconButton icon="trash" class="text-wp-error-100" is-loading=false  ... > 
  at <SettingsTable key=3 min-width="820px" > 
  at <Crons ref="VTU_COMPONENT" > 
  at <VTUROOT>
[Vue warn]: Failed to resolve component: router-link
If this is a native custom element, make sure to exclude it from component resolution via compilerOptions.isCustomElement. 
  at <IconButton icon="play-outline" is-loading=false title="Run now"  ... > 
  at <SettingsTable key=3 min-width="820px" > 
  at <Crons ref="VTU_COMPONENT" > 
  at <VTUROOT>
[Vue warn]: Failed to resolve component: router-link
If this is a native custom element, make sure to exclude it from component resolution via compilerOptions.isCustomElement. 
  at <IconButton icon="edit" title="Edit cron" onClick=fn<onClick> > 
  at <SettingsTable key=3 min-width="820px" > 
  at <Crons ref="VTU_COMPONENT" > 
  at <VTUROOT>
[Vue warn]: Failed to resolve component: router-link
If this is a native custom element, make sure to exclude it from component resolution via compilerOptions.isCustomElement. 
  at <IconButton icon="trash" class="text-wp-error-100" is-loading=false  ... > 
  at <SettingsTable key=3 min-width="820px" > 
  at <Crons ref="VTU_COMPONENT" > 
  at <VTUROOT>
[Vue warn]: Failed to resolve component: router-link
If this is a native custom element, make sure to exclude it from component resolution via compilerOptions.isCustomElement. 
  at <IconButton icon="play-outline" is-loading=false title="Run now"  ... > 
  at <SettingsTable key=3 min-width="820px" > 
  at <Crons ref="VTU_COMPONENT" > 
  at <VTUROOT>
[Vue warn]: Failed to resolve component: router-link
If this is a native custom element, make sure to exclude it from component resolution via compilerOptions.isCustomElement. 
  at <IconButton icon="edit" title="Edit cron" onClick=fn<onClick> > 
  at <SettingsTable key=3 min-width="820px" > 
  at <Crons ref="VTU_COMPONENT" > 
  at <VTUROOT>
[Vue warn]: Failed to resolve component: router-link
If this is a native custom element, make sure to exclude it from component resolution via compilerOptions.isCustomElement. 
  at <IconButton icon="trash" class="text-wp-error-100" is-loading=false  ... > 
  at <SettingsTable key=3 min-width="820px" > 
  at <Crons ref="VTU_COMPONENT" > 
  at <VTUROOT>

stderr | src/views/repo/settings/Registries.test.ts > repository registries settings > ignores an obsolete rejection after returning to the same repository
[Vue warn]: Failed to resolve component: router-link
If this is a native custom element, make sure to exclude it from component resolution via compilerOptions.isCustomElement. 
  at <IconButton icon="edit" title="Edit registry" onClick=fn<onClick> > 
  at <SettingsTable key=3 min-width="660px" > 
  at <Registries ref="VTU_COMPONENT" > 
  at <VTUROOT>
[Vue warn]: Failed to resolve component: router-link
If this is a native custom element, make sure to exclude it from component resolution via compilerOptions.isCustomElement. 
  at <IconButton key=0 icon="trash" class="text-wp-error-100"  ... > 
  at <SettingsTable key=3 min-width="660px" > 
  at <Registries ref="VTU_COMPONENT" > 
  at <VTUROOT>
[Vue warn]: Failed to resolve component: router-link
If this is a native custom element, make sure to exclude it from component resolution via compilerOptions.isCustomElement. 
  at <IconButton icon="edit" title="Edit registry" onClick=fn<onClick> > 
  at <SettingsTable key=3 min-width="660px" > 
  at <Registries ref="VTU_COMPONENT" > 
  at <VTUROOT>
[Vue warn]: Failed to resolve component: router-link
If this is a native custom element, make sure to exclude it from component resolution via compilerOptions.isCustomElement. 
  at <IconButton key=0 icon="trash" class="text-wp-error-100"  ... > 
  at <SettingsTable key=3 min-width="660px" > 
  at <Registries ref="VTU_COMPONENT" > 
  at <VTUROOT>
[Vue warn]: Failed to resolve component: router-link
If this is a native custom element, make sure to exclude it from component resolution via compilerOptions.isCustomElement. 
  at <IconButton icon="edit" title="Edit registry" onClick=fn<onClick> > 
  at <SettingsTable key=3 min-width="660px" > 
  at <Registries ref="VTU_COMPONENT" > 
  at <VTUROOT>
[Vue warn]: Failed to resolve component: router-link
If this is a native custom element, make sure to exclude it from component resolution via compilerOptions.isCustomElement. 
  at <IconButton key=0 icon="trash" class="text-wp-error-100"  ... > 
  at <SettingsTable key=3 min-width="660px" > 
  at <Registries ref="VTU_COMPONENT" > 
  at <VTUROOT>
[Vue warn]: Failed to resolve component: router-link
If this is a native custom element, make sure to exclude it from component resolution via compilerOptions.isCustomElement. 
  at <IconButton icon="edit" title="Edit registry" onClick=fn<onClick> > 
  at <SettingsTable key=3 min-width="660px" > 
  at <Registries ref="VTU_COMPONENT" > 
  at <VTUROOT>
[Vue warn]: Failed to resolve component: router-link
If this is a native custom element, make sure to exclude it from component resolution via compilerOptions.isCustomElement. 
  at <IconButton key=0 icon="trash" class="text-wp-error-100"  ... > 
  at <SettingsTable key=3 min-width="660px" > 
  at <Registries ref="VTU_COMPONENT" > 
  at <VTUROOT>
[Vue warn]: Failed to resolve component: router-link
If this is a native custom element, make sure to exclude it from component resolution via compilerOptions.isCustomElement. 
  at <IconButton icon="edit" title="Edit registry" onClick=fn<onClick> > 
  at <SettingsTable key=3 min-width="660px" > 
  at <Registries ref="VTU_COMPONENT" > 
  at <VTUROOT>
[Vue warn]: Failed to resolve component: router-link
If this is a native custom element, make sure to exclude it from component resolution via compilerOptions.isCustomElement. 
  at <IconButton key=0 icon="trash" class="text-wp-error-100"  ... > 
  at <SettingsTable key=3 min-width="660px" > 
  at <Registries ref="VTU_COMPONENT" > 
  at <VTUROOT>

stderr | src/views/repo/settings/Registries.test.ts > repository registries settings > ignores an obsolete rejection after returning to the same repository
[Vue warn]: Failed to resolve component: router-link
If this is a native custom element, make sure to exclude it from component resolution via compilerOptions.isCustomElement. 
  at <IconButton icon="edit" title="Edit registry" onClick=fn<onClick> > 
  at <SettingsTable key=3 min-width="660px" > 
  at <Registries ref="VTU_COMPONENT" > 
  at <VTUROOT>
[Vue warn]: Failed to resolve component: router-link
If this is a native custom element, make sure to exclude it from component resolution via compilerOptions.isCustomElement. 
  at <IconButton key=0 icon="trash" class="text-wp-error-100"  ... > 
  at <SettingsTable key=3 min-width="660px" > 
  at <Registries ref="VTU_COMPONENT" > 
  at <VTUROOT>
[Vue warn]: Failed to resolve component: router-link
If this is a native custom element, make sure to exclude it from component resolution via compilerOptions.isCustomElement. 
  at <IconButton icon="edit" title="Edit registry" onClick=fn<onClick> > 
  at <SettingsTable key=3 min-width="660px" > 
  at <Registries ref="VTU_COMPONENT" > 
  at <VTUROOT>
[Vue warn]: Failed to resolve component: router-link
If this is a native custom element, make sure to exclude it from component resolution via compilerOptions.isCustomElement. 
  at <IconButton key=0 icon="trash" class="text-wp-error-100"  ... > 
  at <SettingsTable key=3 min-width="660px" > 
  at <Registries ref="VTU_COMPONENT" > 
  at <VTUROOT>
[Vue warn]: Failed to resolve component: router-link
If this is a native custom element, make sure to exclude it from component resolution via compilerOptions.isCustomElement. 
  at <IconButton icon="edit" title="Edit registry" onClick=fn<onClick> > 
  at <SettingsTable key=3 min-width="660px" > 
  at <Registries ref="VTU_COMPONENT" > 
  at <VTUROOT>
[Vue warn]: Failed to resolve component: router-link
If this is a native custom element, make sure to exclude it from component resolution via compilerOptions.isCustomElement. 
  at <IconButton key=0 icon="trash" class="text-wp-error-100"  ... > 
  at <SettingsTable key=3 min-width="660px" > 
  at <Registries ref="VTU_COMPONENT" > 
  at <VTUROOT>
[Vue warn]: Failed to resolve component: router-link
If this is a native custom element, make sure to exclude it from component resolution via compilerOptions.isCustomElement. 
  at <IconButton icon="edit" title="Edit registry" onClick=fn<onClick> > 
  at <SettingsTable key=3 min-width="660px" > 
  at <Registries ref="VTU_COMPONENT" > 
  at <VTUROOT>
[Vue warn]: Failed to resolve component: router-link
If this is a native custom element, make sure to exclude it from component resolution via compilerOptions.isCustomElement. 
  at <IconButton key=0 icon="trash" class="text-wp-error-100"  ... > 
  at <SettingsTable key=3 min-width="660px" > 
  at <Registries ref="VTU_COMPONENT" > 
  at <VTUROOT>
[Vue warn]: Failed to resolve component: router-link
If this is a native custom element, make sure to exclude it from component resolution via compilerOptions.isCustomElement. 
  at <IconButton icon="edit" title="Edit registry" onClick=fn<onClick> > 
  at <SettingsTable key=3 min-width="660px" > 
  at <Registries ref="VTU_COMPONENT" > 
  at <VTUROOT>
[Vue warn]: Failed to resolve component: router-link
If this is a native custom element, make sure to exclude it from component resolution via compilerOptions.isCustomElement. 
  at <IconButton key=0 icon="trash" class="text-wp-error-100"  ... > 
  at <SettingsTable key=3 min-width="660px" > 
  at <Registries ref="VTU_COMPONENT" > 
  at <VTUROOT>

stderr | src/views/repo/settings/Registries.test.ts > repository registries settings > ignores an obsolete rejection after returning to the same repository
[Vue warn]: Failed to resolve component: router-link
If this is a native custom element, make sure to exclude it from component resolution via compilerOptions.isCustomElement. 
  at <IconButton icon="edit" title="Edit registry" onClick=fn<onClick> > 
  at <SettingsTable key=3 min-width="660px" > 
  at <Registries ref="VTU_COMPONENT" > 
  at <VTUROOT>
[Vue warn]: Failed to resolve component: router-link
If this is a native custom element, make sure to exclude it from component resolution via compilerOptions.isCustomElement. 
  at <IconButton key=0 icon="trash" class="text-wp-error-100"  ... > 
  at <SettingsTable key=3 min-width="660px" > 
  at <Registries ref="VTU_COMPONENT" > 
  at <VTUROOT>
[Vue warn]: Failed to resolve component: router-link
If this is a native custom element, make sure to exclude it from component resolution via compilerOptions.isCustomElement. 
  at <IconButton icon="edit" title="Edit registry" onClick=fn<onClick> > 
  at <SettingsTable key=3 min-width="660px" > 
  at <Registries ref="VTU_COMPONENT" > 
  at <VTUROOT>
[Vue warn]: Failed to resolve component: router-link
If this is a native custom element, make sure to exclude it from component resolution via compilerOptions.isCustomElement. 
  at <IconButton key=0 icon="trash" class="text-wp-error-100"  ... > 
  at <SettingsTable key=3 min-width="660px" > 
  at <Registries ref="VTU_COMPONENT" > 
  at <VTUROOT>
[Vue warn]: Failed to resolve component: router-link
If this is a native custom element, make sure to exclude it from component resolution via compilerOptions.isCustomElement. 
  at <IconButton icon="edit" title="Edit registry" onClick=fn<onClick> > 
  at <SettingsTable key=3 min-width="660px" > 
  at <Registries ref="VTU_COMPONENT" > 
  at <VTUROOT>
[Vue warn]: Failed to resolve component: router-link
If this is a native custom element, make sure to exclude it from component resolution via compilerOptions.isCustomElement. 
  at <IconButton key=0 icon="trash" class="text-wp-error-100"  ... > 
  at <SettingsTable key=3 min-width="660px" > 
  at <Registries ref="VTU_COMPONENT" > 
  at <VTUROOT>
[Vue warn]: Failed to resolve component: router-link
If this is a native custom element, make sure to exclude it from component resolution via compilerOptions.isCustomElement. 
  at <IconButton icon="edit" title="Edit registry" onClick=fn<onClick> > 
  at <SettingsTable key=3 min-width="660px" > 
  at <Registries ref="VTU_COMPONENT" > 
  at <VTUROOT>
[Vue warn]: Failed to resolve component: router-link
If this is a native custom element, make sure to exclude it from component resolution via compilerOptions.isCustomElement. 
  at <IconButton key=0 icon="trash" class="text-wp-error-100"  ... > 
  at <SettingsTable key=3 min-width="660px" > 
  at <Registries ref="VTU_COMPONENT" > 
  at <VTUROOT>
[Vue warn]: Failed to resolve component: router-link
If this is a native custom element, make sure to exclude it from component resolution via compilerOptions.isCustomElement. 
  at <IconButton icon="edit" title="Edit registry" onClick=fn<onClick> > 
  at <SettingsTable key=3 min-width="660px" > 
  at <Registries ref="VTU_COMPONENT" > 
  at <VTUROOT>
[Vue warn]: Failed to resolve component: router-link
If this is a native custom element, make sure to exclude it from component resolution via compilerOptions.isCustomElement. 
  at <IconButton key=0 icon="trash" class="text-wp-error-100"  ... > 
  at <SettingsTable key=3 min-width="660px" > 
  at <Registries ref="VTU_COMPONENT" > 
  at <VTUROOT>

stderr | src/views/repo/settings/Crons.test.ts > repository cron settings > ignores an obsolete rejected refresh after the repository changes
[Vue warn]: Failed to resolve component: router-link
If this is a native custom element, make sure to exclude it from component resolution via compilerOptions.isCustomElement. 
  at <IconButton icon="play-outline" is-loading=false title="Run now"  ... > 
  at <SettingsTable key=3 min-width="820px" > 
  at <Crons ref="VTU_COMPONENT" > 
  at <VTUROOT>
[Vue warn]: Failed to resolve component: router-link
If this is a native custom element, make sure to exclude it from component resolution via compilerOptions.isCustomElement. 
  at <IconButton icon="edit" title="Edit cron" onClick=fn<onClick> > 
  at <SettingsTable key=3 min-width="820px" > 
  at <Crons ref="VTU_COMPONENT" > 
  at <VTUROOT>
[Vue warn]: Failed to resolve component: router-link
If this is a native custom element, make sure to exclude it from component resolution via compilerOptions.isCustomElement. 
  at <IconButton icon="trash" class="text-wp-error-100" is-loading=false  ... > 
  at <SettingsTable key=3 min-width="820px" > 
  at <Crons ref="VTU_COMPONENT" > 
  at <VTUROOT>
[Vue warn]: Failed to resolve component: router-link
If this is a native custom element, make sure to exclude it from component resolution via compilerOptions.isCustomElement. 
  at <IconButton icon="play-outline" is-loading=false title="Run now"  ... > 
  at <SettingsTable key=3 min-width="820px" > 
  at <Crons ref="VTU_COMPONENT" > 
  at <VTUROOT>
[Vue warn]: Failed to resolve component: router-link
If this is a native custom element, make sure to exclude it from component resolution via compilerOptions.isCustomElement. 
  at <IconButton icon="edit" title="Edit cron" onClick=fn<onClick> > 
  at <SettingsTable key=3 min-width="820px" > 
  at <Crons ref="VTU_COMPONENT" > 
  at <VTUROOT>
[Vue warn]: Failed to resolve component: router-link
If this is a native custom element, make sure to exclude it from component resolution via compilerOptions.isCustomElement. 
  at <IconButton icon="trash" class="text-wp-error-100" is-loading=false  ... > 
  at <SettingsTable key=3 min-width="820px" > 
  at <Crons ref="VTU_COMPONENT" > 
  at <VTUROOT>

stderr | src/views/repo/settings/Crons.test.ts > repository cron settings > ignores an obsolete rejected refresh after the repository changes
[Vue warn]: Failed to resolve component: router-link
If this is a native custom element, make sure to exclude it from component resolution via compilerOptions.isCustomElement. 
  at <IconButton icon="play-outline" is-loading=false title="Run now"  ... > 
  at <SettingsTable key=3 min-width="820px" > 
  at <Crons ref="VTU_COMPONENT" > 
  at <VTUROOT>
[Vue warn]: Failed to resolve component: router-link
If this is a native custom element, make sure to exclude it from component resolution via compilerOptions.isCustomElement. 
  at <IconButton icon="edit" title="Edit cron" onClick=fn<onClick> > 
  at <SettingsTable key=3 min-width="820px" > 
  at <Crons ref="VTU_COMPONENT" > 
  at <VTUROOT>
[Vue warn]: Failed to resolve component: router-link
If this is a native custom element, make sure to exclude it from component resolution via compilerOptions.isCustomElement. 
  at <IconButton icon="trash" class="text-wp-error-100" is-loading=false  ... > 
  at <SettingsTable key=3 min-width="820px" > 
  at <Crons ref="VTU_COMPONENT" > 
  at <VTUROOT>
[Vue warn]: Failed to resolve component: router-link
If this is a native custom element, make sure to exclude it from component resolution via compilerOptions.isCustomElement. 
  at <IconButton icon="play-outline" is-loading=false title="Run now"  ... > 
  at <SettingsTable key=3 min-width="820px" > 
  at <Crons ref="VTU_COMPONENT" > 
  at <VTUROOT>
[Vue warn]: Failed to resolve component: router-link
If this is a native custom element, make sure to exclude it from component resolution via compilerOptions.isCustomElement. 
  at <IconButton icon="edit" title="Edit cron" onClick=fn<onClick> > 
  at <SettingsTable key=3 min-width="820px" > 
  at <Crons ref="VTU_COMPONENT" > 
  at <VTUROOT>
[Vue warn]: Failed to resolve component: router-link
If this is a native custom element, make sure to exclude it from component resolution via compilerOptions.isCustomElement. 
  at <IconButton icon="trash" class="text-wp-error-100" is-loading=false  ... > 
  at <SettingsTable key=3 min-width="820px" > 
  at <Crons ref="VTU_COMPONENT" > 
  at <VTUROOT>
[Vue warn]: Failed to resolve component: router-link
If this is a native custom element, make sure to exclude it from component resolution via compilerOptions.isCustomElement. 
  at <IconButton icon="play-outline" is-loading=false title="Run now"  ... > 
  at <SettingsTable key=3 min-width="820px" > 
  at <Crons ref="VTU_COMPONENT" > 
  at <VTUROOT>
[Vue warn]: Failed to resolve component: router-link
If this is a native custom element, make sure to exclude it from component resolution via compilerOptions.isCustomElement. 
  at <IconButton icon="edit" title="Edit cron" onClick=fn<onClick> > 
  at <SettingsTable key=3 min-width="820px" > 
  at <Crons ref="VTU_COMPONENT" > 
  at <VTUROOT>
[Vue warn]: Failed to resolve component: router-link
If this is a native custom element, make sure to exclude it from component resolution via compilerOptions.isCustomElement. 
  at <IconButton icon="trash" class="text-wp-error-100" is-loading=false  ... > 
  at <SettingsTable key=3 min-width="820px" > 
  at <Crons ref="VTU_COMPONENT" > 
  at <VTUROOT>
[Vue warn]: Failed to resolve component: router-link
If this is a native custom element, make sure to exclude it from component resolution via compilerOptions.isCustomElement. 
  at <IconButton icon="play-outline" is-loading=false title="Run now"  ... > 
  at <SettingsTable key=3 min-width="820px" > 
  at <Crons ref="VTU_COMPONENT" > 
  at <VTUROOT>
[Vue warn]: Failed to resolve component: router-link
If this is a native custom element, make sure to exclude it from component resolution via compilerOptions.isCustomElement. 
  at <IconButton icon="edit" title="Edit cron" onClick=fn<onClick> > 
  at <SettingsTable key=3 min-width="820px" > 
  at <Crons ref="VTU_COMPONENT" > 
  at <VTUROOT>
[Vue warn]: Failed to resolve component: router-link
If this is a native custom element, make sure to exclude it from component resolution via compilerOptions.isCustomElement. 
  at <IconButton icon="trash" class="text-wp-error-100" is-loading=false  ... > 
  at <SettingsTable key=3 min-width="820px" > 
  at <Crons ref="VTU_COMPONENT" > 
  at <VTUROOT>
[Vue warn]: Failed to resolve component: router-link
If this is a native custom element, make sure to exclude it from component resolution via compilerOptions.isCustomElement. 
  at <IconButton icon="play-outline" is-loading=false title="Run now"  ... > 
  at <SettingsTable key=3 min-width="820px" > 
  at <Crons ref="VTU_COMPONENT" > 
  at <VTUROOT>
[Vue warn]: Failed to resolve component: router-link
If this is a native custom element, make sure to exclude it from component resolution via compilerOptions.isCustomElement. 
  at <IconButton icon="edit" title="Edit cron" onClick=fn<onClick> > 
  at <SettingsTable key=3 min-width="820px" > 
  at <Crons ref="VTU_COMPONENT" > 
  at <VTUROOT>
[Vue warn]: Failed to resolve component: router-link
If this is a native custom element, make sure to exclude it from component resolution via compilerOptions.isCustomElement. 
  at <IconButton icon="trash" class="text-wp-error-100" is-loading=false  ... > 
  at <SettingsTable key=3 min-width="820px" > 
  at <Crons ref="VTU_COMPONENT" > 
  at <VTUROOT>

stderr | src/views/repo/settings/Crons.test.ts > repository cron settings > ignores an obsolete rejection after returning to the same repository
[Vue warn]: Failed to resolve component: router-link
If this is a native custom element, make sure to exclude it from component resolution via compilerOptions.isCustomElement. 
  at <IconButton icon="play-outline" is-loading=false title="Run now"  ... > 
  at <SettingsTable key=3 min-width="820px" > 
  at <Crons ref="VTU_COMPONENT" > 
  at <VTUROOT>
[Vue warn]: Failed to resolve component: router-link
If this is a native custom element, make sure to exclude it from component resolution via compilerOptions.isCustomElement. 
  at <IconButton icon="edit" title="Edit cron" onClick=fn<onClick> > 
  at <SettingsTable key=3 min-width="820px" > 
  at <Crons ref="VTU_COMPONENT" > 
  at <VTUROOT>
[Vue warn]: Failed to resolve component: router-link
If this is a native custom element, make sure to exclude it from component resolution via compilerOptions.isCustomElement. 
  at <IconButton icon="trash" class="text-wp-error-100" is-loading=false  ... > 
  at <SettingsTable key=3 min-width="820px" > 
  at <Crons ref="VTU_COMPONENT" > 
  at <VTUROOT>
[Vue warn]: Failed to resolve component: router-link
If this is a native custom element, make sure to exclude it from component resolution via compilerOptions.isCustomElement. 
  at <IconButton icon="play-outline" is-loading=false title="Run now"  ... > 
  at <SettingsTable key=3 min-width="820px" > 
  at <Crons ref="VTU_COMPONENT" > 
  at <VTUROOT>
[Vue warn]: Failed to resolve component: router-link
If this is a native custom element, make sure to exclude it from component resolution via compilerOptions.isCustomElement. 
  at <IconButton icon="edit" title="Edit cron" onClick=fn<onClick> > 
  at <SettingsTable key=3 min-width="820px" > 
  at <Crons ref="VTU_COMPONENT" > 
  at <VTUROOT>
[Vue warn]: Failed to resolve component: router-link
If this is a native custom element, make sure to exclude it from component resolution via compilerOptions.isCustomElement. 
  at <IconButton icon="trash" class="text-wp-error-100" is-loading=false  ... > 
  at <SettingsTable key=3 min-width="820px" > 
  at <Crons ref="VTU_COMPONENT" > 
  at <VTUROOT>

stderr | src/views/repo/settings/Registries.test.ts > repository registries settings > does not close or reload the current editor when an obsolete save succeeds after returning to the same repository
[Vue warn]: Failed to resolve component: router-link
If this is a native custom element, make sure to exclude it from component resolution via compilerOptions.isCustomElement. 
  at <IconButton icon="edit" title="Edit registry" onClick=fn<onClick> > 
  at <SettingsTable key=3 min-width="660px" > 
  at <Registries ref="VTU_COMPONENT" > 
  at <VTUROOT>
[Vue warn]: Failed to resolve component: router-link
If this is a native custom element, make sure to exclude it from component resolution via compilerOptions.isCustomElement. 
  at <IconButton key=0 icon="trash" class="text-wp-error-100"  ... > 
  at <SettingsTable key=3 min-width="660px" > 
  at <Registries ref="VTU_COMPONENT" > 
  at <VTUROOT>
[Vue warn]: Failed to resolve component: router-link
If this is a native custom element, make sure to exclude it from component resolution via compilerOptions.isCustomElement. 
  at <IconButton icon="edit" title="Edit registry" onClick=fn<onClick> > 
  at <SettingsTable key=3 min-width="660px" > 
  at <Registries ref="VTU_COMPONENT" > 
  at <VTUROOT>
[Vue warn]: Failed to resolve component: router-link
If this is a native custom element, make sure to exclude it from component resolution via compilerOptions.isCustomElement. 
  at <IconButton key=0 icon="trash" class="text-wp-error-100"  ... > 
  at <SettingsTable key=3 min-width="660px" > 
  at <Registries ref="VTU_COMPONENT" > 
  at <VTUROOT>
[Vue warn]: Failed to resolve component: router-link
If this is a native custom element, make sure to exclude it from component resolution via compilerOptions.isCustomElement. 
  at <IconButton icon="edit" title="Edit registry" onClick=fn<onClick> > 
  at <SettingsTable key=3 min-width="660px" > 
  at <Registries ref="VTU_COMPONENT" > 
  at <VTUROOT>
[Vue warn]: Failed to resolve component: router-link
If this is a native custom element, make sure to exclude it from component resolution via compilerOptions.isCustomElement. 
  at <IconButton key=0 icon="trash" class="text-wp-error-100"  ... > 
  at <SettingsTable key=3 min-width="660px" > 
  at <Registries ref="VTU_COMPONENT" > 
  at <VTUROOT>
[Vue warn]: Failed to resolve component: router-link
If this is a native custom element, make sure to exclude it from component resolution via compilerOptions.isCustomElement. 
  at <IconButton icon="edit" title="Edit registry" onClick=fn<onClick> > 
  at <SettingsTable key=3 min-width="660px" > 
  at <Registries ref="VTU_COMPONENT" > 
  at <VTUROOT>
[Vue warn]: Failed to resolve component: router-link
If this is a native custom element, make sure to exclude it from component resolution via compilerOptions.isCustomElement. 
  at <IconButton key=0 icon="trash" class="text-wp-error-100"  ... > 
  at <SettingsTable key=3 min-width="660px" > 
  at <Registries ref="VTU_COMPONENT" > 
  at <VTUROOT>
[Vue warn]: Failed to resolve component: router-link
If this is a native custom element, make sure to exclude it from component resolution via compilerOptions.isCustomElement. 
  at <IconButton icon="edit" title="Edit registry" onClick=fn<onClick> > 
  at <SettingsTable key=3 min-width="660px" > 
  at <Registries ref="VTU_COMPONENT" > 
  at <VTUROOT>
[Vue warn]: Failed to resolve component: router-link
If this is a native custom element, make sure to exclude it from component resolution via compilerOptions.isCustomElement. 
  at <IconButton key=0 icon="trash" class="text-wp-error-100"  ... > 
  at <SettingsTable key=3 min-width="660px" > 
  at <Registries ref="VTU_COMPONENT" > 
  at <VTUROOT>
[Vue warn]: Failed to resolve component: router-link
If this is a native custom element, make sure to exclude it from component resolution via compilerOptions.isCustomElement. 
  at <IconButton icon="edit" title="Edit registry" onClick=fn<onClick> > 
  at <SettingsTable key=3 min-width="660px" > 
  at <Registries ref="VTU_COMPONENT" > 
  at <VTUROOT>
[Vue warn]: Failed to resolve component: router-link
If this is a native custom element, make sure to exclude it from component resolution via compilerOptions.isCustomElement. 
  at <IconButton key=0 icon="trash" class="text-wp-error-100"  ... > 
  at <SettingsTable key=3 min-width="660px" > 
  at <Registries ref="VTU_COMPONENT" > 
  at <VTUROOT>

stderr | src/views/repo/settings/Crons.test.ts > repository cron settings > ignores an obsolete rejection after returning to the same repository
[Vue warn]: Failed to resolve component: router-link
If this is a native custom element, make sure to exclude it from component resolution via compilerOptions.isCustomElement. 
  at <IconButton icon="play-outline" is-loading=false title="Run now"  ... > 
  at <SettingsTable key=3 min-width="820px" > 
  at <Crons ref="VTU_COMPONENT" > 
  at <VTUROOT>
[Vue warn]: Failed to resolve component: router-link
If this is a native custom element, make sure to exclude it from component resolution via compilerOptions.isCustomElement. 
  at <IconButton icon="edit" title="Edit cron" onClick=fn<onClick> > 
  at <SettingsTable key=3 min-width="820px" > 
  at <Crons ref="VTU_COMPONENT" > 
  at <VTUROOT>
[Vue warn]: Failed to resolve component: router-link
If this is a native custom element, make sure to exclude it from component resolution via compilerOptions.isCustomElement. 
  at <IconButton icon="trash" class="text-wp-error-100" is-loading=false  ... > 
  at <SettingsTable key=3 min-width="820px" > 
  at <Crons ref="VTU_COMPONENT" > 
  at <VTUROOT>
[Vue warn]: Failed to resolve component: router-link
If this is a native custom element, make sure to exclude it from component resolution via compilerOptions.isCustomElement. 
  at <IconButton icon="play-outline" is-loading=false title="Run now"  ... > 
  at <SettingsTable key=3 min-width="820px" > 
  at <Crons ref="VTU_COMPONENT" > 
  at <VTUROOT>
[Vue warn]: Failed to resolve component: router-link
If this is a native custom element, make sure to exclude it from component resolution via compilerOptions.isCustomElement. 
  at <IconButton icon="edit" title="Edit cron" onClick=fn<onClick> > 
  at <SettingsTable key=3 min-width="820px" > 
  at <Crons ref="VTU_COMPONENT" > 
  at <VTUROOT>
[Vue warn]: Failed to resolve component: router-link
If this is a native custom element, make sure to exclude it from component resolution via compilerOptions.isCustomElement. 
  at <IconButton icon="trash" class="text-wp-error-100" is-loading=false  ... > 
  at <SettingsTable key=3 min-width="820px" > 
  at <Crons ref="VTU_COMPONENT" > 
  at <VTUROOT>
[Vue warn]: Failed to resolve component: router-link
If this is a native custom element, make sure to exclude it from component resolution via compilerOptions.isCustomElement. 
  at <IconButton icon="play-outline" is-loading=false title="Run now"  ... > 
  at <SettingsTable key=3 min-width="820px" > 
  at <Crons ref="VTU_COMPONENT" > 
  at <VTUROOT>
[Vue warn]: Failed to resolve component: router-link
If this is a native custom element, make sure to exclude it from component resolution via compilerOptions.isCustomElement. 
  at <IconButton icon="edit" title="Edit cron" onClick=fn<onClick> > 
  at <SettingsTable key=3 min-width="820px" > 
  at <Crons ref="VTU_COMPONENT" > 
  at <VTUROOT>
[Vue warn]: Failed to resolve component: router-link
If this is a native custom element, make sure to exclude it from component resolution via compilerOptions.isCustomElement. 
  at <IconButton icon="trash" class="text-wp-error-100" is-loading=false  ... > 
  at <SettingsTable key=3 min-width="820px" > 
  at <Crons ref="VTU_COMPONENT" > 
  at <VTUROOT>
[Vue warn]: Failed to resolve component: router-link
If this is a native custom element, make sure to exclude it from component resolution via compilerOptions.isCustomElement. 
  at <IconButton icon="play-outline" is-loading=false title="Run now"  ... > 
  at <SettingsTable key=3 min-width="820px" > 
  at <Crons ref="VTU_COMPONENT" > 
  at <VTUROOT>
[Vue warn]: Failed to resolve component: router-link
If this is a native custom element, make sure to exclude it from component resolution via compilerOptions.isCustomElement. 
  at <IconButton icon="edit" title="Edit cron" onClick=fn<onClick> > 
  at <SettingsTable key=3 min-width="820px" > 
  at <Crons ref="VTU_COMPONENT" > 
  at <VTUROOT>
[Vue warn]: Failed to resolve component: router-link
If this is a native custom element, make sure to exclude it from component resolution via compilerOptions.isCustomElement. 
  at <IconButton icon="trash" class="text-wp-error-100" is-loading=false  ... > 
  at <SettingsTable key=3 min-width="820px" > 
  at <Crons ref="VTU_COMPONENT" > 
  at <VTUROOT>
[Vue warn]: Failed to resolve component: router-link
If this is a native custom element, make sure to exclude it from component resolution via compilerOptions.isCustomElement. 
  at <IconButton icon="play-outline" is-loading=false title="Run now"  ... > 
  at <SettingsTable key=3 min-width="820px" > 
  at <Crons ref="VTU_COMPONENT" > 
  at <VTUROOT>
[Vue warn]: Failed to resolve component: router-link
If this is a native custom element, make sure to exclude it from component resolution via compilerOptions.isCustomElement. 
  at <IconButton icon="edit" title="Edit cron" onClick=fn<onClick> > 
  at <SettingsTable key=3 min-width="820px" > 
  at <Crons ref="VTU_COMPONENT" > 
  at <VTUROOT>
[Vue warn]: Failed to resolve component: router-link
If this is a native custom element, make sure to exclude it from component resolution via compilerOptions.isCustomElement. 
  at <IconButton icon="trash" class="text-wp-error-100" is-loading=false  ... > 
  at <SettingsTable key=3 min-width="820px" > 
  at <Crons ref="VTU_COMPONENT" > 
  at <VTUROOT>
[Vue warn]: Failed to resolve component: router-link
If this is a native custom element, make sure to exclude it from component resolution via compilerOptions.isCustomElement. 
  at <IconButton icon="play-outline" is-loading=false title="Run now"  ... > 
  at <SettingsTable key=3 min-width="820px" > 
  at <Crons ref="VTU_COMPONENT" > 
  at <VTUROOT>
[Vue warn]: Failed to resolve component: router-link
If this is a native custom element, make sure to exclude it from component resolution via compilerOptions.isCustomElement. 
  at <IconButton icon="edit" title="Edit cron" onClick=fn<onClick> > 
  at <SettingsTable key=3 min-width="820px" > 
  at <Crons ref="VTU_COMPONENT" > 
  at <VTUROOT>
[Vue warn]: Failed to resolve component: router-link
If this is a native custom element, make sure to exclude it from component resolution via compilerOptions.isCustomElement. 
  at <IconButton icon="trash" class="text-wp-error-100" is-loading=false  ... > 
  at <SettingsTable key=3 min-width="820px" > 
  at <Crons ref="VTU_COMPONENT" > 
  at <VTUROOT>

stderr | src/views/repo/settings/Registries.test.ts > repository registries settings > does not close or reload the current editor when an obsolete save rejects after returning to the same repository
[Vue warn]: Failed to resolve component: router-link
If this is a native custom element, make sure to exclude it from component resolution via compilerOptions.isCustomElement. 
  at <IconButton icon="edit" title="Edit registry" onClick=fn<onClick> > 
  at <SettingsTable key=3 min-width="660px" > 
  at <Registries ref="VTU_COMPONENT" > 
  at <VTUROOT>
[Vue warn]: Failed to resolve component: router-link
If this is a native custom element, make sure to exclude it from component resolution via compilerOptions.isCustomElement. 
  at <IconButton key=0 icon="trash" class="text-wp-error-100"  ... > 
  at <SettingsTable key=3 min-width="660px" > 
  at <Registries ref="VTU_COMPONENT" > 
  at <VTUROOT>
[Vue warn]: Failed to resolve component: router-link
If this is a native custom element, make sure to exclude it from component resolution via compilerOptions.isCustomElement. 
  at <IconButton icon="edit" title="Edit registry" onClick=fn<onClick> > 
  at <SettingsTable key=3 min-width="660px" > 
  at <Registries ref="VTU_COMPONENT" > 
  at <VTUROOT>
[Vue warn]: Failed to resolve component: router-link
If this is a native custom element, make sure to exclude it from component resolution via compilerOptions.isCustomElement. 
  at <IconButton key=0 icon="trash" class="text-wp-error-100"  ... > 
  at <SettingsTable key=3 min-width="660px" > 
  at <Registries ref="VTU_COMPONENT" > 
  at <VTUROOT>
[Vue warn]: Failed to resolve component: router-link
If this is a native custom element, make sure to exclude it from component resolution via compilerOptions.isCustomElement. 
  at <IconButton icon="edit" title="Edit registry" onClick=fn<onClick> > 
  at <SettingsTable key=3 min-width="660px" > 
  at <Registries ref="VTU_COMPONENT" > 
  at <VTUROOT>
[Vue warn]: Failed to resolve component: router-link
If this is a native custom element, make sure to exclude it from component resolution via compilerOptions.isCustomElement. 
  at <IconButton key=0 icon="trash" class="text-wp-error-100"  ... > 
  at <SettingsTable key=3 min-width="660px" > 
  at <Registries ref="VTU_COMPONENT" > 
  at <VTUROOT>
[Vue warn]: Failed to resolve component: router-link
If this is a native custom element, make sure to exclude it from component resolution via compilerOptions.isCustomElement. 
  at <IconButton icon="edit" title="Edit registry" onClick=fn<onClick> > 
  at <SettingsTable key=3 min-width="660px" > 
  at <Registries ref="VTU_COMPONENT" > 
  at <VTUROOT>
[Vue warn]: Failed to resolve component: router-link
If this is a native custom element, make sure to exclude it from component resolution via compilerOptions.isCustomElement. 
  at <IconButton key=0 icon="trash" class="text-wp-error-100"  ... > 
  at <SettingsTable key=3 min-width="660px" > 
  at <Registries ref="VTU_COMPONENT" > 
  at <VTUROOT>
[Vue warn]: Failed to resolve component: router-link
If this is a native custom element, make sure to exclude it from component resolution via compilerOptions.isCustomElement. 
  at <IconButton icon="edit" title="Edit registry" onClick=fn<onClick> > 
  at <SettingsTable key=3 min-width="660px" > 
  at <Registries ref="VTU_COMPONENT" > 
  at <VTUROOT>
[Vue warn]: Failed to resolve component: router-link
If this is a native custom element, make sure to exclude it from component resolution via compilerOptions.isCustomElement. 
  at <IconButton key=0 icon="trash" class="text-wp-error-100"  ... > 
  at <SettingsTable key=3 min-width="660px" > 
  at <Registries ref="VTU_COMPONENT" > 
  at <VTUROOT>
[Vue warn]: Failed to resolve component: router-link
If this is a native custom element, make sure to exclude it from component resolution via compilerOptions.isCustomElement. 
  at <IconButton icon="edit" title="Edit registry" onClick=fn<onClick> > 
  at <SettingsTable key=3 min-width="660px" > 
  at <Registries ref="VTU_COMPONENT" > 
  at <VTUROOT>
[Vue warn]: Failed to resolve component: router-link
If this is a native custom element, make sure to exclude it from component resolution via compilerOptions.isCustomElement. 
  at <IconButton key=0 icon="trash" class="text-wp-error-100"  ... > 
  at <SettingsTable key=3 min-width="660px" > 
  at <Registries ref="VTU_COMPONENT" > 
  at <VTUROOT>

stderr | src/views/repo/settings/Crons.test.ts > repository cron settings > ignores an obsolete rejection after returning to the same repository
[Vue warn]: Failed to resolve component: router-link
If this is a native custom element, make sure to exclude it from component resolution via compilerOptions.isCustomElement. 
  at <IconButton icon="play-outline" is-loading=false title="Run now"  ... > 
  at <SettingsTable key=3 min-width="820px" > 
  at <Crons ref="VTU_COMPONENT" > 
  at <VTUROOT>
[Vue warn]: Failed to resolve component: router-link
If this is a native custom element, make sure to exclude it from component resolution via compilerOptions.isCustomElement. 
  at <IconButton icon="edit" title="Edit cron" onClick=fn<onClick> > 
  at <SettingsTable key=3 min-width="820px" > 
  at <Crons ref="VTU_COMPONENT" > 
  at <VTUROOT>
[Vue warn]: Failed to resolve component: router-link
If this is a native custom element, make sure to exclude it from component resolution via compilerOptions.isCustomElement. 
  at <IconButton icon="trash" class="text-wp-error-100" is-loading=false  ... > 
  at <SettingsTable key=3 min-width="820px" > 
  at <Crons ref="VTU_COMPONENT" > 
  at <VTUROOT>
[Vue warn]: Failed to resolve component: router-link
If this is a native custom element, make sure to exclude it from component resolution via compilerOptions.isCustomElement. 
  at <IconButton icon="play-outline" is-loading=false title="Run now"  ... > 
  at <SettingsTable key=3 min-width="820px" > 
  at <Crons ref="VTU_COMPONENT" > 
  at <VTUROOT>
[Vue warn]: Failed to resolve component: router-link
If this is a native custom element, make sure to exclude it from component resolution via compilerOptions.isCustomElement. 
  at <IconButton icon="edit" title="Edit cron" onClick=fn<onClick> > 
  at <SettingsTable key=3 min-width="820px" > 
  at <Crons ref="VTU_COMPONENT" > 
  at <VTUROOT>
[Vue warn]: Failed to resolve component: router-link
If this is a native custom element, make sure to exclude it from component resolution via compilerOptions.isCustomElement. 
  at <IconButton icon="trash" class="text-wp-error-100" is-loading=false  ... > 
  at <SettingsTable key=3 min-width="820px" > 
  at <Crons ref="VTU_COMPONENT" > 
  at <VTUROOT>
[Vue warn]: Failed to resolve component: router-link
If this is a native custom element, make sure to exclude it from component resolution via compilerOptions.isCustomElement. 
  at <IconButton icon="play-outline" is-loading=false title="Run now"  ... > 
  at <SettingsTable key=3 min-width="820px" > 
  at <Crons ref="VTU_COMPONENT" > 
  at <VTUROOT>
[Vue warn]: Failed to resolve component: router-link
If this is a native custom element, make sure to exclude it from component resolution via compilerOptions.isCustomElement. 
  at <IconButton icon="edit" title="Edit cron" onClick=fn<onClick> > 
  at <SettingsTable key=3 min-width="820px" > 
  at <Crons ref="VTU_COMPONENT" > 
  at <VTUROOT>
[Vue warn]: Failed to resolve component: router-link
If this is a native custom element, make sure to exclude it from component resolution via compilerOptions.isCustomElement. 
  at <IconButton icon="trash" class="text-wp-error-100" is-loading=false  ... > 
  at <SettingsTable key=3 min-width="820px" > 
  at <Crons ref="VTU_COMPONENT" > 
  at <VTUROOT>
[Vue warn]: Failed to resolve component: router-link
If this is a native custom element, make sure to exclude it from component resolution via compilerOptions.isCustomElement. 
  at <IconButton icon="play-outline" is-loading=false title="Run now"  ... > 
  at <SettingsTable key=3 min-width="820px" > 
  at <Crons ref="VTU_COMPONENT" > 
  at <VTUROOT>
[Vue warn]: Failed to resolve component: router-link
If this is a native custom element, make sure to exclude it from component resolution via compilerOptions.isCustomElement. 
  at <IconButton icon="edit" title="Edit cron" onClick=fn<onClick> > 
  at <SettingsTable key=3 min-width="820px" > 
  at <Crons ref="VTU_COMPONENT" > 
  at <VTUROOT>
[Vue warn]: Failed to resolve component: router-link
If this is a native custom element, make sure to exclude it from component resolution via compilerOptions.isCustomElement. 
  at <IconButton icon="trash" class="text-wp-error-100" is-loading=false  ... > 
  at <SettingsTable key=3 min-width="820px" > 
  at <Crons ref="VTU_COMPONENT" > 
  at <VTUROOT>
[Vue warn]: Failed to resolve component: router-link
If this is a native custom element, make sure to exclude it from component resolution via compilerOptions.isCustomElement. 
  at <IconButton icon="play-outline" is-loading=false title="Run now"  ... > 
  at <SettingsTable key=3 min-width="820px" > 
  at <Crons ref="VTU_COMPONENT" > 
  at <VTUROOT>
[Vue warn]: Failed to resolve component: router-link
If this is a native custom element, make sure to exclude it from component resolution via compilerOptions.isCustomElement. 
  at <IconButton icon="edit" title="Edit cron" onClick=fn<onClick> > 
  at <SettingsTable key=3 min-width="820px" > 
  at <Crons ref="VTU_COMPONENT" > 
  at <VTUROOT>
[Vue warn]: Failed to resolve component: router-link
If this is a native custom element, make sure to exclude it from component resolution via compilerOptions.isCustomElement. 
  at <IconButton icon="trash" class="text-wp-error-100" is-loading=false  ... > 
  at <SettingsTable key=3 min-width="820px" > 
  at <Crons ref="VTU_COMPONENT" > 
  at <VTUROOT>
[Vue warn]: Failed to resolve component: router-link
If this is a native custom element, make sure to exclude it from component resolution via compilerOptions.isCustomElement. 
  at <IconButton icon="play-outline" is-loading=false title="Run now"  ... > 
  at <SettingsTable key=3 min-width="820px" > 
  at <Crons ref="VTU_COMPONENT" > 
  at <VTUROOT>
[Vue warn]: Failed to resolve component: router-link
If this is a native custom element, make sure to exclude it from component resolution via compilerOptions.isCustomElement. 
  at <IconButton icon="edit" title="Edit cron" onClick=fn<onClick> > 
  at <SettingsTable key=3 min-width="820px" > 
  at <Crons ref="VTU_COMPONENT" > 
  at <VTUROOT>
[Vue warn]: Failed to resolve component: router-link
If this is a native custom element, make sure to exclude it from component resolution via compilerOptions.isCustomElement. 
  at <IconButton icon="trash" class="text-wp-error-100" is-loading=false  ... > 
  at <SettingsTable key=3 min-width="820px" > 
  at <Crons ref="VTU_COMPONENT" > 
  at <VTUROOT>

stderr | src/views/repo/settings/Crons.test.ts > repository cron settings > ignores an obsolete rejection after returning to the same repository
[Vue warn]: Failed to resolve component: router-link
If this is a native custom element, make sure to exclude it from component resolution via compilerOptions.isCustomElement. 
  at <IconButton icon="play-outline" is-loading=false title="Run now"  ... > 
  at <SettingsTable key=3 min-width="820px" > 
  at <Crons ref="VTU_COMPONENT" > 
  at <VTUROOT>
[Vue warn]: Failed to resolve component: router-link
If this is a native custom element, make sure to exclude it from component resolution via compilerOptions.isCustomElement. 
  at <IconButton icon="edit" title="Edit cron" onClick=fn<onClick> > 
  at <SettingsTable key=3 min-width="820px" > 
  at <Crons ref="VTU_COMPONENT" > 
  at <VTUROOT>
[Vue warn]: Failed to resolve component: router-link
If this is a native custom element, make sure to exclude it from component resolution via compilerOptions.isCustomElement. 
  at <IconButton icon="trash" class="text-wp-error-100" is-loading=false  ... > 
  at <SettingsTable key=3 min-width="820px" > 
  at <Crons ref="VTU_COMPONENT" > 
  at <VTUROOT>
[Vue warn]: Failed to resolve component: router-link
If this is a native custom element, make sure to exclude it from component resolution via compilerOptions.isCustomElement. 
  at <IconButton icon="play-outline" is-loading=false title="Run now"  ... > 
  at <SettingsTable key=3 min-width="820px" > 
  at <Crons ref="VTU_COMPONENT" > 
  at <VTUROOT>
[Vue warn]: Failed to resolve component: router-link
If this is a native custom element, make sure to exclude it from component resolution via compilerOptions.isCustomElement. 
  at <IconButton icon="edit" title="Edit cron" onClick=fn<onClick> > 
  at <SettingsTable key=3 min-width="820px" > 
  at <Crons ref="VTU_COMPONENT" > 
  at <VTUROOT>
[Vue warn]: Failed to resolve component: router-link
If this is a native custom element, make sure to exclude it from component resolution via compilerOptions.isCustomElement. 
  at <IconButton icon="trash" class="text-wp-error-100" is-loading=false  ... > 
  at <SettingsTable key=3 min-width="820px" > 
  at <Crons ref="VTU_COMPONENT" > 
  at <VTUROOT>
[Vue warn]: Failed to resolve component: router-link
If this is a native custom element, make sure to exclude it from component resolution via compilerOptions.isCustomElement. 
  at <IconButton icon="play-outline" is-loading=false title="Run now"  ... > 
  at <SettingsTable key=3 min-width="820px" > 
  at <Crons ref="VTU_COMPONENT" > 
  at <VTUROOT>
[Vue warn]: Failed to resolve component: router-link
If this is a native custom element, make sure to exclude it from component resolution via compilerOptions.isCustomElement. 
  at <IconButton icon="edit" title="Edit cron" onClick=fn<onClick> > 
  at <SettingsTable key=3 min-width="820px" > 
  at <Crons ref="VTU_COMPONENT" > 
  at <VTUROOT>
[Vue warn]: Failed to resolve component: router-link
If this is a native custom element, make sure to exclude it from component resolution via compilerOptions.isCustomElement. 
  at <IconButton icon="trash" class="text-wp-error-100" is-loading=false  ... > 
  at <SettingsTable key=3 min-width="820px" > 
  at <Crons ref="VTU_COMPONENT" > 
  at <VTUROOT>
[Vue warn]: Failed to resolve component: router-link
If this is a native custom element, make sure to exclude it from component resolution via compilerOptions.isCustomElement. 
  at <IconButton icon="play-outline" is-loading=false title="Run now"  ... > 
  at <SettingsTable key=3 min-width="820px" > 
  at <Crons ref="VTU_COMPONENT" > 
  at <VTUROOT>
[Vue warn]: Failed to resolve component: router-link
If this is a native custom element, make sure to exclude it from component resolution via compilerOptions.isCustomElement. 
  at <IconButton icon="edit" title="Edit cron" onClick=fn<onClick> > 
  at <SettingsTable key=3 min-width="820px" > 
  at <Crons ref="VTU_COMPONENT" > 
  at <VTUROOT>
[Vue warn]: Failed to resolve component: router-link
If this is a native custom element, make sure to exclude it from component resolution via compilerOptions.isCustomElement. 
  at <IconButton icon="trash" class="text-wp-error-100" is-loading=false  ... > 
  at <SettingsTable key=3 min-width="820px" > 
  at <Crons ref="VTU_COMPONENT" > 
  at <VTUROOT>
[Vue warn]: Failed to resolve component: router-link
If this is a native custom element, make sure to exclude it from component resolution via compilerOptions.isCustomElement. 
  at <IconButton icon="play-outline" is-loading=false title="Run now"  ... > 
  at <SettingsTable key=3 min-width="820px" > 
  at <Crons ref="VTU_COMPONENT" > 
  at <VTUROOT>
[Vue warn]: Failed to resolve component: router-link
If this is a native custom element, make sure to exclude it from component resolution via compilerOptions.isCustomElement. 
  at <IconButton icon="edit" title="Edit cron" onClick=fn<onClick> > 
  at <SettingsTable key=3 min-width="820px" > 
  at <Crons ref="VTU_COMPONENT" > 
  at <VTUROOT>
[Vue warn]: Failed to resolve component: router-link
If this is a native custom element, make sure to exclude it from component resolution via compilerOptions.isCustomElement. 
  at <IconButton icon="trash" class="text-wp-error-100" is-loading=false  ... > 
  at <SettingsTable key=3 min-width="820px" > 
  at <Crons ref="VTU_COMPONENT" > 
  at <VTUROOT>
[Vue warn]: Failed to resolve component: router-link
If this is a native custom element, make sure to exclude it from component resolution via compilerOptions.isCustomElement. 
  at <IconButton icon="play-outline" is-loading=false title="Run now"  ... > 
  at <SettingsTable key=3 min-width="820px" > 
  at <Crons ref="VTU_COMPONENT" > 
  at <VTUROOT>
[Vue warn]: Failed to resolve component: router-link
If this is a native custom element, make sure to exclude it from component resolution via compilerOptions.isCustomElement. 
  at <IconButton icon="edit" title="Edit cron" onClick=fn<onClick> > 
  at <SettingsTable key=3 min-width="820px" > 
  at <Crons ref="VTU_COMPONENT" > 
  at <VTUROOT>
[Vue warn]: Failed to resolve component: router-link
If this is a native custom element, make sure to exclude it from component resolution via compilerOptions.isCustomElement. 
  at <IconButton icon="trash" class="text-wp-error-100" is-loading=false  ... > 
  at <SettingsTable key=3 min-width="820px" > 
  at <Crons ref="VTU_COMPONENT" > 
  at <VTUROOT>

stderr | src/views/repo/settings/Registries.test.ts > repository registries settings > does not announce or reload when an obsolete deletion completes after returning to the same repository
[Vue warn]: Failed to resolve component: router-link
If this is a native custom element, make sure to exclude it from component resolution via compilerOptions.isCustomElement. 
  at <IconButton icon="edit" title="Edit registry" onClick=fn<onClick> > 
  at <SettingsTable key=3 min-width="660px" > 
  at <Registries ref="VTU_COMPONENT" > 
  at <VTUROOT>
[Vue warn]: Failed to resolve component: router-link
If this is a native custom element, make sure to exclude it from component resolution via compilerOptions.isCustomElement. 
  at <IconButton key=0 icon="trash" class="text-wp-error-100"  ... > 
  at <SettingsTable key=3 min-width="660px" > 
  at <Registries ref="VTU_COMPONENT" > 
  at <VTUROOT>
[Vue warn]: Failed to resolve component: router-link
If this is a native custom element, make sure to exclude it from component resolution via compilerOptions.isCustomElement. 
  at <IconButton icon="edit" title="Edit registry" onClick=fn<onClick> > 
  at <SettingsTable key=3 min-width="660px" > 
  at <Registries ref="VTU_COMPONENT" > 
  at <VTUROOT>
[Vue warn]: Failed to resolve component: router-link
If this is a native custom element, make sure to exclude it from component resolution via compilerOptions.isCustomElement. 
  at <IconButton key=0 icon="trash" class="text-wp-error-100"  ... > 
  at <SettingsTable key=3 min-width="660px" > 
  at <Registries ref="VTU_COMPONENT" > 
  at <VTUROOT>
[Vue warn]: Failed to resolve component: router-link
If this is a native custom element, make sure to exclude it from component resolution via compilerOptions.isCustomElement. 
  at <IconButton icon="edit" title="Edit registry" onClick=fn<onClick> > 
  at <SettingsTable key=3 min-width="660px" > 
  at <Registries ref="VTU_COMPONENT" > 
  at <VTUROOT>
[Vue warn]: Failed to resolve component: router-link
If this is a native custom element, make sure to exclude it from component resolution via compilerOptions.isCustomElement. 
  at <IconButton key=0 icon="trash" class="text-wp-error-100"  ... > 
  at <SettingsTable key=3 min-width="660px" > 
  at <Registries ref="VTU_COMPONENT" > 
  at <VTUROOT>
[Vue warn]: Failed to resolve component: router-link
If this is a native custom element, make sure to exclude it from component resolution via compilerOptions.isCustomElement. 
  at <IconButton icon="edit" title="Edit registry" onClick=fn<onClick> > 
  at <SettingsTable key=3 min-width="660px" > 
  at <Registries ref="VTU_COMPONENT" > 
  at <VTUROOT>
[Vue warn]: Failed to resolve component: router-link
If this is a native custom element, make sure to exclude it from component resolution via compilerOptions.isCustomElement. 
  at <IconButton key=0 icon="trash" class="text-wp-error-100"  ... > 
  at <SettingsTable key=3 min-width="660px" > 
  at <Registries ref="VTU_COMPONENT" > 
  at <VTUROOT>
[Vue warn]: Failed to resolve component: router-link
If this is a native custom element, make sure to exclude it from component resolution via compilerOptions.isCustomElement. 
  at <IconButton icon="edit" title="Edit registry" onClick=fn<onClick> > 
  at <SettingsTable key=3 min-width="660px" > 
  at <Registries ref="VTU_COMPONENT" > 
  at <VTUROOT>
[Vue warn]: Failed to resolve component: router-link
If this is a native custom element, make sure to exclude it from component resolution via compilerOptions.isCustomElement. 
  at <IconButton key=0 icon="trash" class="text-wp-error-100"  ... > 
  at <SettingsTable key=3 min-width="660px" > 
  at <Registries ref="VTU_COMPONENT" > 
  at <VTUROOT>
[Vue warn]: Failed to resolve component: router-link
If this is a native custom element, make sure to exclude it from component resolution via compilerOptions.isCustomElement. 
  at <IconButton icon="edit" title="Edit registry" onClick=fn<onClick> > 
  at <SettingsTable key=3 min-width="660px" > 
  at <Registries ref="VTU_COMPONENT" > 
  at <VTUROOT>
[Vue warn]: Failed to resolve component: router-link
If this is a native custom element, make sure to exclude it from component resolution via compilerOptions.isCustomElement. 
  at <IconButton key=0 icon="trash" class="text-wp-error-100"  ... > 
  at <SettingsTable key=3 min-width="660px" > 
  at <Registries ref="VTU_COMPONENT" > 
  at <VTUROOT>

stderr | src/views/repo/settings/Registries.test.ts > repository registries settings > clears editor state and reloads when the repository changes
[Vue warn]: Failed to resolve component: router-link
If this is a native custom element, make sure to exclude it from component resolution via compilerOptions.isCustomElement. 
  at <IconButton icon="edit" title="Edit registry" onClick=fn<onClick> > 
  at <SettingsTable key=3 min-width="660px" > 
  at <Registries ref="VTU_COMPONENT" > 
  at <VTUROOT>
[Vue warn]: Failed to resolve component: router-link
If this is a native custom element, make sure to exclude it from component resolution via compilerOptions.isCustomElement. 
  at <IconButton key=0 icon="trash" class="text-wp-error-100"  ... > 
  at <SettingsTable key=3 min-width="660px" > 
  at <Registries ref="VTU_COMPONENT" > 
  at <VTUROOT>
[Vue warn]: Failed to resolve component: router-link
If this is a native custom element, make sure to exclude it from component resolution via compilerOptions.isCustomElement. 
  at <IconButton icon="edit" title="Edit registry" onClick=fn<onClick> > 
  at <SettingsTable key=3 min-width="660px" > 
  at <Registries ref="VTU_COMPONENT" > 
  at <VTUROOT>
[Vue warn]: Failed to resolve component: router-link
If this is a native custom element, make sure to exclude it from component resolution via compilerOptions.isCustomElement. 
  at <IconButton key=0 icon="trash" class="text-wp-error-100"  ... > 
  at <SettingsTable key=3 min-width="660px" > 
  at <Registries ref="VTU_COMPONENT" > 
  at <VTUROOT>
[Vue warn]: Failed to resolve component: router-link
If this is a native custom element, make sure to exclude it from component resolution via compilerOptions.isCustomElement. 
  at <IconButton icon="edit" title="Edit registry" onClick=fn<onClick> > 
  at <SettingsTable key=3 min-width="660px" > 
  at <Registries ref="VTU_COMPONENT" > 
  at <VTUROOT>
[Vue warn]: Failed to resolve component: router-link
If this is a native custom element, make sure to exclude it from component resolution via compilerOptions.isCustomElement. 
  at <IconButton key=0 icon="trash" class="text-wp-error-100"  ... > 
  at <SettingsTable key=3 min-width="660px" > 
  at <Registries ref="VTU_COMPONENT" > 
  at <VTUROOT>
[Vue warn]: Failed to resolve component: router-link
If this is a native custom element, make sure to exclude it from component resolution via compilerOptions.isCustomElement. 
  at <IconButton icon="edit" title="Edit registry" onClick=fn<onClick> > 
  at <SettingsTable key=3 min-width="660px" > 
  at <Registries ref="VTU_COMPONENT" > 
  at <VTUROOT>
[Vue warn]: Failed to resolve component: router-link
If this is a native custom element, make sure to exclude it from component resolution via compilerOptions.isCustomElement. 
  at <IconButton key=0 icon="trash" class="text-wp-error-100"  ... > 
  at <SettingsTable key=3 min-width="660px" > 
  at <Registries ref="VTU_COMPONENT" > 
  at <VTUROOT>
[Vue warn]: Failed to resolve component: router-link
If this is a native custom element, make sure to exclude it from component resolution via compilerOptions.isCustomElement. 
  at <IconButton icon="edit" title="Edit registry" onClick=fn<onClick> > 
  at <SettingsTable key=3 min-width="660px" > 
  at <Registries ref="VTU_COMPONENT" > 
  at <VTUROOT>
[Vue warn]: Failed to resolve component: router-link
If this is a native custom element, make sure to exclude it from component resolution via compilerOptions.isCustomElement. 
  at <IconButton key=0 icon="trash" class="text-wp-error-100"  ... > 
  at <SettingsTable key=3 min-width="660px" > 
  at <Registries ref="VTU_COMPONENT" > 
  at <VTUROOT>
[Vue warn]: Failed to resolve component: router-link
If this is a native custom element, make sure to exclude it from component resolution via compilerOptions.isCustomElement. 
  at <IconButton icon="edit" title="Edit registry" onClick=fn<onClick> > 
  at <SettingsTable key=3 min-width="660px" > 
  at <Registries ref="VTU_COMPONENT" > 
  at <VTUROOT>
[Vue warn]: Failed to resolve component: router-link
If this is a native custom element, make sure to exclude it from component resolution via compilerOptions.isCustomElement. 
  at <IconButton key=0 icon="trash" class="text-wp-error-100"  ... > 
  at <SettingsTable key=3 min-width="660px" > 
  at <Registries ref="VTU_COMPONENT" > 
  at <VTUROOT>
[Vue warn]: Failed to resolve component: router-link
If this is a native custom element, make sure to exclude it from component resolution via compilerOptions.isCustomElement. 
  at <IconButton icon="edit" title="Edit registry" onClick=fn<onClick> > 
  at <SettingsTable key=3 min-width="660px" > 
  at <Registries ref="VTU_COMPONENT" > 
  at <VTUROOT>
[Vue warn]: Failed to resolve component: router-link
If this is a native custom element, make sure to exclude it from component resolution via compilerOptions.isCustomElement. 
  at <IconButton key=0 icon="trash" class="text-wp-error-100"  ... > 
  at <SettingsTable key=3 min-width="660px" > 
  at <Registries ref="VTU_COMPONENT" > 
  at <VTUROOT>

stderr | src/views/repo/settings/Crons.test.ts > repository cron settings > keeps confirmed cron rows unchanged after canceling or failing an edit
[Vue warn]: Failed to resolve component: router-link
If this is a native custom element, make sure to exclude it from component resolution via compilerOptions.isCustomElement. 
  at <IconButton icon="play-outline" is-loading=false title="Run now"  ... > 
  at <SettingsTable key=3 min-width="820px" > 
  at <Crons ref="VTU_COMPONENT" > 
  at <VTUROOT>
[Vue warn]: Failed to resolve component: router-link
If this is a native custom element, make sure to exclude it from component resolution via compilerOptions.isCustomElement. 
  at <IconButton icon="edit" title="Edit cron" onClick=fn<onClick> > 
  at <SettingsTable key=3 min-width="820px" > 
  at <Crons ref="VTU_COMPONENT" > 
  at <VTUROOT>
[Vue warn]: Failed to resolve component: router-link
If this is a native custom element, make sure to exclude it from component resolution via compilerOptions.isCustomElement. 
  at <IconButton icon="trash" class="text-wp-error-100" is-loading=false  ... > 
  at <SettingsTable key=3 min-width="820px" > 
  at <Crons ref="VTU_COMPONENT" > 
  at <VTUROOT>
[Vue warn]: Failed to resolve component: router-link
If this is a native custom element, make sure to exclude it from component resolution via compilerOptions.isCustomElement. 
  at <IconButton icon="play-outline" is-loading=false title="Run now"  ... > 
  at <SettingsTable key=3 min-width="820px" > 
  at <Crons ref="VTU_COMPONENT" > 
  at <VTUROOT>
[Vue warn]: Failed to resolve component: router-link
If this is a native custom element, make sure to exclude it from component resolution via compilerOptions.isCustomElement. 
  at <IconButton icon="edit" title="Edit cron" onClick=fn<onClick> > 
  at <SettingsTable key=3 min-width="820px" > 
  at <Crons ref="VTU_COMPONENT" > 
  at <VTUROOT>
[Vue warn]: Failed to resolve component: router-link
If this is a native custom element, make sure to exclude it from component resolution via compilerOptions.isCustomElement. 
  at <IconButton icon="trash" class="text-wp-error-100" is-loading=false  ... > 
  at <SettingsTable key=3 min-width="820px" > 
  at <Crons ref="VTU_COMPONENT" > 
  at <VTUROOT>
[Vue warn]: Failed to resolve component: router-link
If this is a native custom element, make sure to exclude it from component resolution via compilerOptions.isCustomElement. 
  at <IconButton icon="play-outline" is-loading=false title="Run now"  ... > 
  at <SettingsTable key=3 min-width="820px" > 
  at <Crons ref="VTU_COMPONENT" > 
  at <VTUROOT>
[Vue warn]: Failed to resolve component: router-link
If this is a native custom element, make sure to exclude it from component resolution via compilerOptions.isCustomElement. 
  at <IconButton icon="edit" title="Edit cron" onClick=fn<onClick> > 
  at <SettingsTable key=3 min-width="820px" > 
  at <Crons ref="VTU_COMPONENT" > 
  at <VTUROOT>
[Vue warn]: Failed to resolve component: router-link
If this is a native custom element, make sure to exclude it from component resolution via compilerOptions.isCustomElement. 
  at <IconButton icon="trash" class="text-wp-error-100" is-loading=false  ... > 
  at <SettingsTable key=3 min-width="820px" > 
  at <Crons ref="VTU_COMPONENT" > 
  at <VTUROOT>
[Vue warn]: Failed to resolve component: router-link
If this is a native custom element, make sure to exclude it from component resolution via compilerOptions.isCustomElement. 
  at <IconButton icon="play-outline" is-loading=false title="Run now"  ... > 
  at <SettingsTable key=3 min-width="820px" > 
  at <Crons ref="VTU_COMPONENT" > 
  at <VTUROOT>
[Vue warn]: Failed to resolve component: router-link
If this is a native custom element, make sure to exclude it from component resolution via compilerOptions.isCustomElement. 
  at <IconButton icon="edit" title="Edit cron" onClick=fn<onClick> > 
  at <SettingsTable key=3 min-width="820px" > 
  at <Crons ref="VTU_COMPONENT" > 
  at <VTUROOT>
[Vue warn]: Failed to resolve component: router-link
If this is a native custom element, make sure to exclude it from component resolution via compilerOptions.isCustomElement. 
  at <IconButton icon="trash" class="text-wp-error-100" is-loading=false  ... > 
  at <SettingsTable key=3 min-width="820px" > 
  at <Crons ref="VTU_COMPONENT" > 
  at <VTUROOT>
[Vue warn]: Failed to resolve component: router-link
If this is a native custom element, make sure to exclude it from component resolution via compilerOptions.isCustomElement. 
  at <IconButton icon="play-outline" is-loading=false title="Run now"  ... > 
  at <SettingsTable key=3 min-width="820px" > 
  at <Crons ref="VTU_COMPONENT" > 
  at <VTUROOT>
[Vue warn]: Failed to resolve component: router-link
If this is a native custom element, make sure to exclude it from component resolution via compilerOptions.isCustomElement. 
  at <IconButton icon="edit" title="Edit cron" onClick=fn<onClick> > 
  at <SettingsTable key=3 min-width="820px" > 
  at <Crons ref="VTU_COMPONENT" > 
  at <VTUROOT>
[Vue warn]: Failed to resolve component: router-link
If this is a native custom element, make sure to exclude it from component resolution via compilerOptions.isCustomElement. 
  at <IconButton icon="trash" class="text-wp-error-100" is-loading=false  ... > 
  at <SettingsTable key=3 min-width="820px" > 
  at <Crons ref="VTU_COMPONENT" > 
  at <VTUROOT>
[Vue warn]: Failed to resolve component: router-link
If this is a native custom element, make sure to exclude it from component resolution via compilerOptions.isCustomElement. 
  at <IconButton icon="play-outline" is-loading=false title="Run now"  ... > 
  at <SettingsTable key=3 min-width="820px" > 
  at <Crons ref="VTU_COMPONENT" > 
  at <VTUROOT>
[Vue warn]: Failed to resolve component: router-link
If this is a native custom element, make sure to exclude it from component resolution via compilerOptions.isCustomElement. 
  at <IconButton icon="edit" title="Edit cron" onClick=fn<onClick> > 
  at <SettingsTable key=3 min-width="820px" > 
  at <Crons ref="VTU_COMPONENT" > 
  at <VTUROOT>
[Vue warn]: Failed to resolve component: router-link
If this is a native custom element, make sure to exclude it from component resolution via compilerOptions.isCustomElement. 
  at <IconButton icon="trash" class="text-wp-error-100" is-loading=false  ... > 
  at <SettingsTable key=3 min-width="820px" > 
  at <Crons ref="VTU_COMPONENT" > 
  at <VTUROOT>
[Vue warn]: Failed to resolve component: router-link
If this is a native custom element, make sure to exclude it from component resolution via compilerOptions.isCustomElement. 
  at <IconButton icon="play-outline" is-loading=false title="Run now"  ... > 
  at <SettingsTable key=3 min-width="820px" > 
  at <Crons ref="VTU_COMPONENT" > 
  at <VTUROOT>
[Vue warn]: Failed to resolve component: router-link
If this is a native custom element, make sure to exclude it from component resolution via compilerOptions.isCustomElement. 
  at <IconButton icon="edit" title="Edit cron" onClick=fn<onClick> > 
  at <SettingsTable key=3 min-width="820px" > 
  at <Crons ref="VTU_COMPONENT" > 
  at <VTUROOT>
[Vue warn]: Failed to resolve component: router-link
If this is a native custom element, make sure to exclude it from component resolution via compilerOptions.isCustomElement. 
  at <IconButton icon="trash" class="text-wp-error-100" is-loading=false  ... > 
  at <SettingsTable key=3 min-width="820px" > 
  at <Crons ref="VTU_COMPONENT" > 
  at <VTUROOT>

stderr | src/views/repo/settings/Crons.test.ts > repository cron settings > keeps confirmed cron rows unchanged after canceling or failing an edit
[Vue warn]: Failed to resolve component: router-link
If this is a native custom element, make sure to exclude it from component resolution via compilerOptions.isCustomElement. 
  at <IconButton icon="play-outline" is-loading=false title="Run now"  ... > 
  at <SettingsTable key=3 min-width="820px" > 
  at <Crons ref="VTU_COMPONENT" > 
  at <VTUROOT>
[Vue warn]: Failed to resolve component: router-link
If this is a native custom element, make sure to exclude it from component resolution via compilerOptions.isCustomElement. 
  at <IconButton icon="edit" title="Edit cron" onClick=fn<onClick> > 
  at <SettingsTable key=3 min-width="820px" > 
  at <Crons ref="VTU_COMPONENT" > 
  at <VTUROOT>
[Vue warn]: Failed to resolve component: router-link
If this is a native custom element, make sure to exclude it from component resolution via compilerOptions.isCustomElement. 
  at <IconButton icon="trash" class="text-wp-error-100" is-loading=false  ... > 
  at <SettingsTable key=3 min-width="820px" > 
  at <Crons ref="VTU_COMPONENT" > 
  at <VTUROOT>

stderr | src/views/repo/settings/Crons.test.ts > repository cron settings > clears editor state and reloads when the repository changes
[Vue warn]: Failed to resolve component: router-link
If this is a native custom element, make sure to exclude it from component resolution via compilerOptions.isCustomElement. 
  at <IconButton icon="play-outline" is-loading=false title="Run now"  ... > 
  at <SettingsTable key=3 min-width="820px" > 
  at <Crons ref="VTU_COMPONENT" > 
  at <VTUROOT>
[Vue warn]: Failed to resolve component: router-link
If this is a native custom element, make sure to exclude it from component resolution via compilerOptions.isCustomElement. 
  at <IconButton icon="edit" title="Edit cron" onClick=fn<onClick> > 
  at <SettingsTable key=3 min-width="820px" > 
  at <Crons ref="VTU_COMPONENT" > 
  at <VTUROOT>
[Vue warn]: Failed to resolve component: router-link
If this is a native custom element, make sure to exclude it from component resolution via compilerOptions.isCustomElement. 
  at <IconButton icon="trash" class="text-wp-error-100" is-loading=false  ... > 
  at <SettingsTable key=3 min-width="820px" > 
  at <Crons ref="VTU_COMPONENT" > 
  at <VTUROOT>
[Vue warn]: Failed to resolve component: router-link
If this is a native custom element, make sure to exclude it from component resolution via compilerOptions.isCustomElement. 
  at <IconButton icon="play-outline" is-loading=false title="Run now"  ... > 
  at <SettingsTable key=3 min-width="820px" > 
  at <Crons ref="VTU_COMPONENT" > 
  at <VTUROOT>
[Vue warn]: Failed to resolve component: router-link
If this is a native custom element, make sure to exclude it from component resolution via compilerOptions.isCustomElement. 
  at <IconButton icon="edit" title="Edit cron" onClick=fn<onClick> > 
  at <SettingsTable key=3 min-width="820px" > 
  at <Crons ref="VTU_COMPONENT" > 
  at <VTUROOT>
[Vue warn]: Failed to resolve component: router-link
If this is a native custom element, make sure to exclude it from component resolution via compilerOptions.isCustomElement. 
  at <IconButton icon="trash" class="text-wp-error-100" is-loading=false  ... > 
  at <SettingsTable key=3 min-width="820px" > 
  at <Crons ref="VTU_COMPONENT" > 
  at <VTUROOT>
[Vue warn]: Failed to resolve component: router-link
If this is a native custom element, make sure to exclude it from component resolution via compilerOptions.isCustomElement. 
  at <IconButton icon="play-outline" is-loading=false title="Run now"  ... > 
  at <SettingsTable key=3 min-width="820px" > 
  at <Crons ref="VTU_COMPONENT" > 
  at <VTUROOT>
[Vue warn]: Failed to resolve component: router-link
If this is a native custom element, make sure to exclude it from component resolution via compilerOptions.isCustomElement. 
  at <IconButton icon="edit" title="Edit cron" onClick=fn<onClick> > 
  at <SettingsTable key=3 min-width="820px" > 
  at <Crons ref="VTU_COMPONENT" > 
  at <VTUROOT>
[Vue warn]: Failed to resolve component: router-link
If this is a native custom element, make sure to exclude it from component resolution via compilerOptions.isCustomElement. 
  at <IconButton icon="trash" class="text-wp-error-100" is-loading=false  ... > 
  at <SettingsTable key=3 min-width="820px" > 
  at <Crons ref="VTU_COMPONENT" > 
  at <VTUROOT>
[Vue warn]: Failed to resolve component: router-link
If this is a native custom element, make sure to exclude it from component resolution via compilerOptions.isCustomElement. 
  at <IconButton icon="play-outline" is-loading=false title="Run now"  ... > 
  at <SettingsTable key=3 min-width="820px" > 
  at <Crons ref="VTU_COMPONENT" > 
  at <VTUROOT>
[Vue warn]: Failed to resolve component: router-link
If this is a native custom element, make sure to exclude it from component resolution via compilerOptions.isCustomElement. 
  at <IconButton icon="edit" title="Edit cron" onClick=fn<onClick> > 
  at <SettingsTable key=3 min-width="820px" > 
  at <Crons ref="VTU_COMPONENT" > 
  at <VTUROOT>
[Vue warn]: Failed to resolve component: router-link
If this is a native custom element, make sure to exclude it from component resolution via compilerOptions.isCustomElement. 
  at <IconButton icon="trash" class="text-wp-error-100" is-loading=false  ... > 
  at <SettingsTable key=3 min-width="820px" > 
  at <Crons ref="VTU_COMPONENT" > 
  at <VTUROOT>
[Vue warn]: Failed to resolve component: router-link
If this is a native custom element, make sure to exclude it from component resolution via compilerOptions.isCustomElement. 
  at <IconButton icon="play-outline" is-loading=false title="Run now"  ... > 
  at <SettingsTable key=3 min-width="820px" > 
  at <Crons ref="VTU_COMPONENT" > 
  at <VTUROOT>
[Vue warn]: Failed to resolve component: router-link
If this is a native custom element, make sure to exclude it from component resolution via compilerOptions.isCustomElement. 
  at <IconButton icon="edit" title="Edit cron" onClick=fn<onClick> > 
  at <SettingsTable key=3 min-width="820px" > 
  at <Crons ref="VTU_COMPONENT" > 
  at <VTUROOT>
[Vue warn]: Failed to resolve component: router-link
If this is a native custom element, make sure to exclude it from component resolution via compilerOptions.isCustomElement. 
  at <IconButton icon="trash" class="text-wp-error-100" is-loading=false  ... > 
  at <SettingsTable key=3 min-width="820px" > 
  at <Crons ref="VTU_COMPONENT" > 
  at <VTUROOT>
[Vue warn]: Failed to resolve component: router-link
If this is a native custom element, make sure to exclude it from component resolution via compilerOptions.isCustomElement. 
  at <IconButton icon="play-outline" is-loading=false title="Run now"  ... > 
  at <SettingsTable key=3 min-width="820px" > 
  at <Crons ref="VTU_COMPONENT" > 
  at <VTUROOT>
[Vue warn]: Failed to resolve component: router-link
If this is a native custom element, make sure to exclude it from component resolution via compilerOptions.isCustomElement. 
  at <IconButton icon="edit" title="Edit cron" onClick=fn<onClick> > 
  at <SettingsTable key=3 min-width="820px" > 
  at <Crons ref="VTU_COMPONENT" > 
  at <VTUROOT>
[Vue warn]: Failed to resolve component: router-link
If this is a native custom element, make sure to exclude it from component resolution via compilerOptions.isCustomElement. 
  at <IconButton icon="trash" class="text-wp-error-100" is-loading=false  ... > 
  at <SettingsTable key=3 min-width="820px" > 
  at <Crons ref="VTU_COMPONENT" > 
  at <VTUROOT>
[Vue warn]: Failed to resolve component: router-link
If this is a native custom element, make sure to exclude it from component resolution via compilerOptions.isCustomElement. 
  at <IconButton icon="play-outline" is-loading=false title="Run now"  ... > 
  at <SettingsTable key=3 min-width="820px" > 
  at <Crons ref="VTU_COMPONENT" > 
  at <VTUROOT>
[Vue warn]: Failed to resolve component: router-link
If this is a native custom element, make sure to exclude it from component resolution via compilerOptions.isCustomElement. 
  at <IconButton icon="edit" title="Edit cron" onClick=fn<onClick> > 
  at <SettingsTable key=3 min-width="820px" > 
  at <Crons ref="VTU_COMPONENT" > 
  at <VTUROOT>
[Vue warn]: Failed to resolve component: router-link
If this is a native custom element, make sure to exclude it from component resolution via compilerOptions.isCustomElement. 
  at <IconButton icon="trash" class="text-wp-error-100" is-loading=false  ... > 
  at <SettingsTable key=3 min-width="820px" > 
  at <Crons ref="VTU_COMPONENT" > 
  at <VTUROOT>
[Vue warn]: Failed to resolve component: router-link
If this is a native custom element, make sure to exclude it from component resolution via compilerOptions.isCustomElement. 
  at <IconButton icon="play-outline" is-loading=false title="Run now"  ... > 
  at <SettingsTable key=3 min-width="820px" > 
  at <Crons ref="VTU_COMPONENT" > 
  at <VTUROOT>
[Vue warn]: Failed to resolve component: router-link
If this is a native custom element, make sure to exclude it from component resolution via compilerOptions.isCustomElement. 
  at <IconButton icon="edit" title="Edit cron" onClick=fn<onClick> > 
  at <SettingsTable key=3 min-width="820px" > 
  at <Crons ref="VTU_COMPONENT" > 
  at <VTUROOT>
[Vue warn]: Failed to resolve component: router-link
If this is a native custom element, make sure to exclude it from component resolution via compilerOptions.isCustomElement. 
  at <IconButton icon="trash" class="text-wp-error-100" is-loading=false  ... > 
  at <SettingsTable key=3 min-width="820px" > 
  at <Crons ref="VTU_COMPONENT" > 
  at <VTUROOT>

stderr | src/views/repo/settings/Secrets.test.ts > repository secrets settings > shows repository entries as editable and inherited entries as read only
[Vue warn]: Failed to resolve component: router-link
If this is a native custom element, make sure to exclude it from component resolution via compilerOptions.isCustomElement. 
  at <IconButton icon="edit" title="Edit secret" onClick=fn<onClick> > 
  at <SettingsTable key=3 min-width="720px" > 
  at <Secrets ref="VTU_COMPONENT" > 
  at <VTUROOT>
[Vue warn]: Failed to resolve component: router-link
If this is a native custom element, make sure to exclude it from component resolution via compilerOptions.isCustomElement. 
  at <IconButton icon="trash" class="text-wp-error-100" is-loading=false  ... > 
  at <SettingsTable key=3 min-width="720px" > 
  at <Secrets ref="VTU_COMPONENT" > 
  at <VTUROOT>

stderr | src/views/repo/settings/Secrets.test.ts > repository secrets settings > preserves confirmed rows when a page-two reset starts a rejected page-one load asynchronously
[Vue warn]: Failed to resolve component: router-link
If this is a native custom element, make sure to exclude it from component resolution via compilerOptions.isCustomElement. 
  at <IconButton icon="edit" title="Edit secret" onClick=fn<onClick> > 
  at <SettingsTable key=3 min-width="720px" > 
  at <Secrets ref="VTU_COMPONENT" > 
  at <VTUROOT>
[Vue warn]: Failed to resolve component: router-link
If this is a native custom element, make sure to exclude it from component resolution via compilerOptions.isCustomElement. 
  at <IconButton icon="trash" class="text-wp-error-100" is-loading=false  ... > 
  at <SettingsTable key=3 min-width="720px" > 
  at <Secrets ref="VTU_COMPONENT" > 
  at <VTUROOT>
[Vue warn]: Failed to resolve component: router-link
If this is a native custom element, make sure to exclude it from component resolution via compilerOptions.isCustomElement. 
  at <IconButton icon="edit" title="Edit secret" onClick=fn<onClick> > 
  at <SettingsTable key=3 min-width="720px" > 
  at <Secrets ref="VTU_COMPONENT" > 
  at <VTUROOT>
[Vue warn]: Failed to resolve component: router-link
If this is a native custom element, make sure to exclude it from component resolution via compilerOptions.isCustomElement. 
  at <IconButton icon="trash" class="text-wp-error-100" is-loading=false  ... > 
  at <SettingsTable key=3 min-width="720px" > 
  at <Secrets ref="VTU_COMPONENT" > 
  at <VTUROOT>

stderr | src/views/repo/settings/Crons.test.ts > repository cron settings > does not navigate when an obsolete cron run completes after returning to the same repository
[Vue warn]: Failed to resolve component: router-link
If this is a native custom element, make sure to exclude it from component resolution via compilerOptions.isCustomElement. 
  at <IconButton icon="play-outline" is-loading=false title="Run now"  ... > 
  at <SettingsTable key=3 min-width="820px" > 
  at <Crons ref="VTU_COMPONENT" > 
  at <VTUROOT>
[Vue warn]: Failed to resolve component: router-link
If this is a native custom element, make sure to exclude it from component resolution via compilerOptions.isCustomElement. 
  at <IconButton icon="edit" title="Edit cron" onClick=fn<onClick> > 
  at <SettingsTable key=3 min-width="820px" > 
  at <Crons ref="VTU_COMPONENT" > 
  at <VTUROOT>
[Vue warn]: Failed to resolve component: router-link
If this is a native custom element, make sure to exclude it from component resolution via compilerOptions.isCustomElement. 
  at <IconButton icon="trash" class="text-wp-error-100" is-loading=false  ... > 
  at <SettingsTable key=3 min-width="820px" > 
  at <Crons ref="VTU_COMPONENT" > 
  at <VTUROOT>
[Vue warn]: Failed to resolve component: router-link
If this is a native custom element, make sure to exclude it from component resolution via compilerOptions.isCustomElement. 
  at <IconButton icon="play-outline" is-loading=false title="Run now"  ... > 
  at <SettingsTable key=3 min-width="820px" > 
  at <Crons ref="VTU_COMPONENT" > 
  at <VTUROOT>
[Vue warn]: Failed to resolve component: router-link
If this is a native custom element, make sure to exclude it from component resolution via compilerOptions.isCustomElement. 
  at <IconButton icon="edit" title="Edit cron" onClick=fn<onClick> > 
  at <SettingsTable key=3 min-width="820px" > 
  at <Crons ref="VTU_COMPONENT" > 
  at <VTUROOT>
[Vue warn]: Failed to resolve component: router-link
If this is a native custom element, make sure to exclude it from component resolution via compilerOptions.isCustomElement. 
  at <IconButton icon="trash" class="text-wp-error-100" is-loading=false  ... > 
  at <SettingsTable key=3 min-width="820px" > 
  at <Crons ref="VTU_COMPONENT" > 
  at <VTUROOT>
[Vue warn]: Failed to resolve component: router-link
If this is a native custom element, make sure to exclude it from component resolution via compilerOptions.isCustomElement. 
  at <IconButton icon="play-outline" is-loading=false title="Run now"  ... > 
  at <SettingsTable key=3 min-width="820px" > 
  at <Crons ref="VTU_COMPONENT" > 
  at <VTUROOT>
[Vue warn]: Failed to resolve component: router-link
If this is a native custom element, make sure to exclude it from component resolution via compilerOptions.isCustomElement. 
  at <IconButton icon="edit" title="Edit cron" onClick=fn<onClick> > 
  at <SettingsTable key=3 min-width="820px" > 
  at <Crons ref="VTU_COMPONENT" > 
  at <VTUROOT>
[Vue warn]: Failed to resolve component: router-link
If this is a native custom element, make sure to exclude it from component resolution via compilerOptions.isCustomElement. 
  at <IconButton icon="trash" class="text-wp-error-100" is-loading=false  ... > 
  at <SettingsTable key=3 min-width="820px" > 
  at <Crons ref="VTU_COMPONENT" > 
  at <VTUROOT>
[Vue warn]: Failed to resolve component: router-link
If this is a native custom element, make sure to exclude it from component resolution via compilerOptions.isCustomElement. 
  at <IconButton icon="play-outline" is-loading=false title="Run now"  ... > 
  at <SettingsTable key=3 min-width="820px" > 
  at <Crons ref="VTU_COMPONENT" > 
  at <VTUROOT>
[Vue warn]: Failed to resolve component: router-link
If this is a native custom element, make sure to exclude it from component resolution via compilerOptions.isCustomElement. 
  at <IconButton icon="edit" title="Edit cron" onClick=fn<onClick> > 
  at <SettingsTable key=3 min-width="820px" > 
  at <Crons ref="VTU_COMPONENT" > 
  at <VTUROOT>
[Vue warn]: Failed to resolve component: router-link
If this is a native custom element, make sure to exclude it from component resolution via compilerOptions.isCustomElement. 
  at <IconButton icon="trash" class="text-wp-error-100" is-loading=false  ... > 
  at <SettingsTable key=3 min-width="820px" > 
  at <Crons ref="VTU_COMPONENT" > 
  at <VTUROOT>
[Vue warn]: Failed to resolve component: router-link
If this is a native custom element, make sure to exclude it from component resolution via compilerOptions.isCustomElement. 
  at <IconButton icon="play-outline" is-loading=false title="Run now"  ... > 
  at <SettingsTable key=3 min-width="820px" > 
  at <Crons ref="VTU_COMPONENT" > 
  at <VTUROOT>
[Vue warn]: Failed to resolve component: router-link
If this is a native custom element, make sure to exclude it from component resolution via compilerOptions.isCustomElement. 
  at <IconButton icon="edit" title="Edit cron" onClick=fn<onClick> > 
  at <SettingsTable key=3 min-width="820px" > 
  at <Crons ref="VTU_COMPONENT" > 
  at <VTUROOT>
[Vue warn]: Failed to resolve component: router-link
If this is a native custom element, make sure to exclude it from component resolution via compilerOptions.isCustomElement. 
  at <IconButton icon="trash" class="text-wp-error-100" is-loading=false  ... > 
  at <SettingsTable key=3 min-width="820px" > 
  at <Crons ref="VTU_COMPONENT" > 
  at <VTUROOT>
[Vue warn]: Failed to resolve component: router-link
If this is a native custom element, make sure to exclude it from component resolution via compilerOptions.isCustomElement. 
  at <IconButton icon="play-outline" is-loading=false title="Run now"  ... > 
  at <SettingsTable key=3 min-width="820px" > 
  at <Crons ref="VTU_COMPONENT" > 
  at <VTUROOT>
[Vue warn]: Failed to resolve component: router-link
If this is a native custom element, make sure to exclude it from component resolution via compilerOptions.isCustomElement. 
  at <IconButton icon="edit" title="Edit cron" onClick=fn<onClick> > 
  at <SettingsTable key=3 min-width="820px" > 
  at <Crons ref="VTU_COMPONENT" > 
  at <VTUROOT>
[Vue warn]: Failed to resolve component: router-link
If this is a native custom element, make sure to exclude it from component resolution via compilerOptions.isCustomElement. 
  at <IconButton icon="trash" class="text-wp-error-100" is-loading=false  ... > 
  at <SettingsTable key=3 min-width="820px" > 
  at <Crons ref="VTU_COMPONENT" > 
  at <VTUROOT>
[Vue warn]: Failed to resolve component: router-link
If this is a native custom element, make sure to exclude it from component resolution via compilerOptions.isCustomElement. 
  at <IconButton icon="play-outline" is-loading=false title="Run now"  ... > 
  at <SettingsTable key=3 min-width="820px" > 
  at <Crons ref="VTU_COMPONENT" > 
  at <VTUROOT>
[Vue warn]: Failed to resolve component: router-link
If this is a native custom element, make sure to exclude it from component resolution via compilerOptions.isCustomElement. 
  at <IconButton icon="edit" title="Edit cron" onClick=fn<onClick> > 
  at <SettingsTable key=3 min-width="820px" > 
  at <Crons ref="VTU_COMPONENT" > 
  at <VTUROOT>
[Vue warn]: Failed to resolve component: router-link
If this is a native custom element, make sure to exclude it from component resolution via compilerOptions.isCustomElement. 
  at <IconButton icon="trash" class="text-wp-error-100" is-loading=false  ... > 
  at <SettingsTable key=3 min-width="820px" > 
  at <Crons ref="VTU_COMPONENT" > 
  at <VTUROOT>
[Vue warn]: Failed to resolve component: router-link
If this is a native custom element, make sure to exclude it from component resolution via compilerOptions.isCustomElement. 
  at <IconButton icon="play-outline" is-loading=false title="Run now"  ... > 
  at <SettingsTable key=3 min-width="820px" > 
  at <Crons ref="VTU_COMPONENT" > 
  at <VTUROOT>
[Vue warn]: Failed to resolve component: router-link
If this is a native custom element, make sure to exclude it from component resolution via compilerOptions.isCustomElement. 
  at <IconButton icon="edit" title="Edit cron" onClick=fn<onClick> > 
  at <SettingsTable key=3 min-width="820px" > 
  at <Crons ref="VTU_COMPONENT" > 
  at <VTUROOT>
[Vue warn]: Failed to resolve component: router-link
If this is a native custom element, make sure to exclude it from component resolution via compilerOptions.isCustomElement. 
  at <IconButton icon="trash" class="text-wp-error-100" is-loading=false  ... > 
  at <SettingsTable key=3 min-width="820px" > 
  at <Crons ref="VTU_COMPONENT" > 
  at <VTUROOT>
[Vue warn]: Failed to resolve component: router-link
If this is a native custom element, make sure to exclude it from component resolution via compilerOptions.isCustomElement. 
  at <IconButton icon="play-outline" is-loading=false title="Run now"  ... > 
  at <SettingsTable key=3 min-width="820px" > 
  at <Crons ref="VTU_COMPONENT" > 
  at <VTUROOT>
[Vue warn]: Failed to resolve component: router-link
If this is a native custom element, make sure to exclude it from component resolution via compilerOptions.isCustomElement. 
  at <IconButton icon="edit" title="Edit cron" onClick=fn<onClick> > 
  at <SettingsTable key=3 min-width="820px" > 
  at <Crons ref="VTU_COMPONENT" > 
  at <VTUROOT>
[Vue warn]: Failed to resolve component: router-link
If this is a native custom element, make sure to exclude it from component resolution via compilerOptions.isCustomElement. 
  at <IconButton icon="trash" class="text-wp-error-100" is-loading=false  ... > 
  at <SettingsTable key=3 min-width="820px" > 
  at <Crons ref="VTU_COMPONENT" > 
  at <VTUROOT>
[Vue warn]: Failed to resolve component: router-link
If this is a native custom element, make sure to exclude it from component resolution via compilerOptions.isCustomElement. 
  at <IconButton icon="play-outline" is-loading=true title="Run now"  ... > 
  at <SettingsTable key=3 min-width="820px" > 
  at <Crons ref="VTU_COMPONENT" > 
  at <VTUROOT>
[Vue warn]: Failed to resolve component: router-link
If this is a native custom element, make sure to exclude it from component resolution via compilerOptions.isCustomElement. 
  at <IconButton icon="edit" title="Edit cron" onClick=fn<onClick> > 
  at <SettingsTable key=3 min-width="820px" > 
  at <Crons ref="VTU_COMPONENT" > 
  at <VTUROOT>
[Vue warn]: Failed to resolve component: router-link
If this is a native custom element, make sure to exclude it from component resolution via compilerOptions.isCustomElement. 
  at <IconButton icon="trash" class="text-wp-error-100" is-loading=false  ... > 
  at <SettingsTable key=3 min-width="820px" > 
  at <Crons ref="VTU_COMPONENT" > 
  at <VTUROOT>

stderr | src/views/repo/settings/Secrets.test.ts > repository secrets settings > discards an obsolete fulfilled refresh after the repository changes
[Vue warn]: Failed to resolve component: router-link
If this is a native custom element, make sure to exclude it from component resolution via compilerOptions.isCustomElement. 
  at <IconButton icon="edit" title="Edit secret" onClick=fn<onClick> > 
  at <SettingsTable key=3 min-width="720px" > 
  at <Secrets ref="VTU_COMPONENT" > 
  at <VTUROOT>
[Vue warn]: Failed to resolve component: router-link
If this is a native custom element, make sure to exclude it from component resolution via compilerOptions.isCustomElement. 
  at <IconButton icon="trash" class="text-wp-error-100" is-loading=false  ... > 
  at <SettingsTable key=3 min-width="720px" > 
  at <Secrets ref="VTU_COMPONENT" > 
  at <VTUROOT>
[Vue warn]: Failed to resolve component: router-link
If this is a native custom element, make sure to exclude it from component resolution via compilerOptions.isCustomElement. 
  at <IconButton icon="edit" title="Edit secret" onClick=fn<onClick> > 
  at <SettingsTable key=3 min-width="720px" > 
  at <Secrets ref="VTU_COMPONENT" > 
  at <VTUROOT>
[Vue warn]: Failed to resolve component: router-link
If this is a native custom element, make sure to exclude it from component resolution via compilerOptions.isCustomElement. 
  at <IconButton icon="trash" class="text-wp-error-100" is-loading=false  ... > 
  at <SettingsTable key=3 min-width="720px" > 
  at <Secrets ref="VTU_COMPONENT" > 
  at <VTUROOT>

stderr | src/views/repo/settings/Secrets.test.ts > repository secrets settings > discards an obsolete fulfilled refresh after the repository changes
[Vue warn]: Failed to resolve component: router-link
If this is a native custom element, make sure to exclude it from component resolution via compilerOptions.isCustomElement. 
  at <IconButton icon="edit" title="Edit secret" onClick=fn<onClick> > 
  at <SettingsTable key=3 min-width="720px" > 
  at <Secrets ref="VTU_COMPONENT" > 
  at <VTUROOT>
[Vue warn]: Failed to resolve component: router-link
If this is a native custom element, make sure to exclude it from component resolution via compilerOptions.isCustomElement. 
  at <IconButton icon="trash" class="text-wp-error-100" is-loading=false  ... > 
  at <SettingsTable key=3 min-width="720px" > 
  at <Secrets ref="VTU_COMPONENT" > 
  at <VTUROOT>
[Vue warn]: Failed to resolve component: router-link
If this is a native custom element, make sure to exclude it from component resolution via compilerOptions.isCustomElement. 
  at <IconButton icon="edit" title="Edit secret" onClick=fn<onClick> > 
  at <SettingsTable key=3 min-width="720px" > 
  at <Secrets ref="VTU_COMPONENT" > 
  at <VTUROOT>
[Vue warn]: Failed to resolve component: router-link
If this is a native custom element, make sure to exclude it from component resolution via compilerOptions.isCustomElement. 
  at <IconButton icon="trash" class="text-wp-error-100" is-loading=false  ... > 
  at <SettingsTable key=3 min-width="720px" > 
  at <Secrets ref="VTU_COMPONENT" > 
  at <VTUROOT>
[Vue warn]: Failed to resolve component: router-link
If this is a native custom element, make sure to exclude it from component resolution via compilerOptions.isCustomElement. 
  at <IconButton icon="edit" title="Edit secret" onClick=fn<onClick> > 
  at <SettingsTable key=3 min-width="720px" > 
  at <Secrets ref="VTU_COMPONENT" > 
  at <VTUROOT>
[Vue warn]: Failed to resolve component: router-link
If this is a native custom element, make sure to exclude it from component resolution via compilerOptions.isCustomElement. 
  at <IconButton icon="trash" class="text-wp-error-100" is-loading=false  ... > 
  at <SettingsTable key=3 min-width="720px" > 
  at <Secrets ref="VTU_COMPONENT" > 
  at <VTUROOT>
[Vue warn]: Failed to resolve component: router-link
If this is a native custom element, make sure to exclude it from component resolution via compilerOptions.isCustomElement. 
  at <IconButton icon="edit" title="Edit secret" onClick=fn<onClick> > 
  at <SettingsTable key=3 min-width="720px" > 
  at <Secrets ref="VTU_COMPONENT" > 
  at <VTUROOT>
[Vue warn]: Failed to resolve component: router-link
If this is a native custom element, make sure to exclude it from component resolution via compilerOptions.isCustomElement. 
  at <IconButton icon="trash" class="text-wp-error-100" is-loading=false  ... > 
  at <SettingsTable key=3 min-width="720px" > 
  at <Secrets ref="VTU_COMPONENT" > 
  at <VTUROOT>

stderr | src/views/repo/settings/Crons.test.ts > repository cron settings > does not navigate when an obsolete cron rejection completes after returning to the same repository
[Vue warn]: Failed to resolve component: router-link
If this is a native custom element, make sure to exclude it from component resolution via compilerOptions.isCustomElement. 
  at <IconButton icon="play-outline" is-loading=false title="Run now"  ... > 
  at <SettingsTable key=3 min-width="820px" > 
  at <Crons ref="VTU_COMPONENT" > 
  at <VTUROOT>
[Vue warn]: Failed to resolve component: router-link
If this is a native custom element, make sure to exclude it from component resolution via compilerOptions.isCustomElement. 
  at <IconButton icon="edit" title="Edit cron" onClick=fn<onClick> > 
  at <SettingsTable key=3 min-width="820px" > 
  at <Crons ref="VTU_COMPONENT" > 
  at <VTUROOT>
[Vue warn]: Failed to resolve component: router-link
If this is a native custom element, make sure to exclude it from component resolution via compilerOptions.isCustomElement. 
  at <IconButton icon="trash" class="text-wp-error-100" is-loading=false  ... > 
  at <SettingsTable key=3 min-width="820px" > 
  at <Crons ref="VTU_COMPONENT" > 
  at <VTUROOT>
[Vue warn]: Failed to resolve component: router-link
If this is a native custom element, make sure to exclude it from component resolution via compilerOptions.isCustomElement. 
  at <IconButton icon="play-outline" is-loading=false title="Run now"  ... > 
  at <SettingsTable key=3 min-width="820px" > 
  at <Crons ref="VTU_COMPONENT" > 
  at <VTUROOT>
[Vue warn]: Failed to resolve component: router-link
If this is a native custom element, make sure to exclude it from component resolution via compilerOptions.isCustomElement. 
  at <IconButton icon="edit" title="Edit cron" onClick=fn<onClick> > 
  at <SettingsTable key=3 min-width="820px" > 
  at <Crons ref="VTU_COMPONENT" > 
  at <VTUROOT>
[Vue warn]: Failed to resolve component: router-link
If this is a native custom element, make sure to exclude it from component resolution via compilerOptions.isCustomElement. 
  at <IconButton icon="trash" class="text-wp-error-100" is-loading=false  ... > 
  at <SettingsTable key=3 min-width="820px" > 
  at <Crons ref="VTU_COMPONENT" > 
  at <VTUROOT>
[Vue warn]: Failed to resolve component: router-link
If this is a native custom element, make sure to exclude it from component resolution via compilerOptions.isCustomElement. 
  at <IconButton icon="play-outline" is-loading=false title="Run now"  ... > 
  at <SettingsTable key=3 min-width="820px" > 
  at <Crons ref="VTU_COMPONENT" > 
  at <VTUROOT>
[Vue warn]: Failed to resolve component: router-link
If this is a native custom element, make sure to exclude it from component resolution via compilerOptions.isCustomElement. 
  at <IconButton icon="edit" title="Edit cron" onClick=fn<onClick> > 
  at <SettingsTable key=3 min-width="820px" > 
  at <Crons ref="VTU_COMPONENT" > 
  at <VTUROOT>
[Vue warn]: Failed to resolve component: router-link
If this is a native custom element, make sure to exclude it from component resolution via compilerOptions.isCustomElement. 
  at <IconButton icon="trash" class="text-wp-error-100" is-loading=false  ... > 
  at <SettingsTable key=3 min-width="820px" > 
  at <Crons ref="VTU_COMPONENT" > 
  at <VTUROOT>
[Vue warn]: Failed to resolve component: router-link
If this is a native custom element, make sure to exclude it from component resolution via compilerOptions.isCustomElement. 
  at <IconButton icon="play-outline" is-loading=false title="Run now"  ... > 
  at <SettingsTable key=3 min-width="820px" > 
  at <Crons ref="VTU_COMPONENT" > 
  at <VTUROOT>
[Vue warn]: Failed to resolve component: router-link
If this is a native custom element, make sure to exclude it from component resolution via compilerOptions.isCustomElement. 
  at <IconButton icon="edit" title="Edit cron" onClick=fn<onClick> > 
  at <SettingsTable key=3 min-width="820px" > 
  at <Crons ref="VTU_COMPONENT" > 
  at <VTUROOT>
[Vue warn]: Failed to resolve component: router-link
If this is a native custom element, make sure to exclude it from component resolution via compilerOptions.isCustomElement. 
  at <IconButton icon="trash" class="text-wp-error-100" is-loading=false  ... > 
  at <SettingsTable key=3 min-width="820px" > 
  at <Crons ref="VTU_COMPONENT" > 
  at <VTUROOT>
[Vue warn]: Failed to resolve component: router-link
If this is a native custom element, make sure to exclude it from component resolution via compilerOptions.isCustomElement. 
  at <IconButton icon="play-outline" is-loading=false title="Run now"  ... > 
  at <SettingsTable key=3 min-width="820px" > 
  at <Crons ref="VTU_COMPONENT" > 
  at <VTUROOT>
[Vue warn]: Failed to resolve component: router-link
If this is a native custom element, make sure to exclude it from component resolution via compilerOptions.isCustomElement. 
  at <IconButton icon="edit" title="Edit cron" onClick=fn<onClick> > 
  at <SettingsTable key=3 min-width="820px" > 
  at <Crons ref="VTU_COMPONENT" > 
  at <VTUROOT>
[Vue warn]: Failed to resolve component: router-link
If this is a native custom element, make sure to exclude it from component resolution via compilerOptions.isCustomElement. 
  at <IconButton icon="trash" class="text-wp-error-100" is-loading=false  ... > 
  at <SettingsTable key=3 min-width="820px" > 
  at <Crons ref="VTU_COMPONENT" > 
  at <VTUROOT>
[Vue warn]: Failed to resolve component: router-link
If this is a native custom element, make sure to exclude it from component resolution via compilerOptions.isCustomElement. 
  at <IconButton icon="play-outline" is-loading=false title="Run now"  ... > 
  at <SettingsTable key=3 min-width="820px" > 
  at <Crons ref="VTU_COMPONENT" > 
  at <VTUROOT>
[Vue warn]: Failed to resolve component: router-link
If this is a native custom element, make sure to exclude it from component resolution via compilerOptions.isCustomElement. 
  at <IconButton icon="edit" title="Edit cron" onClick=fn<onClick> > 
  at <SettingsTable key=3 min-width="820px" > 
  at <Crons ref="VTU_COMPONENT" > 
  at <VTUROOT>
[Vue warn]: Failed to resolve component: router-link
If this is a native custom element, make sure to exclude it from component resolution via compilerOptions.isCustomElement. 
  at <IconButton icon="trash" class="text-wp-error-100" is-loading=false  ... > 
  at <SettingsTable key=3 min-width="820px" > 
  at <Crons ref="VTU_COMPONENT" > 
  at <VTUROOT>
[Vue warn]: Failed to resolve component: router-link
If this is a native custom element, make sure to exclude it from component resolution via compilerOptions.isCustomElement. 
  at <IconButton icon="play-outline" is-loading=false title="Run now"  ... > 
  at <SettingsTable key=3 min-width="820px" > 
  at <Crons ref="VTU_COMPONENT" > 
  at <VTUROOT>
[Vue warn]: Failed to resolve component: router-link
If this is a native custom element, make sure to exclude it from component resolution via compilerOptions.isCustomElement. 
  at <IconButton icon="edit" title="Edit cron" onClick=fn<onClick> > 
  at <SettingsTable key=3 min-width="820px" > 
  at <Crons ref="VTU_COMPONENT" > 
  at <VTUROOT>
[Vue warn]: Failed to resolve component: router-link
If this is a native custom element, make sure to exclude it from component resolution via compilerOptions.isCustomElement. 
  at <IconButton icon="trash" class="text-wp-error-100" is-loading=false  ... > 
  at <SettingsTable key=3 min-width="820px" > 
  at <Crons ref="VTU_COMPONENT" > 
  at <VTUROOT>
[Vue warn]: Failed to resolve component: router-link
If this is a native custom element, make sure to exclude it from component resolution via compilerOptions.isCustomElement. 
  at <IconButton icon="play-outline" is-loading=false title="Run now"  ... > 
  at <SettingsTable key=3 min-width="820px" > 
  at <Crons ref="VTU_COMPONENT" > 
  at <VTUROOT>
[Vue warn]: Failed to resolve component: router-link
If this is a native custom element, make sure to exclude it from component resolution via compilerOptions.isCustomElement. 
  at <IconButton icon="edit" title="Edit cron" onClick=fn<onClick> > 
  at <SettingsTable key=3 min-width="820px" > 
  at <Crons ref="VTU_COMPONENT" > 
  at <VTUROOT>
[Vue warn]: Failed to resolve component: router-link
If this is a native custom element, make sure to exclude it from component resolution via compilerOptions.isCustomElement. 
  at <IconButton icon="trash" class="text-wp-error-100" is-loading=false  ... > 
  at <SettingsTable key=3 min-width="820px" > 
  at <Crons ref="VTU_COMPONENT" > 
  at <VTUROOT>
[Vue warn]: Failed to resolve component: router-link
If this is a native custom element, make sure to exclude it from component resolution via compilerOptions.isCustomElement. 
  at <IconButton icon="play-outline" is-loading=false title="Run now"  ... > 
  at <SettingsTable key=3 min-width="820px" > 
  at <Crons ref="VTU_COMPONENT" > 
  at <VTUROOT>
[Vue warn]: Failed to resolve component: router-link
If this is a native custom element, make sure to exclude it from component resolution via compilerOptions.isCustomElement. 
  at <IconButton icon="edit" title="Edit cron" onClick=fn<onClick> > 
  at <SettingsTable key=3 min-width="820px" > 
  at <Crons ref="VTU_COMPONENT" > 
  at <VTUROOT>
[Vue warn]: Failed to resolve component: router-link
If this is a native custom element, make sure to exclude it from component resolution via compilerOptions.isCustomElement. 
  at <IconButton icon="trash" class="text-wp-error-100" is-loading=false  ... > 
  at <SettingsTable key=3 min-width="820px" > 
  at <Crons ref="VTU_COMPONENT" > 
  at <VTUROOT>
[Vue warn]: Failed to resolve component: router-link
If this is a native custom element, make sure to exclude it from component resolution via compilerOptions.isCustomElement. 
  at <IconButton icon="play-outline" is-loading=false title="Run now"  ... > 
  at <SettingsTable key=3 min-width="820px" > 
  at <Crons ref="VTU_COMPONENT" > 
  at <VTUROOT>
[Vue warn]: Failed to resolve component: router-link
If this is a native custom element, make sure to exclude it from component resolution via compilerOptions.isCustomElement. 
  at <IconButton icon="edit" title="Edit cron" onClick=fn<onClick> > 
  at <SettingsTable key=3 min-width="820px" > 
  at <Crons ref="VTU_COMPONENT" > 
  at <VTUROOT>
[Vue warn]: Failed to resolve component: router-link
If this is a native custom element, make sure to exclude it from component resolution via compilerOptions.isCustomElement. 
  at <IconButton icon="trash" class="text-wp-error-100" is-loading=false  ... > 
  at <SettingsTable key=3 min-width="820px" > 
  at <Crons ref="VTU_COMPONENT" > 
  at <VTUROOT>
[Vue warn]: Failed to resolve component: router-link
If this is a native custom element, make sure to exclude it from component resolution via compilerOptions.isCustomElement. 
  at <IconButton icon="play-outline" is-loading=true title="Run now"  ... > 
  at <SettingsTable key=3 min-width="820px" > 
  at <Crons ref="VTU_COMPONENT" > 
  at <VTUROOT>
[Vue warn]: Failed to resolve component: router-link
If this is a native custom element, make sure to exclude it from component resolution via compilerOptions.isCustomElement. 
  at <IconButton icon="edit" title="Edit cron" onClick=fn<onClick> > 
  at <SettingsTable key=3 min-width="820px" > 
  at <Crons ref="VTU_COMPONENT" > 
  at <VTUROOT>
[Vue warn]: Failed to resolve component: router-link
If this is a native custom element, make sure to exclude it from component resolution via compilerOptions.isCustomElement. 
  at <IconButton icon="trash" class="text-wp-error-100" is-loading=false  ... > 
  at <SettingsTable key=3 min-width="820px" > 
  at <Crons ref="VTU_COMPONENT" > 
  at <VTUROOT>

stderr | src/views/repo/settings/Secrets.test.ts > repository secrets settings > ignores an obsolete rejected refresh after the repository changes
[Vue warn]: Failed to resolve component: router-link
If this is a native custom element, make sure to exclude it from component resolution via compilerOptions.isCustomElement. 
  at <IconButton icon="edit" title="Edit secret" onClick=fn<onClick> > 
  at <SettingsTable key=3 min-width="720px" > 
  at <Secrets ref="VTU_COMPONENT" > 
  at <VTUROOT>
[Vue warn]: Failed to resolve component: router-link
If this is a native custom element, make sure to exclude it from component resolution via compilerOptions.isCustomElement. 
  at <IconButton icon="trash" class="text-wp-error-100" is-loading=false  ... > 
  at <SettingsTable key=3 min-width="720px" > 
  at <Secrets ref="VTU_COMPONENT" > 
  at <VTUROOT>
[Vue warn]: Failed to resolve component: router-link
If this is a native custom element, make sure to exclude it from component resolution via compilerOptions.isCustomElement. 
  at <IconButton icon="edit" title="Edit secret" onClick=fn<onClick> > 
  at <SettingsTable key=3 min-width="720px" > 
  at <Secrets ref="VTU_COMPONENT" > 
  at <VTUROOT>
[Vue warn]: Failed to resolve component: router-link
If this is a native custom element, make sure to exclude it from component resolution via compilerOptions.isCustomElement. 
  at <IconButton icon="trash" class="text-wp-error-100" is-loading=false  ... > 
  at <SettingsTable key=3 min-width="720px" > 
  at <Secrets ref="VTU_COMPONENT" > 
  at <VTUROOT>

stderr | src/views/repo/settings/Secrets.test.ts > repository secrets settings > ignores an obsolete rejected refresh after the repository changes
[Vue warn]: Failed to resolve component: router-link
If this is a native custom element, make sure to exclude it from component resolution via compilerOptions.isCustomElement. 
  at <IconButton icon="edit" title="Edit secret" onClick=fn<onClick> > 
  at <SettingsTable key=3 min-width="720px" > 
  at <Secrets ref="VTU_COMPONENT" > 
  at <VTUROOT>
[Vue warn]: Failed to resolve component: router-link
If this is a native custom element, make sure to exclude it from component resolution via compilerOptions.isCustomElement. 
  at <IconButton icon="trash" class="text-wp-error-100" is-loading=false  ... > 
  at <SettingsTable key=3 min-width="720px" > 
  at <Secrets ref="VTU_COMPONENT" > 
  at <VTUROOT>
[Vue warn]: Failed to resolve component: router-link
If this is a native custom element, make sure to exclude it from component resolution via compilerOptions.isCustomElement. 
  at <IconButton icon="edit" title="Edit secret" onClick=fn<onClick> > 
  at <SettingsTable key=3 min-width="720px" > 
  at <Secrets ref="VTU_COMPONENT" > 
  at <VTUROOT>
[Vue warn]: Failed to resolve component: router-link
If this is a native custom element, make sure to exclude it from component resolution via compilerOptions.isCustomElement. 
  at <IconButton icon="trash" class="text-wp-error-100" is-loading=false  ... > 
  at <SettingsTable key=3 min-width="720px" > 
  at <Secrets ref="VTU_COMPONENT" > 
  at <VTUROOT>
[Vue warn]: Failed to resolve component: router-link
If this is a native custom element, make sure to exclude it from component resolution via compilerOptions.isCustomElement. 
  at <IconButton icon="edit" title="Edit secret" onClick=fn<onClick> > 
  at <SettingsTable key=3 min-width="720px" > 
  at <Secrets ref="VTU_COMPONENT" > 
  at <VTUROOT>
[Vue warn]: Failed to resolve component: router-link
If this is a native custom element, make sure to exclude it from component resolution via compilerOptions.isCustomElement. 
  at <IconButton icon="trash" class="text-wp-error-100" is-loading=false  ... > 
  at <SettingsTable key=3 min-width="720px" > 
  at <Secrets ref="VTU_COMPONENT" > 
  at <VTUROOT>
[Vue warn]: Failed to resolve component: router-link
If this is a native custom element, make sure to exclude it from component resolution via compilerOptions.isCustomElement. 
  at <IconButton icon="edit" title="Edit secret" onClick=fn<onClick> > 
  at <SettingsTable key=3 min-width="720px" > 
  at <Secrets ref="VTU_COMPONENT" > 
  at <VTUROOT>
[Vue warn]: Failed to resolve component: router-link
If this is a native custom element, make sure to exclude it from component resolution via compilerOptions.isCustomElement. 
  at <IconButton icon="trash" class="text-wp-error-100" is-loading=false  ... > 
  at <SettingsTable key=3 min-width="720px" > 
  at <Secrets ref="VTU_COMPONENT" > 
  at <VTUROOT>
[Vue warn]: Failed to resolve component: router-link
If this is a native custom element, make sure to exclude it from component resolution via compilerOptions.isCustomElement. 
  at <IconButton icon="edit" title="Edit secret" onClick=fn<onClick> > 
  at <SettingsTable key=3 min-width="720px" > 
  at <Secrets ref="VTU_COMPONENT" > 
  at <VTUROOT>
[Vue warn]: Failed to resolve component: router-link
If this is a native custom element, make sure to exclude it from component resolution via compilerOptions.isCustomElement. 
  at <IconButton icon="trash" class="text-wp-error-100" is-loading=false  ... > 
  at <SettingsTable key=3 min-width="720px" > 
  at <Secrets ref="VTU_COMPONENT" > 
  at <VTUROOT>

stderr | src/views/repo/settings/Secrets.test.ts > repository secrets settings > ignores an obsolete rejection after returning to the same repository
[Vue warn]: Failed to resolve component: router-link
If this is a native custom element, make sure to exclude it from component resolution via compilerOptions.isCustomElement. 
  at <IconButton icon="edit" title="Edit secret" onClick=fn<onClick> > 
  at <SettingsTable key=3 min-width="720px" > 
  at <Secrets ref="VTU_COMPONENT" > 
  at <VTUROOT>
[Vue warn]: Failed to resolve component: router-link
If this is a native custom element, make sure to exclude it from component resolution via compilerOptions.isCustomElement. 
  at <IconButton icon="trash" class="text-wp-error-100" is-loading=false  ... > 
  at <SettingsTable key=3 min-width="720px" > 
  at <Secrets ref="VTU_COMPONENT" > 
  at <VTUROOT>
[Vue warn]: Failed to resolve component: router-link
If this is a native custom element, make sure to exclude it from component resolution via compilerOptions.isCustomElement. 
  at <IconButton icon="edit" title="Edit secret" onClick=fn<onClick> > 
  at <SettingsTable key=3 min-width="720px" > 
  at <Secrets ref="VTU_COMPONENT" > 
  at <VTUROOT>
[Vue warn]: Failed to resolve component: router-link
If this is a native custom element, make sure to exclude it from component resolution via compilerOptions.isCustomElement. 
  at <IconButton icon="trash" class="text-wp-error-100" is-loading=false  ... > 
  at <SettingsTable key=3 min-width="720px" > 
  at <Secrets ref="VTU_COMPONENT" > 
  at <VTUROOT>

stderr | src/views/repo/settings/Secrets.test.ts > repository secrets settings > ignores an obsolete rejection after returning to the same repository
[Vue warn]: Failed to resolve component: router-link
If this is a native custom element, make sure to exclude it from component resolution via compilerOptions.isCustomElement. 
  at <IconButton icon="edit" title="Edit secret" onClick=fn<onClick> > 
  at <SettingsTable key=3 min-width="720px" > 
  at <Secrets ref="VTU_COMPONENT" > 
  at <VTUROOT>
[Vue warn]: Failed to resolve component: router-link
If this is a native custom element, make sure to exclude it from component resolution via compilerOptions.isCustomElement. 
  at <IconButton icon="trash" class="text-wp-error-100" is-loading=false  ... > 
  at <SettingsTable key=3 min-width="720px" > 
  at <Secrets ref="VTU_COMPONENT" > 
  at <VTUROOT>
[Vue warn]: Failed to resolve component: router-link
If this is a native custom element, make sure to exclude it from component resolution via compilerOptions.isCustomElement. 
  at <IconButton icon="edit" title="Edit secret" onClick=fn<onClick> > 
  at <SettingsTable key=3 min-width="720px" > 
  at <Secrets ref="VTU_COMPONENT" > 
  at <VTUROOT>
[Vue warn]: Failed to resolve component: router-link
If this is a native custom element, make sure to exclude it from component resolution via compilerOptions.isCustomElement. 
  at <IconButton icon="trash" class="text-wp-error-100" is-loading=false  ... > 
  at <SettingsTable key=3 min-width="720px" > 
  at <Secrets ref="VTU_COMPONENT" > 
  at <VTUROOT>
[Vue warn]: Failed to resolve component: router-link
If this is a native custom element, make sure to exclude it from component resolution via compilerOptions.isCustomElement. 
  at <IconButton icon="edit" title="Edit secret" onClick=fn<onClick> > 
  at <SettingsTable key=3 min-width="720px" > 
  at <Secrets ref="VTU_COMPONENT" > 
  at <VTUROOT>
[Vue warn]: Failed to resolve component: router-link
If this is a native custom element, make sure to exclude it from component resolution via compilerOptions.isCustomElement. 
  at <IconButton icon="trash" class="text-wp-error-100" is-loading=false  ... > 
  at <SettingsTable key=3 min-width="720px" > 
  at <Secrets ref="VTU_COMPONENT" > 
  at <VTUROOT>
[Vue warn]: Failed to resolve component: router-link
If this is a native custom element, make sure to exclude it from component resolution via compilerOptions.isCustomElement. 
  at <IconButton icon="edit" title="Edit secret" onClick=fn<onClick> > 
  at <SettingsTable key=3 min-width="720px" > 
  at <Secrets ref="VTU_COMPONENT" > 
  at <VTUROOT>
[Vue warn]: Failed to resolve component: router-link
If this is a native custom element, make sure to exclude it from component resolution via compilerOptions.isCustomElement. 
  at <IconButton icon="trash" class="text-wp-error-100" is-loading=false  ... > 
  at <SettingsTable key=3 min-width="720px" > 
  at <Secrets ref="VTU_COMPONENT" > 
  at <VTUROOT>
[Vue warn]: Failed to resolve component: router-link
If this is a native custom element, make sure to exclude it from component resolution via compilerOptions.isCustomElement. 
  at <IconButton icon="edit" title="Edit secret" onClick=fn<onClick> > 
  at <SettingsTable key=3 min-width="720px" > 
  at <Secrets ref="VTU_COMPONENT" > 
  at <VTUROOT>
[Vue warn]: Failed to resolve component: router-link
If this is a native custom element, make sure to exclude it from component resolution via compilerOptions.isCustomElement. 
  at <IconButton icon="trash" class="text-wp-error-100" is-loading=false  ... > 
  at <SettingsTable key=3 min-width="720px" > 
  at <Secrets ref="VTU_COMPONENT" > 
  at <VTUROOT>
[Vue warn]: Failed to resolve component: router-link
If this is a native custom element, make sure to exclude it from component resolution via compilerOptions.isCustomElement. 
  at <IconButton icon="edit" title="Edit secret" onClick=fn<onClick> > 
  at <SettingsTable key=3 min-width="720px" > 
  at <Secrets ref="VTU_COMPONENT" > 
  at <VTUROOT>
[Vue warn]: Failed to resolve component: router-link
If this is a native custom element, make sure to exclude it from component resolution via compilerOptions.isCustomElement. 
  at <IconButton icon="trash" class="text-wp-error-100" is-loading=false  ... > 
  at <SettingsTable key=3 min-width="720px" > 
  at <Secrets ref="VTU_COMPONENT" > 
  at <VTUROOT>

stderr | src/views/repo/settings/Secrets.test.ts > repository secrets settings > ignores an obsolete rejection after returning to the same repository
[Vue warn]: Failed to resolve component: router-link
If this is a native custom element, make sure to exclude it from component resolution via compilerOptions.isCustomElement. 
  at <IconButton icon="edit" title="Edit secret" onClick=fn<onClick> > 
  at <SettingsTable key=3 min-width="720px" > 
  at <Secrets ref="VTU_COMPONENT" > 
  at <VTUROOT>
[Vue warn]: Failed to resolve component: router-link
If this is a native custom element, make sure to exclude it from component resolution via compilerOptions.isCustomElement. 
  at <IconButton icon="trash" class="text-wp-error-100" is-loading=false  ... > 
  at <SettingsTable key=3 min-width="720px" > 
  at <Secrets ref="VTU_COMPONENT" > 
  at <VTUROOT>
[Vue warn]: Failed to resolve component: router-link
If this is a native custom element, make sure to exclude it from component resolution via compilerOptions.isCustomElement. 
  at <IconButton icon="edit" title="Edit secret" onClick=fn<onClick> > 
  at <SettingsTable key=3 min-width="720px" > 
  at <Secrets ref="VTU_COMPONENT" > 
  at <VTUROOT>
[Vue warn]: Failed to resolve component: router-link
If this is a native custom element, make sure to exclude it from component resolution via compilerOptions.isCustomElement. 
  at <IconButton icon="trash" class="text-wp-error-100" is-loading=false  ... > 
  at <SettingsTable key=3 min-width="720px" > 
  at <Secrets ref="VTU_COMPONENT" > 
  at <VTUROOT>
[Vue warn]: Failed to resolve component: router-link
If this is a native custom element, make sure to exclude it from component resolution via compilerOptions.isCustomElement. 
  at <IconButton icon="edit" title="Edit secret" onClick=fn<onClick> > 
  at <SettingsTable key=3 min-width="720px" > 
  at <Secrets ref="VTU_COMPONENT" > 
  at <VTUROOT>
[Vue warn]: Failed to resolve component: router-link
If this is a native custom element, make sure to exclude it from component resolution via compilerOptions.isCustomElement. 
  at <IconButton icon="trash" class="text-wp-error-100" is-loading=false  ... > 
  at <SettingsTable key=3 min-width="720px" > 
  at <Secrets ref="VTU_COMPONENT" > 
  at <VTUROOT>
[Vue warn]: Failed to resolve component: router-link
If this is a native custom element, make sure to exclude it from component resolution via compilerOptions.isCustomElement. 
  at <IconButton icon="edit" title="Edit secret" onClick=fn<onClick> > 
  at <SettingsTable key=3 min-width="720px" > 
  at <Secrets ref="VTU_COMPONENT" > 
  at <VTUROOT>
[Vue warn]: Failed to resolve component: router-link
If this is a native custom element, make sure to exclude it from component resolution via compilerOptions.isCustomElement. 
  at <IconButton icon="trash" class="text-wp-error-100" is-loading=false  ... > 
  at <SettingsTable key=3 min-width="720px" > 
  at <Secrets ref="VTU_COMPONENT" > 
  at <VTUROOT>
[Vue warn]: Failed to resolve component: router-link
If this is a native custom element, make sure to exclude it from component resolution via compilerOptions.isCustomElement. 
  at <IconButton icon="edit" title="Edit secret" onClick=fn<onClick> > 
  at <SettingsTable key=3 min-width="720px" > 
  at <Secrets ref="VTU_COMPONENT" > 
  at <VTUROOT>
[Vue warn]: Failed to resolve component: router-link
If this is a native custom element, make sure to exclude it from component resolution via compilerOptions.isCustomElement. 
  at <IconButton icon="trash" class="text-wp-error-100" is-loading=false  ... > 
  at <SettingsTable key=3 min-width="720px" > 
  at <Secrets ref="VTU_COMPONENT" > 
  at <VTUROOT>
[Vue warn]: Failed to resolve component: router-link
If this is a native custom element, make sure to exclude it from component resolution via compilerOptions.isCustomElement. 
  at <IconButton icon="edit" title="Edit secret" onClick=fn<onClick> > 
  at <SettingsTable key=3 min-width="720px" > 
  at <Secrets ref="VTU_COMPONENT" > 
  at <VTUROOT>
[Vue warn]: Failed to resolve component: router-link
If this is a native custom element, make sure to exclude it from component resolution via compilerOptions.isCustomElement. 
  at <IconButton icon="trash" class="text-wp-error-100" is-loading=false  ... > 
  at <SettingsTable key=3 min-width="720px" > 
  at <Secrets ref="VTU_COMPONENT" > 
  at <VTUROOT>

stderr | src/views/repo/settings/Secrets.test.ts > repository secrets settings > ignores an obsolete rejection after returning to the same repository
[Vue warn]: Failed to resolve component: router-link
If this is a native custom element, make sure to exclude it from component resolution via compilerOptions.isCustomElement. 
  at <IconButton icon="edit" title="Edit secret" onClick=fn<onClick> > 
  at <SettingsTable key=3 min-width="720px" > 
  at <Secrets ref="VTU_COMPONENT" > 
  at <VTUROOT>
[Vue warn]: Failed to resolve component: router-link
If this is a native custom element, make sure to exclude it from component resolution via compilerOptions.isCustomElement. 
  at <IconButton icon="trash" class="text-wp-error-100" is-loading=false  ... > 
  at <SettingsTable key=3 min-width="720px" > 
  at <Secrets ref="VTU_COMPONENT" > 
  at <VTUROOT>
[Vue warn]: Failed to resolve component: router-link
If this is a native custom element, make sure to exclude it from component resolution via compilerOptions.isCustomElement. 
  at <IconButton icon="edit" title="Edit secret" onClick=fn<onClick> > 
  at <SettingsTable key=3 min-width="720px" > 
  at <Secrets ref="VTU_COMPONENT" > 
  at <VTUROOT>
[Vue warn]: Failed to resolve component: router-link
If this is a native custom element, make sure to exclude it from component resolution via compilerOptions.isCustomElement. 
  at <IconButton icon="trash" class="text-wp-error-100" is-loading=false  ... > 
  at <SettingsTable key=3 min-width="720px" > 
  at <Secrets ref="VTU_COMPONENT" > 
  at <VTUROOT>
[Vue warn]: Failed to resolve component: router-link
If this is a native custom element, make sure to exclude it from component resolution via compilerOptions.isCustomElement. 
  at <IconButton icon="edit" title="Edit secret" onClick=fn<onClick> > 
  at <SettingsTable key=3 min-width="720px" > 
  at <Secrets ref="VTU_COMPONENT" > 
  at <VTUROOT>
[Vue warn]: Failed to resolve component: router-link
If this is a native custom element, make sure to exclude it from component resolution via compilerOptions.isCustomElement. 
  at <IconButton icon="trash" class="text-wp-error-100" is-loading=false  ... > 
  at <SettingsTable key=3 min-width="720px" > 
  at <Secrets ref="VTU_COMPONENT" > 
  at <VTUROOT>
[Vue warn]: Failed to resolve component: router-link
If this is a native custom element, make sure to exclude it from component resolution via compilerOptions.isCustomElement. 
  at <IconButton icon="edit" title="Edit secret" onClick=fn<onClick> > 
  at <SettingsTable key=3 min-width="720px" > 
  at <Secrets ref="VTU_COMPONENT" > 
  at <VTUROOT>
[Vue warn]: Failed to resolve component: router-link
If this is a native custom element, make sure to exclude it from component resolution via compilerOptions.isCustomElement. 
  at <IconButton icon="trash" class="text-wp-error-100" is-loading=false  ... > 
  at <SettingsTable key=3 min-width="720px" > 
  at <Secrets ref="VTU_COMPONENT" > 
  at <VTUROOT>
[Vue warn]: Failed to resolve component: router-link
If this is a native custom element, make sure to exclude it from component resolution via compilerOptions.isCustomElement. 
  at <IconButton icon="edit" title="Edit secret" onClick=fn<onClick> > 
  at <SettingsTable key=3 min-width="720px" > 
  at <Secrets ref="VTU_COMPONENT" > 
  at <VTUROOT>
[Vue warn]: Failed to resolve component: router-link
If this is a native custom element, make sure to exclude it from component resolution via compilerOptions.isCustomElement. 
  at <IconButton icon="trash" class="text-wp-error-100" is-loading=false  ... > 
  at <SettingsTable key=3 min-width="720px" > 
  at <Secrets ref="VTU_COMPONENT" > 
  at <VTUROOT>
[Vue warn]: Failed to resolve component: router-link
If this is a native custom element, make sure to exclude it from component resolution via compilerOptions.isCustomElement. 
  at <IconButton icon="edit" title="Edit secret" onClick=fn<onClick> > 
  at <SettingsTable key=3 min-width="720px" > 
  at <Secrets ref="VTU_COMPONENT" > 
  at <VTUROOT>
[Vue warn]: Failed to resolve component: router-link
If this is a native custom element, make sure to exclude it from component resolution via compilerOptions.isCustomElement. 
  at <IconButton icon="trash" class="text-wp-error-100" is-loading=false  ... > 
  at <SettingsTable key=3 min-width="720px" > 
  at <Secrets ref="VTU_COMPONENT" > 
  at <VTUROOT>

stderr | src/views/repo/settings/Secrets.test.ts > repository secrets settings > does not close or reload the current editor when an obsolete save succeeds after returning to the same repository
[Vue warn]: Failed to resolve component: router-link
If this is a native custom element, make sure to exclude it from component resolution via compilerOptions.isCustomElement. 
  at <IconButton icon="edit" title="Edit secret" onClick=fn<onClick> > 
  at <SettingsTable key=3 min-width="720px" > 
  at <Secrets ref="VTU_COMPONENT" > 
  at <VTUROOT>
[Vue warn]: Failed to resolve component: router-link
If this is a native custom element, make sure to exclude it from component resolution via compilerOptions.isCustomElement. 
  at <IconButton icon="trash" class="text-wp-error-100" is-loading=false  ... > 
  at <SettingsTable key=3 min-width="720px" > 
  at <Secrets ref="VTU_COMPONENT" > 
  at <VTUROOT>
[Vue warn]: Failed to resolve component: router-link
If this is a native custom element, make sure to exclude it from component resolution via compilerOptions.isCustomElement. 
  at <IconButton icon="edit" title="Edit secret" onClick=fn<onClick> > 
  at <SettingsTable key=3 min-width="720px" > 
  at <Secrets ref="VTU_COMPONENT" > 
  at <VTUROOT>
[Vue warn]: Failed to resolve component: router-link
If this is a native custom element, make sure to exclude it from component resolution via compilerOptions.isCustomElement. 
  at <IconButton icon="trash" class="text-wp-error-100" is-loading=false  ... > 
  at <SettingsTable key=3 min-width="720px" > 
  at <Secrets ref="VTU_COMPONENT" > 
  at <VTUROOT>
[Vue warn]: Failed to resolve component: router-link
If this is a native custom element, make sure to exclude it from component resolution via compilerOptions.isCustomElement. 
  at <IconButton icon="edit" title="Edit secret" onClick=fn<onClick> > 
  at <SettingsTable key=3 min-width="720px" > 
  at <Secrets ref="VTU_COMPONENT" > 
  at <VTUROOT>
[Vue warn]: Failed to resolve component: router-link
If this is a native custom element, make sure to exclude it from component resolution via compilerOptions.isCustomElement. 
  at <IconButton icon="trash" class="text-wp-error-100" is-loading=false  ... > 
  at <SettingsTable key=3 min-width="720px" > 
  at <Secrets ref="VTU_COMPONENT" > 
  at <VTUROOT>
[Vue warn]: Failed to resolve component: router-link
If this is a native custom element, make sure to exclude it from component resolution via compilerOptions.isCustomElement. 
  at <IconButton icon="edit" title="Edit secret" onClick=fn<onClick> > 
  at <SettingsTable key=3 min-width="720px" > 
  at <Secrets ref="VTU_COMPONENT" > 
  at <VTUROOT>
[Vue warn]: Failed to resolve component: router-link
If this is a native custom element, make sure to exclude it from component resolution via compilerOptions.isCustomElement. 
  at <IconButton icon="trash" class="text-wp-error-100" is-loading=false  ... > 
  at <SettingsTable key=3 min-width="720px" > 
  at <Secrets ref="VTU_COMPONENT" > 
  at <VTUROOT>
[Vue warn]: Failed to resolve component: router-link
If this is a native custom element, make sure to exclude it from component resolution via compilerOptions.isCustomElement. 
  at <IconButton icon="edit" title="Edit secret" onClick=fn<onClick> > 
  at <SettingsTable key=3 min-width="720px" > 
  at <Secrets ref="VTU_COMPONENT" > 
  at <VTUROOT>
[Vue warn]: Failed to resolve component: router-link
If this is a native custom element, make sure to exclude it from component resolution via compilerOptions.isCustomElement. 
  at <IconButton icon="trash" class="text-wp-error-100" is-loading=false  ... > 
  at <SettingsTable key=3 min-width="720px" > 
  at <Secrets ref="VTU_COMPONENT" > 
  at <VTUROOT>
[Vue warn]: Failed to resolve component: router-link
If this is a native custom element, make sure to exclude it from component resolution via compilerOptions.isCustomElement. 
  at <IconButton icon="edit" title="Edit secret" onClick=fn<onClick> > 
  at <SettingsTable key=3 min-width="720px" > 
  at <Secrets ref="VTU_COMPONENT" > 
  at <VTUROOT>
[Vue warn]: Failed to resolve component: router-link
If this is a native custom element, make sure to exclude it from component resolution via compilerOptions.isCustomElement. 
  at <IconButton icon="trash" class="text-wp-error-100" is-loading=false  ... > 
  at <SettingsTable key=3 min-width="720px" > 
  at <Secrets ref="VTU_COMPONENT" > 
  at <VTUROOT>
[Vue warn]: Failed to resolve component: router-link
If this is a native custom element, make sure to exclude it from component resolution via compilerOptions.isCustomElement. 
  at <IconButton icon="edit" title="Edit secret" onClick=fn<onClick> > 
  at <SettingsTable key=3 min-width="720px" > 
  at <Secrets ref="VTU_COMPONENT" > 
  at <VTUROOT>
[Vue warn]: Failed to resolve component: router-link
If this is a native custom element, make sure to exclude it from component resolution via compilerOptions.isCustomElement. 
  at <IconButton icon="trash" class="text-wp-error-100" is-loading=false  ... > 
  at <SettingsTable key=3 min-width="720px" > 
  at <Secrets ref="VTU_COMPONENT" > 
  at <VTUROOT>

stderr | src/views/repo/settings/Crons.test.ts > repository cron settings > does not close, announce, or reload when an obsolete cron save completes after returning to the same repository
[Vue warn]: Failed to resolve component: router-link
If this is a native custom element, make sure to exclude it from component resolution via compilerOptions.isCustomElement. 
  at <IconButton icon="play-outline" is-loading=false title="Run now"  ... > 
  at <SettingsTable key=3 min-width="820px" > 
  at <Crons ref="VTU_COMPONENT" > 
  at <VTUROOT>
[Vue warn]: Failed to resolve component: router-link
If this is a native custom element, make sure to exclude it from component resolution via compilerOptions.isCustomElement. 
  at <IconButton icon="edit" title="Edit cron" onClick=fn<onClick> > 
  at <SettingsTable key=3 min-width="820px" > 
  at <Crons ref="VTU_COMPONENT" > 
  at <VTUROOT>
[Vue warn]: Failed to resolve component: router-link
If this is a native custom element, make sure to exclude it from component resolution via compilerOptions.isCustomElement. 
  at <IconButton icon="trash" class="text-wp-error-100" is-loading=false  ... > 
  at <SettingsTable key=3 min-width="820px" > 
  at <Crons ref="VTU_COMPONENT" > 
  at <VTUROOT>
[Vue warn]: Failed to resolve component: router-link
If this is a native custom element, make sure to exclude it from component resolution via compilerOptions.isCustomElement. 
  at <IconButton icon="play-outline" is-loading=false title="Run now"  ... > 
  at <SettingsTable key=3 min-width="820px" > 
  at <Crons ref="VTU_COMPONENT" > 
  at <VTUROOT>
[Vue warn]: Failed to resolve component: router-link
If this is a native custom element, make sure to exclude it from component resolution via compilerOptions.isCustomElement. 
  at <IconButton icon="edit" title="Edit cron" onClick=fn<onClick> > 
  at <SettingsTable key=3 min-width="820px" > 
  at <Crons ref="VTU_COMPONENT" > 
  at <VTUROOT>
[Vue warn]: Failed to resolve component: router-link
If this is a native custom element, make sure to exclude it from component resolution via compilerOptions.isCustomElement. 
  at <IconButton icon="trash" class="text-wp-error-100" is-loading=false  ... > 
  at <SettingsTable key=3 min-width="820px" > 
  at <Crons ref="VTU_COMPONENT" > 
  at <VTUROOT>
[Vue warn]: Failed to resolve component: router-link
If this is a native custom element, make sure to exclude it from component resolution via compilerOptions.isCustomElement. 
  at <IconButton icon="play-outline" is-loading=false title="Run now"  ... > 
  at <SettingsTable key=3 min-width="820px" > 
  at <Crons ref="VTU_COMPONENT" > 
  at <VTUROOT>
[Vue warn]: Failed to resolve component: router-link
If this is a native custom element, make sure to exclude it from component resolution via compilerOptions.isCustomElement. 
  at <IconButton icon="edit" title="Edit cron" onClick=fn<onClick> > 
  at <SettingsTable key=3 min-width="820px" > 
  at <Crons ref="VTU_COMPONENT" > 
  at <VTUROOT>
[Vue warn]: Failed to resolve component: router-link
If this is a native custom element, make sure to exclude it from component resolution via compilerOptions.isCustomElement. 
  at <IconButton icon="trash" class="text-wp-error-100" is-loading=false  ... > 
  at <SettingsTable key=3 min-width="820px" > 
  at <Crons ref="VTU_COMPONENT" > 
  at <VTUROOT>
[Vue warn]: Failed to resolve component: router-link
If this is a native custom element, make sure to exclude it from component resolution via compilerOptions.isCustomElement. 
  at <IconButton icon="play-outline" is-loading=false title="Run now"  ... > 
  at <SettingsTable key=3 min-width="820px" > 
  at <Crons ref="VTU_COMPONENT" > 
  at <VTUROOT>
[Vue warn]: Failed to resolve component: router-link
If this is a native custom element, make sure to exclude it from component resolution via compilerOptions.isCustomElement. 
  at <IconButton icon="edit" title="Edit cron" onClick=fn<onClick> > 
  at <SettingsTable key=3 min-width="820px" > 
  at <Crons ref="VTU_COMPONENT" > 
  at <VTUROOT>
[Vue warn]: Failed to resolve component: router-link
If this is a native custom element, make sure to exclude it from component resolution via compilerOptions.isCustomElement. 
  at <IconButton icon="trash" class="text-wp-error-100" is-loading=false  ... > 
  at <SettingsTable key=3 min-width="820px" > 
  at <Crons ref="VTU_COMPONENT" > 
  at <VTUROOT>
[Vue warn]: Failed to resolve component: router-link
If this is a native custom element, make sure to exclude it from component resolution via compilerOptions.isCustomElement. 
  at <IconButton icon="play-outline" is-loading=false title="Run now"  ... > 
  at <SettingsTable key=3 min-width="820px" > 
  at <Crons ref="VTU_COMPONENT" > 
  at <VTUROOT>
[Vue warn]: Failed to resolve component: router-link
If this is a native custom element, make sure to exclude it from component resolution via compilerOptions.isCustomElement. 
  at <IconButton icon="edit" title="Edit cron" onClick=fn<onClick> > 
  at <SettingsTable key=3 min-width="820px" > 
  at <Crons ref="VTU_COMPONENT" > 
  at <VTUROOT>
[Vue warn]: Failed to resolve component: router-link
If this is a native custom element, make sure to exclude it from component resolution via compilerOptions.isCustomElement. 
  at <IconButton icon="trash" class="text-wp-error-100" is-loading=false  ... > 
  at <SettingsTable key=3 min-width="820px" > 
  at <Crons ref="VTU_COMPONENT" > 
  at <VTUROOT>
[Vue warn]: Failed to resolve component: router-link
If this is a native custom element, make sure to exclude it from component resolution via compilerOptions.isCustomElement. 
  at <IconButton icon="play-outline" is-loading=false title="Run now"  ... > 
  at <SettingsTable key=3 min-width="820px" > 
  at <Crons ref="VTU_COMPONENT" > 
  at <VTUROOT>
[Vue warn]: Failed to resolve component: router-link
If this is a native custom element, make sure to exclude it from component resolution via compilerOptions.isCustomElement. 
  at <IconButton icon="edit" title="Edit cron" onClick=fn<onClick> > 
  at <SettingsTable key=3 min-width="820px" > 
  at <Crons ref="VTU_COMPONENT" > 
  at <VTUROOT>
[Vue warn]: Failed to resolve component: router-link
If this is a native custom element, make sure to exclude it from component resolution via compilerOptions.isCustomElement. 
  at <IconButton icon="trash" class="text-wp-error-100" is-loading=false  ... > 
  at <SettingsTable key=3 min-width="820px" > 
  at <Crons ref="VTU_COMPONENT" > 
  at <VTUROOT>
[Vue warn]: Failed to resolve component: router-link
If this is a native custom element, make sure to exclude it from component resolution via compilerOptions.isCustomElement. 
  at <IconButton icon="play-outline" is-loading=false title="Run now"  ... > 
  at <SettingsTable key=3 min-width="820px" > 
  at <Crons ref="VTU_COMPONENT" > 
  at <VTUROOT>
[Vue warn]: Failed to resolve component: router-link
If this is a native custom element, make sure to exclude it from component resolution via compilerOptions.isCustomElement. 
  at <IconButton icon="edit" title="Edit cron" onClick=fn<onClick> > 
  at <SettingsTable key=3 min-width="820px" > 
  at <Crons ref="VTU_COMPONENT" > 
  at <VTUROOT>
[Vue warn]: Failed to resolve component: router-link
If this is a native custom element, make sure to exclude it from component resolution via compilerOptions.isCustomElement. 
  at <IconButton icon="trash" class="text-wp-error-100" is-loading=false  ... > 
  at <SettingsTable key=3 min-width="820px" > 
  at <Crons ref="VTU_COMPONENT" > 
  at <VTUROOT>
[Vue warn]: Failed to resolve component: router-link
If this is a native custom element, make sure to exclude it from component resolution via compilerOptions.isCustomElement. 
  at <IconButton icon="play-outline" is-loading=false title="Run now"  ... > 
  at <SettingsTable key=3 min-width="820px" > 
  at <Crons ref="VTU_COMPONENT" > 
  at <VTUROOT>
[Vue warn]: Failed to resolve component: router-link
If this is a native custom element, make sure to exclude it from component resolution via compilerOptions.isCustomElement. 
  at <IconButton icon="edit" title="Edit cron" onClick=fn<onClick> > 
  at <SettingsTable key=3 min-width="820px" > 
  at <Crons ref="VTU_COMPONENT" > 
  at <VTUROOT>
[Vue warn]: Failed to resolve component: router-link
If this is a native custom element, make sure to exclude it from component resolution via compilerOptions.isCustomElement. 
  at <IconButton icon="trash" class="text-wp-error-100" is-loading=false  ... > 
  at <SettingsTable key=3 min-width="820px" > 
  at <Crons ref="VTU_COMPONENT" > 
  at <VTUROOT>
[Vue warn]: Failed to resolve component: router-link
If this is a native custom element, make sure to exclude it from component resolution via compilerOptions.isCustomElement. 
  at <IconButton icon="play-outline" is-loading=false title="Run now"  ... > 
  at <SettingsTable key=3 min-width="820px" > 
  at <Crons ref="VTU_COMPONENT" > 
  at <VTUROOT>
[Vue warn]: Failed to resolve component: router-link
If this is a native custom element, make sure to exclude it from component resolution via compilerOptions.isCustomElement. 
  at <IconButton icon="edit" title="Edit cron" onClick=fn<onClick> > 
  at <SettingsTable key=3 min-width="820px" > 
  at <Crons ref="VTU_COMPONENT" > 
  at <VTUROOT>
[Vue warn]: Failed to resolve component: router-link
If this is a native custom element, make sure to exclude it from component resolution via compilerOptions.isCustomElement. 
  at <IconButton icon="trash" class="text-wp-error-100" is-loading=false  ... > 
  at <SettingsTable key=3 min-width="820px" > 
  at <Crons ref="VTU_COMPONENT" > 
  at <VTUROOT>
[Vue warn]: Failed to resolve component: router-link
If this is a native custom element, make sure to exclude it from component resolution via compilerOptions.isCustomElement. 
  at <IconButton icon="play-outline" is-loading=false title="Run now"  ... > 
  at <SettingsTable key=3 min-width="820px" > 
  at <Crons ref="VTU_COMPONENT" > 
  at <VTUROOT>
[Vue warn]: Failed to resolve component: router-link
If this is a native custom element, make sure to exclude it from component resolution via compilerOptions.isCustomElement. 
  at <IconButton icon="edit" title="Edit cron" onClick=fn<onClick> > 
  at <SettingsTable key=3 min-width="820px" > 
  at <Crons ref="VTU_COMPONENT" > 
  at <VTUROOT>
[Vue warn]: Failed to resolve component: router-link
If this is a native custom element, make sure to exclude it from component resolution via compilerOptions.isCustomElement. 
  at <IconButton icon="trash" class="text-wp-error-100" is-loading=false  ... > 
  at <SettingsTable key=3 min-width="820px" > 
  at <Crons ref="VTU_COMPONENT" > 
  at <VTUROOT>
[Vue warn]: Failed to resolve component: router-link
If this is a native custom element, make sure to exclude it from component resolution via compilerOptions.isCustomElement. 
  at <IconButton icon="play-outline" is-loading=false title="Run now"  ... > 
  at <SettingsTable key=3 min-width="820px" > 
  at <Crons ref="VTU_COMPONENT" > 
  at <VTUROOT>
[Vue warn]: Failed to resolve component: router-link
If this is a native custom element, make sure to exclude it from component resolution via compilerOptions.isCustomElement. 
  at <IconButton icon="edit" title="Edit cron" onClick=fn<onClick> > 
  at <SettingsTable key=3 min-width="820px" > 
  at <Crons ref="VTU_COMPONENT" > 
  at <VTUROOT>
[Vue warn]: Failed to resolve component: router-link
If this is a native custom element, make sure to exclude it from component resolution via compilerOptions.isCustomElement. 
  at <IconButton icon="trash" class="text-wp-error-100" is-loading=false  ... > 
  at <SettingsTable key=3 min-width="820px" > 
  at <Crons ref="VTU_COMPONENT" > 
  at <VTUROOT>

stderr | src/views/repo/settings/Secrets.test.ts > repository secrets settings > does not close or reload the current editor when an obsolete save rejects after returning to the same repository
[Vue warn]: Failed to resolve component: router-link
If this is a native custom element, make sure to exclude it from component resolution via compilerOptions.isCustomElement. 
  at <IconButton icon="edit" title="Edit secret" onClick=fn<onClick> > 
  at <SettingsTable key=3 min-width="720px" > 
  at <Secrets ref="VTU_COMPONENT" > 
  at <VTUROOT>
[Vue warn]: Failed to resolve component: router-link
If this is a native custom element, make sure to exclude it from component resolution via compilerOptions.isCustomElement. 
  at <IconButton icon="trash" class="text-wp-error-100" is-loading=false  ... > 
  at <SettingsTable key=3 min-width="720px" > 
  at <Secrets ref="VTU_COMPONENT" > 
  at <VTUROOT>
[Vue warn]: Failed to resolve component: router-link
If this is a native custom element, make sure to exclude it from component resolution via compilerOptions.isCustomElement. 
  at <IconButton icon="edit" title="Edit secret" onClick=fn<onClick> > 
  at <SettingsTable key=3 min-width="720px" > 
  at <Secrets ref="VTU_COMPONENT" > 
  at <VTUROOT>
[Vue warn]: Failed to resolve component: router-link
If this is a native custom element, make sure to exclude it from component resolution via compilerOptions.isCustomElement. 
  at <IconButton icon="trash" class="text-wp-error-100" is-loading=false  ... > 
  at <SettingsTable key=3 min-width="720px" > 
  at <Secrets ref="VTU_COMPONENT" > 
  at <VTUROOT>
[Vue warn]: Failed to resolve component: router-link
If this is a native custom element, make sure to exclude it from component resolution via compilerOptions.isCustomElement. 
  at <IconButton icon="edit" title="Edit secret" onClick=fn<onClick> > 
  at <SettingsTable key=3 min-width="720px" > 
  at <Secrets ref="VTU_COMPONENT" > 
  at <VTUROOT>
[Vue warn]: Failed to resolve component: router-link
If this is a native custom element, make sure to exclude it from component resolution via compilerOptions.isCustomElement. 
  at <IconButton icon="trash" class="text-wp-error-100" is-loading=false  ... > 
  at <SettingsTable key=3 min-width="720px" > 
  at <Secrets ref="VTU_COMPONENT" > 
  at <VTUROOT>
[Vue warn]: Failed to resolve component: router-link
If this is a native custom element, make sure to exclude it from component resolution via compilerOptions.isCustomElement. 
  at <IconButton icon="edit" title="Edit secret" onClick=fn<onClick> > 
  at <SettingsTable key=3 min-width="720px" > 
  at <Secrets ref="VTU_COMPONENT" > 
  at <VTUROOT>
[Vue warn]: Failed to resolve component: router-link
If this is a native custom element, make sure to exclude it from component resolution via compilerOptions.isCustomElement. 
  at <IconButton icon="trash" class="text-wp-error-100" is-loading=false  ... > 
  at <SettingsTable key=3 min-width="720px" > 
  at <Secrets ref="VTU_COMPONENT" > 
  at <VTUROOT>
[Vue warn]: Failed to resolve component: router-link
If this is a native custom element, make sure to exclude it from component resolution via compilerOptions.isCustomElement. 
  at <IconButton icon="edit" title="Edit secret" onClick=fn<onClick> > 
  at <SettingsTable key=3 min-width="720px" > 
  at <Secrets ref="VTU_COMPONENT" > 
  at <VTUROOT>
[Vue warn]: Failed to resolve component: router-link
If this is a native custom element, make sure to exclude it from component resolution via compilerOptions.isCustomElement. 
  at <IconButton icon="trash" class="text-wp-error-100" is-loading=false  ... > 
  at <SettingsTable key=3 min-width="720px" > 
  at <Secrets ref="VTU_COMPONENT" > 
  at <VTUROOT>
[Vue warn]: Failed to resolve component: router-link
If this is a native custom element, make sure to exclude it from component resolution via compilerOptions.isCustomElement. 
  at <IconButton icon="edit" title="Edit secret" onClick=fn<onClick> > 
  at <SettingsTable key=3 min-width="720px" > 
  at <Secrets ref="VTU_COMPONENT" > 
  at <VTUROOT>
[Vue warn]: Failed to resolve component: router-link
If this is a native custom element, make sure to exclude it from component resolution via compilerOptions.isCustomElement. 
  at <IconButton icon="trash" class="text-wp-error-100" is-loading=false  ... > 
  at <SettingsTable key=3 min-width="720px" > 
  at <Secrets ref="VTU_COMPONENT" > 
  at <VTUROOT>
[Vue warn]: Failed to resolve component: router-link
If this is a native custom element, make sure to exclude it from component resolution via compilerOptions.isCustomElement. 
  at <IconButton icon="edit" title="Edit secret" onClick=fn<onClick> > 
  at <SettingsTable key=3 min-width="720px" > 
  at <Secrets ref="VTU_COMPONENT" > 
  at <VTUROOT>
[Vue warn]: Failed to resolve component: router-link
If this is a native custom element, make sure to exclude it from component resolution via compilerOptions.isCustomElement. 
  at <IconButton icon="trash" class="text-wp-error-100" is-loading=false  ... > 
  at <SettingsTable key=3 min-width="720px" > 
  at <Secrets ref="VTU_COMPONENT" > 
  at <VTUROOT>

stderr | src/views/repo/settings/Secrets.test.ts > repository secrets settings > does not announce or reload when an obsolete deletion completes after returning to the same repository
[Vue warn]: Failed to resolve component: router-link
If this is a native custom element, make sure to exclude it from component resolution via compilerOptions.isCustomElement. 
  at <IconButton icon="edit" title="Edit secret" onClick=fn<onClick> > 
  at <SettingsTable key=3 min-width="720px" > 
  at <Secrets ref="VTU_COMPONENT" > 
  at <VTUROOT>
[Vue warn]: Failed to resolve component: router-link
If this is a native custom element, make sure to exclude it from component resolution via compilerOptions.isCustomElement. 
  at <IconButton icon="trash" class="text-wp-error-100" is-loading=false  ... > 
  at <SettingsTable key=3 min-width="720px" > 
  at <Secrets ref="VTU_COMPONENT" > 
  at <VTUROOT>
[Vue warn]: Failed to resolve component: router-link
If this is a native custom element, make sure to exclude it from component resolution via compilerOptions.isCustomElement. 
  at <IconButton icon="edit" title="Edit secret" onClick=fn<onClick> > 
  at <SettingsTable key=3 min-width="720px" > 
  at <Secrets ref="VTU_COMPONENT" > 
  at <VTUROOT>
[Vue warn]: Failed to resolve component: router-link
If this is a native custom element, make sure to exclude it from component resolution via compilerOptions.isCustomElement. 
  at <IconButton icon="trash" class="text-wp-error-100" is-loading=false  ... > 
  at <SettingsTable key=3 min-width="720px" > 
  at <Secrets ref="VTU_COMPONENT" > 
  at <VTUROOT>
[Vue warn]: Failed to resolve component: router-link
If this is a native custom element, make sure to exclude it from component resolution via compilerOptions.isCustomElement. 
  at <IconButton icon="edit" title="Edit secret" onClick=fn<onClick> > 
  at <SettingsTable key=3 min-width="720px" > 
  at <Secrets ref="VTU_COMPONENT" > 
  at <VTUROOT>
[Vue warn]: Failed to resolve component: router-link
If this is a native custom element, make sure to exclude it from component resolution via compilerOptions.isCustomElement. 
  at <IconButton icon="trash" class="text-wp-error-100" is-loading=false  ... > 
  at <SettingsTable key=3 min-width="720px" > 
  at <Secrets ref="VTU_COMPONENT" > 
  at <VTUROOT>
[Vue warn]: Failed to resolve component: router-link
If this is a native custom element, make sure to exclude it from component resolution via compilerOptions.isCustomElement. 
  at <IconButton icon="edit" title="Edit secret" onClick=fn<onClick> > 
  at <SettingsTable key=3 min-width="720px" > 
  at <Secrets ref="VTU_COMPONENT" > 
  at <VTUROOT>
[Vue warn]: Failed to resolve component: router-link
If this is a native custom element, make sure to exclude it from component resolution via compilerOptions.isCustomElement. 
  at <IconButton icon="trash" class="text-wp-error-100" is-loading=false  ... > 
  at <SettingsTable key=3 min-width="720px" > 
  at <Secrets ref="VTU_COMPONENT" > 
  at <VTUROOT>
[Vue warn]: Failed to resolve component: router-link
If this is a native custom element, make sure to exclude it from component resolution via compilerOptions.isCustomElement. 
  at <IconButton icon="edit" title="Edit secret" onClick=fn<onClick> > 
  at <SettingsTable key=3 min-width="720px" > 
  at <Secrets ref="VTU_COMPONENT" > 
  at <VTUROOT>
[Vue warn]: Failed to resolve component: router-link
If this is a native custom element, make sure to exclude it from component resolution via compilerOptions.isCustomElement. 
  at <IconButton icon="trash" class="text-wp-error-100" is-loading=false  ... > 
  at <SettingsTable key=3 min-width="720px" > 
  at <Secrets ref="VTU_COMPONENT" > 
  at <VTUROOT>
[Vue warn]: Failed to resolve component: router-link
If this is a native custom element, make sure to exclude it from component resolution via compilerOptions.isCustomElement. 
  at <IconButton icon="edit" title="Edit secret" onClick=fn<onClick> > 
  at <SettingsTable key=3 min-width="720px" > 
  at <Secrets ref="VTU_COMPONENT" > 
  at <VTUROOT>
[Vue warn]: Failed to resolve component: router-link
If this is a native custom element, make sure to exclude it from component resolution via compilerOptions.isCustomElement. 
  at <IconButton icon="trash" class="text-wp-error-100" is-loading=false  ... > 
  at <SettingsTable key=3 min-width="720px" > 
  at <Secrets ref="VTU_COMPONENT" > 
  at <VTUROOT>
[Vue warn]: Failed to resolve component: router-link
If this is a native custom element, make sure to exclude it from component resolution via compilerOptions.isCustomElement. 
  at <IconButton icon="edit" title="Edit secret" onClick=fn<onClick> > 
  at <SettingsTable key=3 min-width="720px" > 
  at <Secrets ref="VTU_COMPONENT" > 
  at <VTUROOT>
[Vue warn]: Failed to resolve component: router-link
If this is a native custom element, make sure to exclude it from component resolution via compilerOptions.isCustomElement. 
  at <IconButton icon="trash" class="text-wp-error-100" is-loading=false  ... > 
  at <SettingsTable key=3 min-width="720px" > 
  at <Secrets ref="VTU_COMPONENT" > 
  at <VTUROOT>

stderr | src/views/repo/settings/Secrets.test.ts > repository secrets settings > clears editor state and reloads when the repository changes
[Vue warn]: Failed to resolve component: router-link
If this is a native custom element, make sure to exclude it from component resolution via compilerOptions.isCustomElement. 
  at <IconButton icon="edit" title="Edit secret" onClick=fn<onClick> > 
  at <SettingsTable key=3 min-width="720px" > 
  at <Secrets ref="VTU_COMPONENT" > 
  at <VTUROOT>
[Vue warn]: Failed to resolve component: router-link
If this is a native custom element, make sure to exclude it from component resolution via compilerOptions.isCustomElement. 
  at <IconButton icon="trash" class="text-wp-error-100" is-loading=false  ... > 
  at <SettingsTable key=3 min-width="720px" > 
  at <Secrets ref="VTU_COMPONENT" > 
  at <VTUROOT>
[Vue warn]: Failed to resolve component: router-link
If this is a native custom element, make sure to exclude it from component resolution via compilerOptions.isCustomElement. 
  at <IconButton icon="edit" title="Edit secret" onClick=fn<onClick> > 
  at <SettingsTable key=3 min-width="720px" > 
  at <Secrets ref="VTU_COMPONENT" > 
  at <VTUROOT>
[Vue warn]: Failed to resolve component: router-link
If this is a native custom element, make sure to exclude it from component resolution via compilerOptions.isCustomElement. 
  at <IconButton icon="trash" class="text-wp-error-100" is-loading=false  ... > 
  at <SettingsTable key=3 min-width="720px" > 
  at <Secrets ref="VTU_COMPONENT" > 
  at <VTUROOT>
[Vue warn]: Failed to resolve component: router-link
If this is a native custom element, make sure to exclude it from component resolution via compilerOptions.isCustomElement. 
  at <IconButton icon="edit" title="Edit secret" onClick=fn<onClick> > 
  at <SettingsTable key=3 min-width="720px" > 
  at <Secrets ref="VTU_COMPONENT" > 
  at <VTUROOT>
[Vue warn]: Failed to resolve component: router-link
If this is a native custom element, make sure to exclude it from component resolution via compilerOptions.isCustomElement. 
  at <IconButton icon="trash" class="text-wp-error-100" is-loading=false  ... > 
  at <SettingsTable key=3 min-width="720px" > 
  at <Secrets ref="VTU_COMPONENT" > 
  at <VTUROOT>
[Vue warn]: Failed to resolve component: router-link
If this is a native custom element, make sure to exclude it from component resolution via compilerOptions.isCustomElement. 
  at <IconButton icon="edit" title="Edit secret" onClick=fn<onClick> > 
  at <SettingsTable key=3 min-width="720px" > 
  at <Secrets ref="VTU_COMPONENT" > 
  at <VTUROOT>
[Vue warn]: Failed to resolve component: router-link
If this is a native custom element, make sure to exclude it from component resolution via compilerOptions.isCustomElement. 
  at <IconButton icon="trash" class="text-wp-error-100" is-loading=false  ... > 
  at <SettingsTable key=3 min-width="720px" > 
  at <Secrets ref="VTU_COMPONENT" > 
  at <VTUROOT>
[Vue warn]: Failed to resolve component: router-link
If this is a native custom element, make sure to exclude it from component resolution via compilerOptions.isCustomElement. 
  at <IconButton icon="edit" title="Edit secret" onClick=fn<onClick> > 
  at <SettingsTable key=3 min-width="720px" > 
  at <Secrets ref="VTU_COMPONENT" > 
  at <VTUROOT>
[Vue warn]: Failed to resolve component: router-link
If this is a native custom element, make sure to exclude it from component resolution via compilerOptions.isCustomElement. 
  at <IconButton icon="trash" class="text-wp-error-100" is-loading=false  ... > 
  at <SettingsTable key=3 min-width="720px" > 
  at <Secrets ref="VTU_COMPONENT" > 
  at <VTUROOT>
[Vue warn]: Failed to resolve component: router-link
If this is a native custom element, make sure to exclude it from component resolution via compilerOptions.isCustomElement. 
  at <IconButton icon="edit" title="Edit secret" onClick=fn<onClick> > 
  at <SettingsTable key=3 min-width="720px" > 
  at <Secrets ref="VTU_COMPONENT" > 
  at <VTUROOT>
[Vue warn]: Failed to resolve component: router-link
If this is a native custom element, make sure to exclude it from component resolution via compilerOptions.isCustomElement. 
  at <IconButton icon="trash" class="text-wp-error-100" is-loading=false  ... > 
  at <SettingsTable key=3 min-width="720px" > 
  at <Secrets ref="VTU_COMPONENT" > 
  at <VTUROOT>
[Vue warn]: Failed to resolve component: router-link
If this is a native custom element, make sure to exclude it from component resolution via compilerOptions.isCustomElement. 
  at <IconButton icon="edit" title="Edit secret" onClick=fn<onClick> > 
  at <SettingsTable key=3 min-width="720px" > 
  at <Secrets ref="VTU_COMPONENT" > 
  at <VTUROOT>
[Vue warn]: Failed to resolve component: router-link
If this is a native custom element, make sure to exclude it from component resolution via compilerOptions.isCustomElement. 
  at <IconButton icon="trash" class="text-wp-error-100" is-loading=false  ... > 
  at <SettingsTable key=3 min-width="720px" > 
  at <Secrets ref="VTU_COMPONENT" > 
  at <VTUROOT>
[Vue warn]: Failed to resolve component: router-link
If this is a native custom element, make sure to exclude it from component resolution via compilerOptions.isCustomElement. 
  at <IconButton icon="edit" title="Edit secret" onClick=fn<onClick> > 
  at <SettingsTable key=3 min-width="720px" > 
  at <Secrets ref="VTU_COMPONENT" > 
  at <VTUROOT>
[Vue warn]: Failed to resolve component: router-link
If this is a native custom element, make sure to exclude it from component resolution via compilerOptions.isCustomElement. 
  at <IconButton icon="trash" class="text-wp-error-100" is-loading=false  ... > 
  at <SettingsTable key=3 min-width="720px" > 
  at <Secrets ref="VTU_COMPONENT" > 
  at <VTUROOT>

stderr | src/views/repo/settings/Crons.test.ts > repository cron settings > does not announce or reload when an obsolete cron deletion completes after returning to the same repository
[Vue warn]: Failed to resolve component: router-link
If this is a native custom element, make sure to exclude it from component resolution via compilerOptions.isCustomElement. 
  at <IconButton icon="play-outline" is-loading=false title="Run now"  ... > 
  at <SettingsTable key=3 min-width="820px" > 
  at <Crons ref="VTU_COMPONENT" > 
  at <VTUROOT>
[Vue warn]: Failed to resolve component: router-link
If this is a native custom element, make sure to exclude it from component resolution via compilerOptions.isCustomElement. 
  at <IconButton icon="edit" title="Edit cron" onClick=fn<onClick> > 
  at <SettingsTable key=3 min-width="820px" > 
  at <Crons ref="VTU_COMPONENT" > 
  at <VTUROOT>
[Vue warn]: Failed to resolve component: router-link
If this is a native custom element, make sure to exclude it from component resolution via compilerOptions.isCustomElement. 
  at <IconButton icon="trash" class="text-wp-error-100" is-loading=false  ... > 
  at <SettingsTable key=3 min-width="820px" > 
  at <Crons ref="VTU_COMPONENT" > 
  at <VTUROOT>
[Vue warn]: Failed to resolve component: router-link
If this is a native custom element, make sure to exclude it from component resolution via compilerOptions.isCustomElement. 
  at <IconButton icon="play-outline" is-loading=false title="Run now"  ... > 
  at <SettingsTable key=3 min-width="820px" > 
  at <Crons ref="VTU_COMPONENT" > 
  at <VTUROOT>
[Vue warn]: Failed to resolve component: router-link
If this is a native custom element, make sure to exclude it from component resolution via compilerOptions.isCustomElement. 
  at <IconButton icon="edit" title="Edit cron" onClick=fn<onClick> > 
  at <SettingsTable key=3 min-width="820px" > 
  at <Crons ref="VTU_COMPONENT" > 
  at <VTUROOT>
[Vue warn]: Failed to resolve component: router-link
If this is a native custom element, make sure to exclude it from component resolution via compilerOptions.isCustomElement. 
  at <IconButton icon="trash" class="text-wp-error-100" is-loading=false  ... > 
  at <SettingsTable key=3 min-width="820px" > 
  at <Crons ref="VTU_COMPONENT" > 
  at <VTUROOT>
[Vue warn]: Failed to resolve component: router-link
If this is a native custom element, make sure to exclude it from component resolution via compilerOptions.isCustomElement. 
  at <IconButton icon="play-outline" is-loading=false title="Run now"  ... > 
  at <SettingsTable key=3 min-width="820px" > 
  at <Crons ref="VTU_COMPONENT" > 
  at <VTUROOT>
[Vue warn]: Failed to resolve component: router-link
If this is a native custom element, make sure to exclude it from component resolution via compilerOptions.isCustomElement. 
  at <IconButton icon="edit" title="Edit cron" onClick=fn<onClick> > 
  at <SettingsTable key=3 min-width="820px" > 
  at <Crons ref="VTU_COMPONENT" > 
  at <VTUROOT>
[Vue warn]: Failed to resolve component: router-link
If this is a native custom element, make sure to exclude it from component resolution via compilerOptions.isCustomElement. 
  at <IconButton icon="trash" class="text-wp-error-100" is-loading=false  ... > 
  at <SettingsTable key=3 min-width="820px" > 
  at <Crons ref="VTU_COMPONENT" > 
  at <VTUROOT>
[Vue warn]: Failed to resolve component: router-link
If this is a native custom element, make sure to exclude it from component resolution via compilerOptions.isCustomElement. 
  at <IconButton icon="play-outline" is-loading=false title="Run now"  ... > 
  at <SettingsTable key=3 min-width="820px" > 
  at <Crons ref="VTU_COMPONENT" > 
  at <VTUROOT>
[Vue warn]: Failed to resolve component: router-link
If this is a native custom element, make sure to exclude it from component resolution via compilerOptions.isCustomElement. 
  at <IconButton icon="edit" title="Edit cron" onClick=fn<onClick> > 
  at <SettingsTable key=3 min-width="820px" > 
  at <Crons ref="VTU_COMPONENT" > 
  at <VTUROOT>
[Vue warn]: Failed to resolve component: router-link
If this is a native custom element, make sure to exclude it from component resolution via compilerOptions.isCustomElement. 
  at <IconButton icon="trash" class="text-wp-error-100" is-loading=false  ... > 
  at <SettingsTable key=3 min-width="820px" > 
  at <Crons ref="VTU_COMPONENT" > 
  at <VTUROOT>
[Vue warn]: Failed to resolve component: router-link
If this is a native custom element, make sure to exclude it from component resolution via compilerOptions.isCustomElement. 
  at <IconButton icon="play-outline" is-loading=false title="Run now"  ... > 
  at <SettingsTable key=3 min-width="820px" > 
  at <Crons ref="VTU_COMPONENT" > 
  at <VTUROOT>
[Vue warn]: Failed to resolve component: router-link
If this is a native custom element, make sure to exclude it from component resolution via compilerOptions.isCustomElement. 
  at <IconButton icon="edit" title="Edit cron" onClick=fn<onClick> > 
  at <SettingsTable key=3 min-width="820px" > 
  at <Crons ref="VTU_COMPONENT" > 
  at <VTUROOT>
[Vue warn]: Failed to resolve component: router-link
If this is a native custom element, make sure to exclude it from component resolution via compilerOptions.isCustomElement. 
  at <IconButton icon="trash" class="text-wp-error-100" is-loading=false  ... > 
  at <SettingsTable key=3 min-width="820px" > 
  at <Crons ref="VTU_COMPONENT" > 
  at <VTUROOT>
[Vue warn]: Failed to resolve component: router-link
If this is a native custom element, make sure to exclude it from component resolution via compilerOptions.isCustomElement. 
  at <IconButton icon="play-outline" is-loading=false title="Run now"  ... > 
  at <SettingsTable key=3 min-width="820px" > 
  at <Crons ref="VTU_COMPONENT" > 
  at <VTUROOT>
[Vue warn]: Failed to resolve component: router-link
If this is a native custom element, make sure to exclude it from component resolution via compilerOptions.isCustomElement. 
  at <IconButton icon="edit" title="Edit cron" onClick=fn<onClick> > 
  at <SettingsTable key=3 min-width="820px" > 
  at <Crons ref="VTU_COMPONENT" > 
  at <VTUROOT>
[Vue warn]: Failed to resolve component: router-link
If this is a native custom element, make sure to exclude it from component resolution via compilerOptions.isCustomElement. 
  at <IconButton icon="trash" class="text-wp-error-100" is-loading=false  ... > 
  at <SettingsTable key=3 min-width="820px" > 
  at <Crons ref="VTU_COMPONENT" > 
  at <VTUROOT>
[Vue warn]: Failed to resolve component: router-link
If this is a native custom element, make sure to exclude it from component resolution via compilerOptions.isCustomElement. 
  at <IconButton icon="play-outline" is-loading=false title="Run now"  ... > 
  at <SettingsTable key=3 min-width="820px" > 
  at <Crons ref="VTU_COMPONENT" > 
  at <VTUROOT>
[Vue warn]: Failed to resolve component: router-link
If this is a native custom element, make sure to exclude it from component resolution via compilerOptions.isCustomElement. 
  at <IconButton icon="edit" title="Edit cron" onClick=fn<onClick> > 
  at <SettingsTable key=3 min-width="820px" > 
  at <Crons ref="VTU_COMPONENT" > 
  at <VTUROOT>
[Vue warn]: Failed to resolve component: router-link
If this is a native custom element, make sure to exclude it from component resolution via compilerOptions.isCustomElement. 
  at <IconButton icon="trash" class="text-wp-error-100" is-loading=false  ... > 
  at <SettingsTable key=3 min-width="820px" > 
  at <Crons ref="VTU_COMPONENT" > 
  at <VTUROOT>
[Vue warn]: Failed to resolve component: router-link
If this is a native custom element, make sure to exclude it from component resolution via compilerOptions.isCustomElement. 
  at <IconButton icon="play-outline" is-loading=false title="Run now"  ... > 
  at <SettingsTable key=3 min-width="820px" > 
  at <Crons ref="VTU_COMPONENT" > 
  at <VTUROOT>
[Vue warn]: Failed to resolve component: router-link
If this is a native custom element, make sure to exclude it from component resolution via compilerOptions.isCustomElement. 
  at <IconButton icon="edit" title="Edit cron" onClick=fn<onClick> > 
  at <SettingsTable key=3 min-width="820px" > 
  at <Crons ref="VTU_COMPONENT" > 
  at <VTUROOT>
[Vue warn]: Failed to resolve component: router-link
If this is a native custom element, make sure to exclude it from component resolution via compilerOptions.isCustomElement. 
  at <IconButton icon="trash" class="text-wp-error-100" is-loading=false  ... > 
  at <SettingsTable key=3 min-width="820px" > 
  at <Crons ref="VTU_COMPONENT" > 
  at <VTUROOT>
[Vue warn]: Failed to resolve component: router-link
If this is a native custom element, make sure to exclude it from component resolution via compilerOptions.isCustomElement. 
  at <IconButton icon="play-outline" is-loading=false title="Run now"  ... > 
  at <SettingsTable key=3 min-width="820px" > 
  at <Crons ref="VTU_COMPONENT" > 
  at <VTUROOT>
[Vue warn]: Failed to resolve component: router-link
If this is a native custom element, make sure to exclude it from component resolution via compilerOptions.isCustomElement. 
  at <IconButton icon="edit" title="Edit cron" onClick=fn<onClick> > 
  at <SettingsTable key=3 min-width="820px" > 
  at <Crons ref="VTU_COMPONENT" > 
  at <VTUROOT>
[Vue warn]: Failed to resolve component: router-link
If this is a native custom element, make sure to exclude it from component resolution via compilerOptions.isCustomElement. 
  at <IconButton icon="trash" class="text-wp-error-100" is-loading=false  ... > 
  at <SettingsTable key=3 min-width="820px" > 
  at <Crons ref="VTU_COMPONENT" > 
  at <VTUROOT>
[Vue warn]: Failed to resolve component: router-link
If this is a native custom element, make sure to exclude it from component resolution via compilerOptions.isCustomElement. 
  at <IconButton icon="play-outline" is-loading=false title="Run now"  ... > 
  at <SettingsTable key=3 min-width="820px" > 
  at <Crons ref="VTU_COMPONENT" > 
  at <VTUROOT>
[Vue warn]: Failed to resolve component: router-link
If this is a native custom element, make sure to exclude it from component resolution via compilerOptions.isCustomElement. 
  at <IconButton icon="edit" title="Edit cron" onClick=fn<onClick> > 
  at <SettingsTable key=3 min-width="820px" > 
  at <Crons ref="VTU_COMPONENT" > 
  at <VTUROOT>
[Vue warn]: Failed to resolve component: router-link
If this is a native custom element, make sure to exclude it from component resolution via compilerOptions.isCustomElement. 
  at <IconButton icon="trash" class="text-wp-error-100" is-loading=false  ... > 
  at <SettingsTable key=3 min-width="820px" > 
  at <Crons ref="VTU_COMPONENT" > 
  at <VTUROOT>
[Vue warn]: Failed to resolve component: router-link
If this is a native custom element, make sure to exclude it from component resolution via compilerOptions.isCustomElement. 
  at <IconButton icon="play-outline" is-loading=false title="Run now"  ... > 
  at <SettingsTable key=3 min-width="820px" > 
  at <Crons ref="VTU_COMPONENT" > 
  at <VTUROOT>
[Vue warn]: Failed to resolve component: router-link
If this is a native custom element, make sure to exclude it from component resolution via compilerOptions.isCustomElement. 
  at <IconButton icon="edit" title="Edit cron" onClick=fn<onClick> > 
  at <SettingsTable key=3 min-width="820px" > 
  at <Crons ref="VTU_COMPONENT" > 
  at <VTUROOT>
[Vue warn]: Failed to resolve component: router-link
If this is a native custom element, make sure to exclude it from component resolution via compilerOptions.isCustomElement. 
  at <IconButton icon="trash" class="text-wp-error-100" is-loading=false  ... > 
  at <SettingsTable key=3 min-width="820px" > 
  at <Crons ref="VTU_COMPONENT" > 
  at <VTUROOT>

stderr | src/i18nVisibleStrings.test.ts > visible-string localization > falls back to English when the active locale has no message
[intlify] Not found 'ops.server.cpu' key in 'zh' locale messages.
[intlify] Fall back to translate 'ops.server.cpu' key with 'en' locale.
[intlify] Not found 'cancel' key in 'zh' locale messages.
[intlify] Fall back to translate 'cancel' key with 'en' locale.

stderr | src/views/repo/RepoManualPipeline.test.ts > repository manual pipeline > reloads on repository changes and ignores an obsolete branch response
TypeError: Cannot read properties of undefined (reading 'number')
    at /Volumes/zwl/open_sources/woodpecker-main/web/src/views/repo/RepoManualPipeline.vue:199:28
    at Proxy.doSubmit (/Volumes/zwl/open_sources/woodpecker-main/web/src/compositions/useAsyncAction.ts:16:7)

stderr | src/components/admin/settings/forges/AdminForgeForm.test.ts > administration forge form > preserves the current fields and applies the existing type defaults
[intlify] Not found parent scope. use the global scope.

stderr | src/components/admin/settings/forges/AdminForgeForm.test.ts > administration forge form > keeps a customized URL when the forge type changes
[intlify] Not found parent scope. use the global scope.

stderr | src/components/admin/settings/forges/AdminForgeForm.test.ts > administration forge form > preserves existing additional options for GitHub and addon forges
[intlify] Not found parent scope. use the global scope.

stderr | src/components/admin/settings/forges/AdminForgeForm.test.ts > administration forge form > normalizes URL and OAuth host before emitting submit
[intlify] Not found parent scope. use the global scope.

stderr | src/components/admin/settings/forges/AdminForgeForm.test.ts > administration forge form > clears an OAuth host that exactly matches the normalized forge URL
[intlify] Not found parent scope. use the global scope.

stderr | src/views/repo/settings/General.test.ts > repository general settings > submits only the established RepoSettings payload and reloads confirmed state
[intlify] Not found parent scope. use the global scope.

stderr | src/views/repo/settings/General.test.ts > repository general settings > replaces the editable snapshot before submitting a different repository
[intlify] Not found parent scope. use the global scope.

stderr | src/views/repo/settings/General.test.ts > repository general settings > does not reload or notify when an obsolete save succeeds after returning to the same repository
[intlify] Not found parent scope. use the global scope.

stderr | src/views/repo/settings/General.test.ts > repository general settings > does not reload or notify when an obsolete save rejects after returning to the same repository
[intlify] Not found parent scope. use the global scope.

stderr | src/views/user/UserGeneral.test.ts > user account preferences > renders real identity fields as read-only presentation and existing preferences only
[Vue warn]: Failed setting prop "options" on <select>: value [object Object],[object Object],[object Object],[object Object],[object Object],[object Object],[object Object],[object Object],[object Object],[object Object],[object Object],[object Object],[object Object],[object Object],[object Object],[object Object],[object Object],[object Object],[object Object],[object Object],[object Object],[object Object],[object Object],[object Object],[object Object],[object Object],[object Object] is invalid. TypeError: 'set' on proxy: trap returned falsish for property 'options'
    at patchDOMProp (/Users/wenliang_zeng/.cache/woodpecker-web-vstore/@vue+runtime-dom@3.5.41/node_modules/@vue/runtime-dom/dist/runtime-dom.cjs.js:618:13)
    at patchProp (/Users/wenliang_zeng/.cache/woodpecker-web-vstore/@vue+runtime-dom@3.5.41/node_modules/@vue/runtime-dom/dist/runtime-dom.cjs.js:739:5)
    at mountElement (/Users/wenliang_zeng/.cache/woodpecker-web-vstore/@vue+runtime-core@3.5.41/node_modules/@vue/runtime-core/dist/runtime-core.cjs.js:5711:11)
    at processElement (/Users/wenliang_zeng/.cache/woodpecker-web-vstore/@vue+runtime-core@3.5.41/node_modules/@vue/runtime-core/dist/runtime-core.cjs.js:5648:7)
    at patch (/Users/wenliang_zeng/.cache/woodpecker-web-vstore/@vue+runtime-core@3.5.41/node_modules/@vue/runtime-core/dist/runtime-core.cjs.js:5514:11)
    at ReactiveEffect.componentUpdateFn [as fn] (/Users/wenliang_zeng/.cache/woodpecker-web-vstore/@vue+runtime-core@3.5.41/node_modules/@vue/runtime-core/dist/runtime-core.cjs.js:6169:11)
    at ReactiveEffect.run (/Users/wenliang_zeng/.cache/woodpecker-web-vstore/@vue+reactivity@3.5.41/node_modules/@vue/reactivity/dist/reactivity.cjs.js:268:19)
    at setupRenderEffect (/Users/wenliang_zeng/.cache/woodpecker-web-vstore/@vue+runtime-core@3.5.41/node_modules/@vue/runtime-core/dist/runtime-core.cjs.js:6297:5)
    at mountComponent (/Users/wenliang_zeng/.cache/woodpecker-web-vstore/@vue+runtime-core@3.5.41/node_modules/@vue/runtime-core/dist/runtime-core.cjs.js:6069:7)
    at processComponent (/Users/wenliang_zeng/.cache/woodpecker-web-vstore/@vue+runtime-core@3.5.41/node_modules/@vue/runtime-core/dist/runtime-core.cjs.js:6021:9) 
  at <Anonymous modelValue="en" onUpdate:modelValue=fn class="min-w-44"  ... > 
  at <SettingsActionRow title="Language" description="Choose the language used by this browser." > 
  at <SettingsSection title="Interface preferences" description="These settings apply locally without changing your Forge profile." > 
  at <UserGeneral ref="VTU_COMPONENT" > 
  at <VTUROOT>
[Vue warn]: Failed setting prop "options" on <select>: value [object Object],[object Object],[object Object] is invalid. TypeError: 'set' on proxy: trap returned falsish for property 'options'
    at patchDOMProp (/Users/wenliang_zeng/.cache/woodpecker-web-vstore/@vue+runtime-dom@3.5.41/node_modules/@vue/runtime-dom/dist/runtime-dom.cjs.js:618:13)
    at patchProp (/Users/wenliang_zeng/.cache/woodpecker-web-vstore/@vue+runtime-dom@3.5.41/node_modules/@vue/runtime-dom/dist/runtime-dom.cjs.js:739:5)
    at mountElement (/Users/wenliang_zeng/.cache/woodpecker-web-vstore/@vue+runtime-core@3.5.41/node_modules/@vue/runtime-core/dist/runtime-core.cjs.js:5711:11)
    at processElement (/Users/wenliang_zeng/.cache/woodpecker-web-vstore/@vue+runtime-core@3.5.41/node_modules/@vue/runtime-core/dist/runtime-core.cjs.js:5648:7)
    at patch (/Users/wenliang_zeng/.cache/woodpecker-web-vstore/@vue+runtime-core@3.5.41/node_modules/@vue/runtime-core/dist/runtime-core.cjs.js:5514:11)
    at ReactiveEffect.componentUpdateFn [as fn] (/Users/wenliang_zeng/.cache/woodpecker-web-vstore/@vue+runtime-core@3.5.41/node_modules/@vue/runtime-core/dist/runtime-core.cjs.js:6169:11)
    at ReactiveEffect.run (/Users/wenliang_zeng/.cache/woodpecker-web-vstore/@vue+reactivity@3.5.41/node_modules/@vue/reactivity/dist/reactivity.cjs.js:268:19)
    at setupRenderEffect (/Users/wenliang_zeng/.cache/woodpecker-web-vstore/@vue+runtime-core@3.5.41/node_modules/@vue/runtime-core/dist/runtime-core.cjs.js:6297:5)
    at mountComponent (/Users/wenliang_zeng/.cache/woodpecker-web-vstore/@vue+runtime-core@3.5.41/node_modules/@vue/runtime-core/dist/runtime-core.cjs.js:6069:7)
    at processComponent (/Users/wenliang_zeng/.cache/woodpecker-web-vstore/@vue+runtime-core@3.5.41/node_modules/@vue/runtime-core/dist/runtime-core.cjs.js:6021:9) 
  at <Anonymous modelValue="auto" onUpdate:modelValue=fn class="min-w-36"  ... > 
  at <SettingsActionRow title="Theme" description="Follow the system theme or select a fixed appearance." > 
  at <SettingsSection title="Interface preferences" description="These settings apply locally without changing your Forge profile." > 
  at <UserGeneral ref="VTU_COMPONENT" > 
  at <VTUROOT>

stderr | src/views/admin/AdminInfo.test.ts > administration overview > shows truthful version data and links to existing administration destinations
[intlify] Not found parent scope. use the global scope.
[intlify] Not found parent scope. use the global scope.


## Task 027 Prettier
Checking formatting...
All matched files use Prettier code style!

## ESLint

## Vue TypeScript

## Vite build
<script src="/web-config.js"> in "/index.html" can't be bundled without type="module" attribute
<script src="/assets/custom.js"> in "/index.html" can't be bundled without type="module" attribute
[33m[PLUGIN_TIMINGS] [0mYour build spent 93% of 3.5s inside plugin hooks (3.3s).
Not measurable — 2 hooks whose calls overlap, so elapsed time covers work other calls were doing. Profile with `node --cpu-prof`:
  - @tailwindcss/vite:generate:build transform (68 calls)
  - unplugin-vue-i18n:resource load (491 calls)
See https://rolldown.rs/reference/InputOptions.checks#plugintimings for more details.


## JavaScript syntax: capture_responsive.mjs

## JavaScript syntax: matrix.mjs

## JavaScript syntax: redteam_verifier.mjs

## JavaScript syntax: validate_task.mjs

## JavaScript syntax: verify_responsive.mjs

## git diff --check

Task 027 validation gates all passed.
