
## Facticity check
{
  "findings": [
    {
      "ok": true,
      "message": "matrix shape: 67 ordered rows"
    },
    {
      "ok": true,
      "message": "status counts: {\"verified\":66,\"blocked\":1}"
    },
    {
      "ok": true,
      "message": "row 4 remains blocked"
    },
    {
      "ok": true,
      "message": "concrete single-segment routes registered in router.ts"
    },
    {
      "ok": true,
      "message": "route top-level segments resolve to the router (9 segments)"
    },
    {
      "ok": true,
      "message": "task 019: approved acceptance"
    },
    {
      "ok": true,
      "message": "task 020: approved acceptance"
    },
    {
      "ok": true,
      "message": "task 021: approved acceptance"
    },
    {
      "ok": true,
      "message": "task 022: approved acceptance"
    },
    {
      "ok": true,
      "message": "acceptance.json declares A1-A4"
    }
  ],
  "ok": true,
  "rows": 67,
  "status_counts": {
    "verified": 66,
    "blocked": 1
  },
  "schema": "woodpecker.task030-facticity-report.v1",
  "generated_at": "2026-08-16T07:36:55.835Z",
  "tamper_self_test": {
    "row4_status": "rejected",
    "route_cell": "rejected",
    "multi_segment_route": "rejected"
  }
}

[domain] facticity: PASS — 67 rows, {"verified":66,"blocked":1}

## Static gate (whole tree)

## Prettier (whole web tree)
Checking formatting...
All matched files use Prettier code style!

## ESLint (whole web tree)

## Vue TypeScript

## Full Vitest
1) Please add `WOODPECKER_DEV_WWW_PROXY=http://localhost:8010` to your `.env` file.
2) Start the Woodpecker server
3) If you want to run the vite dev server (`pnpm start`) within a container please set `VITE_DEV_SERVER_HOST=0.0.0.0`.

  🚀 Access the UI at http://localhost:8000/

 RUN  v4.1.10 /Volumes/zwl/open_sources/woodpecker-main/web

··································································································································································································································································································································································································································································································································································································································

 Test Files  110 passed (110)
      Tests  610 passed (610)
   Start at  15:37:45
   Duration  27.94s (transform 24.83s, setup 0ms, import 68.92s, tests 20.23s, environment 82.47s)


## Vite build

## git diff --check

Static gate receipt written: /Volumes/zwl/open_sources/woodpecker-main/openspec/changes/align-frontend-with-functional-prototype/development/tasks/029-static-gate-closure/evidence/static-gate-receipt.json
stderr | src/views/repo/settings/Registries.test.ts > repository registries settings > preserves repository precedence, readonly state, and inherited boundaries
[Vue warn]: Failed to resolve component: router-link
If this is a native custom element, make sure to exclude it from component resolution via compilerOptions.isCustomElement. 
  at <IconButton icon="edit" title="Edit registry" onClick=fn<onClick> > 
  at <SettingsTable key=3 min-width="660px" > 
  at <Registries ref="VTU_COMPONENT" > 
  at <VTUROOT>
[Vue warn]: Failed to resolve component: router-link
If this is a native custom element, make sure to exclude it from component resolution via compilerOptions.isCustomElement. 
  at <IconButton key=0 icon="trash" class="text-wp-error-100"  ... > 
  at <SettingsTable key=3 min-width="660px" > 
  at <Registries ref="VTU_COMPONENT" > 
  at <VTUROOT>
[Vue warn]: Failed to resolve component: router-link
If this is a native custom element, make sure to exclude it from component resolution via compilerOptions.isCustomElement. 
  at <IconButton icon="chevron-right" title="View registry" onClick=fn<onClick> > 
  at <SettingsTable key=3 min-width="660px" > 
  at <Registries ref="VTU_COMPONENT" > 
  at <VTUROOT>

stderr | src/views/repo/settings/Registries.test.ts > repository registries settings > preserves confirmed rows when a page-two reset starts a rejected page-one load asynchronously
[Vue warn]: Failed to resolve component: router-link
If this is a native custom element, make sure to exclude it from component resolution via compilerOptions.isCustomElement. 
  at <IconButton icon="edit" title="Edit registry" onClick=fn<onClick> > 
  at <SettingsTable key=3 min-width="660px" > 
  at <Registries ref="VTU_COMPONENT" > 
  at <VTUROOT>
[Vue warn]: Failed to resolve component: router-link
If this is a native custom element, make sure to exclude it from component resolution via compilerOptions.isCustomElement. 
  at <IconButton key=0 icon="trash" class="text-wp-error-100"  ... > 
  at <SettingsTable key=3 min-width="660px" > 
  at <Registries ref="VTU_COMPONENT" > 
  at <VTUROOT>
[Vue warn]: Failed to resolve component: router-link
If this is a native custom element, make sure to exclude it from component resolution via compilerOptions.isCustomElement. 
  at <IconButton icon="edit" title="Edit registry" onClick=fn<onClick> > 
  at <SettingsTable key=3 min-width="660px" > 
  at <Registries ref="VTU_COMPONENT" > 
  at <VTUROOT>
[Vue warn]: Failed to resolve component: router-link
If this is a native custom element, make sure to exclude it from component resolution via compilerOptions.isCustomElement. 
  at <IconButton key=0 icon="trash" class="text-wp-error-100"  ... > 
  at <SettingsTable key=3 min-width="660px" > 
  at <Registries ref="VTU_COMPONENT" > 
  at <VTUROOT>

stderr | src/views/repo/settings/Crons.test.ts > repository cron settings > renders real cron fields and navigates after a server-confirmed run
[Vue warn]: Failed to resolve component: router-link
If this is a native custom element, make sure to exclude it from component resolution via compilerOptions.isCustomElement. 
  at <IconButton icon="play-outline" is-loading=false title="Run now"  ... > 
  at <SettingsTable key=3 min-width="820px" > 
  at <Crons ref="VTU_COMPONENT" > 
  at <VTUROOT>
[Vue warn]: Failed to resolve component: router-link
If this is a native custom element, make sure to exclude it from component resolution via compilerOptions.isCustomElement. 
  at <IconButton icon="edit" title="Edit cron" onClick=fn<onClick> > 
  at <SettingsTable key=3 min-width="820px" > 
  at <Crons ref="VTU_COMPONENT" > 
  at <VTUROOT>
[Vue warn]: Failed to resolve component: router-link
If this is a native custom element, make sure to exclude it from component resolution via compilerOptions.isCustomElement. 
  at <IconButton icon="trash" class="text-wp-error-100" is-loading=false  ... > 
  at <SettingsTable key=3 min-width="820px" > 
  at <Crons ref="VTU_COMPONENT" > 
  at <VTUROOT>

stderr | src/views/repo/settings/Crons.test.ts > repository cron settings > renders real cron fields and navigates after a server-confirmed run
[Vue warn]: Failed to resolve component: router-link
If this is a native custom element, make sure to exclude it from component resolution via compilerOptions.isCustomElement. 
  at <IconButton icon="play-outline" is-loading=true title="Run now"  ... > 
  at <SettingsTable key=3 min-width="820px" > 
  at <Crons ref="VTU_COMPONENT" > 
  at <VTUROOT>
[Vue warn]: Failed to resolve component: router-link
If this is a native custom element, make sure to exclude it from component resolution via compilerOptions.isCustomElement. 
  at <IconButton icon="edit" title="Edit cron" onClick=fn<onClick> > 
  at <SettingsTable key=3 min-width="820px" > 
  at <Crons ref="VTU_COMPONENT" > 
  at <VTUROOT>
[Vue warn]: Failed to resolve component: router-link
If this is a native custom element, make sure to exclude it from component resolution via compilerOptions.isCustomElement. 
  at <IconButton icon="trash" class="text-wp-error-100" is-loading=false  ... > 
  at <SettingsTable key=3 min-width="820px" > 
  at <Crons ref="VTU_COMPONENT" > 
  at <VTUROOT>

stderr | src/views/repo/settings/Crons.test.ts > repository cron settings > renders real cron fields and navigates after a server-confirmed run
[Vue warn]: Failed to resolve component: router-link
If this is a native custom element, make sure to exclude it from component resolution via compilerOptions.isCustomElement. 
  at <IconButton icon="play-outline" is-loading=false title="Run now"  ... > 
  at <SettingsTable key=3 min-width="820px" > 
  at <Crons ref="VTU_COMPONENT" > 
  at <VTUROOT>
[Vue warn]: Failed to resolve component: router-link
If this is a native custom element, make sure to exclude it from component resolution via compilerOptions.isCustomElement. 
  at <IconButton icon="edit" title="Edit cron" onClick=fn<onClick> > 
  at <SettingsTable key=3 min-width="820px" > 
  at <Crons ref="VTU_COMPONENT" > 
  at <VTUROOT>
[Vue warn]: Failed to resolve component: router-link
If this is a native custom element, make sure to exclude it from component resolution via compilerOptions.isCustomElement. 
  at <IconButton icon="trash" class="text-wp-error-100" is-loading=false  ... > 
  at <SettingsTable key=3 min-width="820px" > 
  at <Crons ref="VTU_COMPONENT" > 
  at <VTUROOT>

stderr | src/views/repo/settings/Crons.test.ts > repository cron settings > preserves direct execution for an inactive cron
[Vue warn]: Failed to resolve component: router-link
If this is a native custom element, make sure to exclude it from component resolution via compilerOptions.isCustomElement. 
  at <IconButton icon="play-outline" is-loading=false title="Run now"  ... > 
  at <SettingsTable key=3 min-width="820px" > 
  at <Crons ref="VTU_COMPONENT" > 
  at <VTUROOT>
[Vue warn]: Failed to resolve component: router-link
If this is a native custom element, make sure to exclude it from component resolution via compilerOptions.isCustomElement. 
  at <IconButton icon="edit" title="Edit cron" onClick=fn<onClick> > 
  at <SettingsTable key=3 min-width="820px" > 
  at <Crons ref="VTU_COMPONENT" > 
  at <VTUROOT>
[Vue warn]: Failed to resolve component: router-link
If this is a native custom element, make sure to exclude it from component resolution via compilerOptions.isCustomElement. 
  at <IconButton icon="trash" class="text-wp-error-100" is-loading=false  ... > 
  at <SettingsTable key=3 min-width="820px" > 
  at <Crons ref="VTU_COMPONENT" > 
  at <VTUROOT>
[Vue warn]: Failed to resolve component: router-link
If this is a native custom element, make sure to exclude it from component resolution via compilerOptions.isCustomElement. 
  at <IconButton icon="play-outline" is-loading=false title="Run now"  ... > 
  at <SettingsTable key=3 min-width="820px" > 
  at <Crons ref="VTU_COMPONENT" > 
  at <VTUROOT>
[Vue warn]: Failed to resolve component: router-link
If this is a native custom element, make sure to exclude it from component resolution via compilerOptions.isCustomElement. 
  at <IconButton icon="edit" title="Edit cron" onClick=fn<onClick> > 
  at <SettingsTable key=3 min-width="820px" > 
  at <Crons ref="VTU_COMPONENT" > 
  at <VTUROOT>
[Vue warn]: Failed to resolve component: router-link
If this is a native custom element, make sure to exclude it from component resolution via compilerOptions.isCustomElement. 
  at <IconButton icon="trash" class="text-wp-error-100" is-loading=false  ... > 
  at <SettingsTable key=3 min-width="820px" > 
  at <Crons ref="VTU_COMPONENT" > 
  at <VTUROOT>
[Vue warn]: Failed to resolve component: router-link
If this is a native custom element, make sure to exclude it from component resolution via compilerOptions.isCustomElement. 
  at <IconButton icon="play-outline" is-loading=true title="Run now"  ... > 
  at <SettingsTable key=3 min-width="820px" > 
  at <Crons ref="VTU_COMPONENT" > 
  at <VTUROOT>
[Vue warn]: Failed to resolve component: router-link
If this is a native custom element, make sure to exclude it from component resolution via compilerOptions.isCustomElement. 
  at <IconButton icon="edit" title="Edit cron" onClick=fn<onClick> > 
  at <SettingsTable key=3 min-width="820px" > 
  at <Crons ref="VTU_COMPONENT" > 
  at <VTUROOT>
[Vue warn]: Failed to resolve component: router-link
If this is a native custom element, make sure to exclude it from component resolution via compilerOptions.isCustomElement. 
  at <IconButton icon="trash" class="text-wp-error-100" is-loading=false  ... > 
  at <SettingsTable key=3 min-width="820px" > 
  at <Crons ref="VTU_COMPONENT" > 
  at <VTUROOT>

stderr | src/views/repo/settings/Crons.test.ts > repository cron settings > preserves direct execution for an inactive cron
[Vue warn]: Failed to resolve component: router-link
If this is a native custom element, make sure to exclude it from component resolution via compilerOptions.isCustomElement. 
  at <IconButton icon="play-outline" is-loading=false title="Run now"  ... > 
  at <SettingsTable key=3 min-width="820px" > 
  at <Crons ref="VTU_COMPONENT" > 
  at <VTUROOT>
[Vue warn]: Failed to resolve component: router-link
If this is a native custom element, make sure to exclude it from component resolution via compilerOptions.isCustomElement. 
  at <IconButton icon="edit" title="Edit cron" onClick=fn<onClick> > 
  at <SettingsTable key=3 min-width="820px" > 
  at <Crons ref="VTU_COMPONENT" > 
  at <VTUROOT>
[Vue warn]: Failed to resolve component: router-link
If this is a native custom element, make sure to exclude it from component resolution via compilerOptions.isCustomElement. 
  at <IconButton icon="trash" class="text-wp-error-100" is-loading=false  ... > 
  at <SettingsTable key=3 min-width="820px" > 
  at <Crons ref="VTU_COMPONENT" > 
  at <VTUROOT>

stderr | src/views/repo/settings/Registries.test.ts > repository registries settings > discards an obsolete fulfilled refresh after the repository changes
[Vue warn]: Failed to resolve component: router-link
If this is a native custom element, make sure to exclude it from component resolution via compilerOptions.isCustomElement. 
  at <IconButton icon="edit" title="Edit registry" onClick=fn<onClick> > 
  at <SettingsTable key=3 min-width="660px" > 
  at <Registries ref="VTU_COMPONENT" > 
  at <VTUROOT>
[Vue warn]: Failed to resolve component: router-link
If this is a native custom element, make sure to exclude it from component resolution via compilerOptions.isCustomElement. 
  at <IconButton key=0 icon="trash" class="text-wp-error-100"  ... > 
  at <SettingsTable key=3 min-width="660px" > 
  at <Registries ref="VTU_COMPONENT" > 
  at <VTUROOT>
[Vue warn]: Failed to resolve component: router-link
If this is a native custom element, make sure to exclude it from component resolution via compilerOptions.isCustomElement. 
  at <IconButton icon="edit" title="Edit registry" onClick=fn<onClick> > 
  at <SettingsTable key=3 min-width="660px" > 
  at <Registries ref="VTU_COMPONENT" > 
  at <VTUROOT>
[Vue warn]: Failed to resolve component: router-link
If this is a native custom element, make sure to exclude it from component resolution via compilerOptions.isCustomElement. 
  at <IconButton key=0 icon="trash" class="text-wp-error-100"  ... > 
  at <SettingsTable key=3 min-width="660px" > 
  at <Registries ref="VTU_COMPONENT" > 
  at <VTUROOT>

stderr | src/views/repo/settings/Registries.test.ts > repository registries settings > discards an obsolete fulfilled refresh after the repository changes
[Vue warn]: Failed to resolve component: router-link
If this is a native custom element, make sure to exclude it from component resolution via compilerOptions.isCustomElement. 
  at <IconButton icon="edit" title="Edit registry" onClick=fn<onClick> > 
  at <SettingsTable key=3 min-width="660px" > 
  at <Registries ref="VTU_COMPONENT" > 
  at <VTUROOT>
[Vue warn]: Failed to resolve component: router-link
If this is a native custom element, make sure to exclude it from component resolution via compilerOptions.isCustomElement. 
  at <IconButton key=0 icon="trash" class="text-wp-error-100"  ... > 
  at <SettingsTable key=3 min-width="660px" > 
  at <Registries ref="VTU_COMPONENT" > 
  at <VTUROOT>
[Vue warn]: Failed to resolve component: router-link
If this is a native custom element, make sure to exclude it from component resolution via compilerOptions.isCustomElement. 
  at <IconButton icon="edit" title="Edit registry" onClick=fn<onClick> > 
  at <SettingsTable key=3 min-width="660px" > 
  at <Registries ref="VTU_COMPONENT" > 
  at <VTUROOT>
[Vue warn]: Failed to resolve component: router-link
If this is a native custom element, make sure to exclude it from component resolution via compilerOptions.isCustomElement. 
  at <IconButton key=0 icon="trash" class="text-wp-error-100"  ... > 
  at <SettingsTable key=3 min-width="660px" > 
  at <Registries ref="VTU_COMPONENT" > 
  at <VTUROOT>
[Vue warn]: Failed to resolve component: router-link
If this is a native custom element, make sure to exclude it from component resolution via compilerOptions.isCustomElement. 
  at <IconButton icon="edit" title="Edit registry" onClick=fn<onClick> > 
  at <SettingsTable key=3 min-width="660px" > 
  at <Registries ref="VTU_COMPONENT" > 
  at <VTUROOT>
[Vue warn]: Failed to resolve component: router-link
If this is a native custom element, make sure to exclude it from component resolution via compilerOptions.isCustomElement. 
  at <IconButton key=0 icon="trash" class="text-wp-error-100"  ... > 
  at <SettingsTable key=3 min-width="660px" > 
  at <Registries ref="VTU_COMPONENT" > 
  at <VTUROOT>

stderr | src/views/repo/settings/Registries.test.ts > repository registries settings > ignores an obsolete rejected refresh after the repository changes
[Vue warn]: Failed to resolve component: router-link
If this is a native custom element, make sure to exclude it from component resolution via compilerOptions.isCustomElement. 
  at <IconButton icon="edit" title="Edit registry" onClick=fn<onClick> > 
  at <SettingsTable key=3 min-width="660px" > 
  at <Registries ref="VTU_COMPONENT" > 
  at <VTUROOT>
[Vue warn]: Failed to resolve component: router-link
If this is a native custom element, make sure to exclude it from component resolution via compilerOptions.isCustomElement. 
  at <IconButton key=0 icon="trash" class="text-wp-error-100"  ... > 
  at <SettingsTable key=3 min-width="660px" > 
  at <Registries ref="VTU_COMPONENT" > 
  at <VTUROOT>
[Vue warn]: Failed to resolve component: router-link
If this is a native custom element, make sure to exclude it from component resolution via compilerOptions.isCustomElement. 
  at <IconButton icon="edit" title="Edit registry" onClick=fn<onClick> > 
  at <SettingsTable key=3 min-width="660px" > 
  at <Registries ref="VTU_COMPONENT" > 
  at <VTUROOT>
[Vue warn]: Failed to resolve component: router-link
If this is a native custom element, make sure to exclude it from component resolution via compilerOptions.isCustomElement. 
  at <IconButton key=0 icon="trash" class="text-wp-error-100"  ... > 
  at <SettingsTable key=3 min-width="660px" > 
  at <Registries ref="VTU_COMPONENT" > 
  at <VTUROOT>

stderr | src/views/repo/settings/Crons.test.ts > repository cron settings > preserves confirmed rows when a page-two reset starts a rejected page-one load asynchronously
[Vue warn]: Failed to resolve component: router-link
If this is a native custom element, make sure to exclude it from component resolution via compilerOptions.isCustomElement. 
  at <IconButton icon="play-outline" is-loading=false title="Run now"  ... > 
  at <SettingsTable key=3 min-width="820px" > 
  at <Crons ref="VTU_COMPONENT" > 
  at <VTUROOT>
[Vue warn]: Failed to resolve component: router-link
If this is a native custom element, make sure to exclude it from component resolution via compilerOptions.isCustomElement. 
  at <IconButton icon="edit" title="Edit cron" onClick=fn<onClick> > 
  at <SettingsTable key=3 min-width="820px" > 
  at <Crons ref="VTU_COMPONENT" > 
  at <VTUROOT>
[Vue warn]: Failed to resolve component: router-link
If this is a native custom element, make sure to exclude it from component resolution via compilerOptions.isCustomElement. 
  at <IconButton icon="trash" class="text-wp-error-100" is-loading=false  ... > 
  at <SettingsTable key=3 min-width="820px" > 
  at <Crons ref="VTU_COMPONENT" > 
  at <VTUROOT>
[Vue warn]: Failed to resolve component: router-link
If this is a native custom element, make sure to exclude it from component resolution via compilerOptions.isCustomElement. 
  at <IconButton icon="play-outline" is-loading=false title="Run now"  ... > 
  at <SettingsTable key=3 min-width="820px" > 
  at <Crons ref="VTU_COMPONENT" > 
  at <VTUROOT>
[Vue warn]: Failed to resolve component: router-link
If this is a native custom element, make sure to exclude it from component resolution via compilerOptions.isCustomElement. 
  at <IconButton icon="edit" title="Edit cron" onClick=fn<onClick> > 
  at <SettingsTable key=3 min-width="820px" > 
  at <Crons ref="VTU_COMPONENT" > 
  at <VTUROOT>
[Vue warn]: Failed to resolve component: router-link
If this is a native custom element, make sure to exclude it from component resolution via compilerOptions.isCustomElement. 
  at <IconButton icon="trash" class="text-wp-error-100" is-loading=false  ... > 
  at <SettingsTable key=3 min-width="820px" > 
  at <Crons ref="VTU_COMPONENT" > 
  at <VTUROOT>

stderr | src/views/repo/settings/Crons.test.ts > repository cron settings > discards an obsolete fulfilled refresh after the repository changes
[Vue warn]: Failed to resolve component: router-link
If this is a native custom element, make sure to exclude it from component resolution via compilerOptions.isCustomElement. 
  at <IconButton icon="play-outline" is-loading=false title="Run now"  ... > 
  at <SettingsTable key=3 min-width="820px" > 
  at <Crons ref="VTU_COMPONENT" > 
  at <VTUROOT>
[Vue warn]: Failed to resolve component: router-link
If this is a native custom element, make sure to exclude it from component resolution via compilerOptions.isCustomElement. 
  at <IconButton icon="edit" title="Edit cron" onClick=fn<onClick> > 
  at <SettingsTable key=3 min-width="820px" > 
  at <Crons ref="VTU_COMPONENT" > 
  at <VTUROOT>
[Vue warn]: Failed to resolve component: router-link
If this is a native custom element, make sure to exclude it from component resolution via compilerOptions.isCustomElement. 
  at <IconButton icon="trash" class="text-wp-error-100" is-loading=false  ... > 
  at <SettingsTable key=3 min-width="820px" > 
  at <Crons ref="VTU_COMPONENT" > 
  at <VTUROOT>
[Vue warn]: Failed to resolve component: router-link
If this is a native custom element, make sure to exclude it from component resolution via compilerOptions.isCustomElement. 
  at <IconButton icon="play-outline" is-loading=false title="Run now"  ... > 
  at <SettingsTable key=3 min-width="820px" > 
  at <Crons ref="VTU_COMPONENT" > 
  at <VTUROOT>
[Vue warn]: Failed to resolve component: router-link
If this is a native custom element, make sure to exclude it from component resolution via compilerOptions.isCustomElement. 
  at <IconButton icon="edit" title="Edit cron" onClick=fn<onClick> > 
  at <SettingsTable key=3 min-width="820px" > 
  at <Crons ref="VTU_COMPONENT" > 
  at <VTUROOT>
[Vue warn]: Failed to resolve component: router-link
If this is a native custom element, make sure to exclude it from component resolution via compilerOptions.isCustomElement. 
  at <IconButton icon="trash" class="text-wp-error-100" is-loading=false  ... > 
  at <SettingsTable key=3 min-width="820px" > 
  at <Crons ref="VTU_COMPONENT" > 
  at <VTUROOT>

stderr | src/views/repo/settings/Crons.test.ts > repository cron settings > discards an obsolete fulfilled refresh after the repository changes
[Vue warn]: Failed to resolve component: router-link
If this is a native custom element, make sure to exclude it from component resolution via compilerOptions.isCustomElement. 
  at <IconButton icon="play-outline" is-loading=false title="Run now"  ... > 
  at <SettingsTable key=3 min-width="820px" > 
  at <Crons ref="VTU_COMPONENT" > 
  at <VTUROOT>
[Vue warn]: Failed to resolve component: router-link
If this is a native custom element, make sure to exclude it from component resolution via compilerOptions.isCustomElement. 
  at <IconButton icon="edit" title="Edit cron" onClick=fn<onClick> > 
  at <SettingsTable key=3 min-width="820px" > 
  at <Crons ref="VTU_COMPONENT" > 
  at <VTUROOT>
[Vue warn]: Failed to resolve component: router-link
If this is a native custom element, make sure to exclude it from component resolution via compilerOptions.isCustomElement. 
  at <IconButton icon="trash" class="text-wp-error-100" is-loading=false  ... > 
  at <SettingsTable key=3 min-width="820px" > 
  at <Crons ref="VTU_COMPONENT" > 
  at <VTUROOT>
[Vue warn]: Failed to resolve component: router-link
If this is a native custom element, make sure to exclude it from component resolution via compilerOptions.isCustomElement. 
  at <IconButton icon="play-outline" is-loading=false title="Run now"  ... > 
  at <SettingsTable key=3 min-width="820px" > 
  at <Crons ref="VTU_COMPONENT" > 
  at <VTUROOT>
[Vue warn]: Failed to resolve component: router-link
If this is a native custom element, make sure to exclude it from component resolution via compilerOptions.isCustomElement. 
  at <IconButton icon="edit" title="Edit cron" onClick=fn<onClick> > 
  at <SettingsTable key=3 min-width="820px" > 
  at <Crons ref="VTU_COMPONENT" > 
  at <VTUROOT>
[Vue warn]: Failed to resolve component: router-link
If this is a native custom element, make sure to exclude it from component resolution via compilerOptions.isCustomElement. 
  at <IconButton icon="trash" class="text-wp-error-100" is-loading=false  ... > 
  at <SettingsTable key=3 min-width="820px" > 
  at <Crons ref="VTU_COMPONENT" > 
  at <VTUROOT>
[Vue warn]: Failed to resolve component: router-link
If this is a native custom element, make sure to exclude it from component resolution via compilerOptions.isCustomElement. 
  at <IconButton icon="play-outline" is-loading=false title="Run now"  ... > 
  at <SettingsTable key=3 min-width="820px" > 
  at <Crons ref="VTU_COMPONENT" > 
  at <VTUROOT>
[Vue warn]: Failed to resolve component: router-link
If this is a native custom element, make sure to exclude it from component resolution via compilerOptions.isCustomElement. 
  at <IconButton icon="edit" title="Edit cron" onClick=fn<onClick> > 
  at <SettingsTable key=3 min-width="820px" > 
  at <Crons ref="VTU_COMPONENT" > 
  at <VTUROOT>
[Vue warn]: Failed to resolve component: router-link
If this is a native custom element, make sure to exclude it from component resolution via compilerOptions.isCustomElement. 
  at <IconButton icon="trash" class="text-wp-error-100" is-loading=false  ... > 
  at <SettingsTable key=3 min-width="820px" > 
  at <Crons ref="VTU_COMPONENT" > 
  at <VTUROOT>
[Vue warn]: Failed to resolve component: router-link
If this is a native custom element, make sure to exclude it from component resolution via compilerOptions.isCustomElement. 
  at <IconButton icon="play-outline" is-loading=false title="Run now"  ... > 
  at <SettingsTable key=3 min-width="820px" > 
  at <Crons ref="VTU_COMPONENT" > 
  at <VTUROOT>
[Vue warn]: Failed to resolve component: router-link
If this is a native custom element, make sure to exclude it from component resolution via compilerOptions.isCustomElement. 
  at <IconButton icon="edit" title="Edit cron" onClick=fn<onClick> > 
  at <SettingsTable key=3 min-width="820px" > 
  at <Crons ref="VTU_COMPONENT" > 
  at <VTUROOT>
[Vue warn]: Failed to resolve component: router-link
If this is a native custom element, make sure to exclude it from component resolution via compilerOptions.isCustomElement. 
  at <IconButton icon="trash" class="text-wp-error-100" is-loading=false  ... > 
  at <SettingsTable key=3 min-width="820px" > 
  at <Crons ref="VTU_COMPONENT" > 
  at <VTUROOT>

stderr | src/views/repo/settings/Crons.test.ts > repository cron settings > ignores an obsolete rejected refresh after the repository changes
[Vue warn]: Failed to resolve component: router-link
If this is a native custom element, make sure to exclude it from component resolution via compilerOptions.isCustomElement. 
  at <IconButton icon="play-outline" is-loading=false title="Run now"  ... > 
  at <SettingsTable key=3 min-width="820px" > 
  at <Crons ref="VTU_COMPONENT" > 
  at <VTUROOT>
[Vue warn]: Failed to resolve component: router-link
If this is a native custom element, make sure to exclude it from component resolution via compilerOptions.isCustomElement. 
  at <IconButton icon="edit" title="Edit cron" onClick=fn<onClick> > 
  at <SettingsTable key=3 min-width="820px" > 
  at <Crons ref="VTU_COMPONENT" > 
  at <VTUROOT>
[Vue warn]: Failed to resolve component: router-link
If this is a native custom element, make sure to exclude it from component resolution via compilerOptions.isCustomElement. 
  at <IconButton icon="trash" class="text-wp-error-100" is-loading=false  ... > 
  at <SettingsTable key=3 min-width="820px" > 
  at <Crons ref="VTU_COMPONENT" > 
  at <VTUROOT>
[Vue warn]: Failed to resolve component: router-link
If this is a native custom element, make sure to exclude it from component resolution via compilerOptions.isCustomElement. 
  at <IconButton icon="play-outline" is-loading=false title="Run now"  ... > 
  at <SettingsTable key=3 min-width="820px" > 
  at <Crons ref="VTU_COMPONENT" > 
  at <VTUROOT>
[Vue warn]: Failed to resolve component: router-link
If this is a native custom element, make sure to exclude it from component resolution via compilerOptions.isCustomElement. 
  at <IconButton icon="edit" title="Edit cron" onClick=fn<onClick> > 
  at <SettingsTable key=3 min-width="820px" > 
  at <Crons ref="VTU_COMPONENT" > 
  at <VTUROOT>
[Vue warn]: Failed to resolve component: router-link
If this is a native custom element, make sure to exclude it from component resolution via compilerOptions.isCustomElement. 
  at <IconButton icon="trash" class="text-wp-error-100" is-loading=false  ... > 
  at <SettingsTable key=3 min-width="820px" > 
  at <Crons ref="VTU_COMPONENT" > 
  at <VTUROOT>

stderr | src/views/repo/settings/Crons.test.ts > repository cron settings > ignores an obsolete rejected refresh after the repository changes
[Vue warn]: Failed to resolve component: router-link
If this is a native custom element, make sure to exclude it from component resolution via compilerOptions.isCustomElement. 
  at <IconButton icon="play-outline" is-loading=false title="Run now"  ... > 
  at <SettingsTable key=3 min-width="820px" > 
  at <Crons ref="VTU_COMPONENT" > 
  at <VTUROOT>
[Vue warn]: Failed to resolve component: router-link
If this is a native custom element, make sure to exclude it from component resolution via compilerOptions.isCustomElement. 
  at <IconButton icon="edit" title="Edit cron" onClick=fn<onClick> > 
  at <SettingsTable key=3 min-width="820px" > 
  at <Crons ref="VTU_COMPONENT" > 
  at <VTUROOT>
[Vue warn]: Failed to resolve component: router-link
If this is a native custom element, make sure to exclude it from component resolution via compilerOptions.isCustomElement. 
  at <IconButton icon="trash" class="text-wp-error-100" is-loading=false  ... > 
  at <SettingsTable key=3 min-width="820px" > 
  at <Crons ref="VTU_COMPONENT" > 
  at <VTUROOT>
[Vue warn]: Failed to resolve component: router-link
If this is a native custom element, make sure to exclude it from component resolution via compilerOptions.isCustomElement. 
  at <IconButton icon="play-outline" is-loading=false title="Run now"  ... > 
  at <SettingsTable key=3 min-width="820px" > 
  at <Crons ref="VTU_COMPONENT" > 
  at <VTUROOT>
[Vue warn]: Failed to resolve component: router-link
If this is a native custom element, make sure to exclude it from component resolution via compilerOptions.isCustomElement. 
  at <IconButton icon="edit" title="Edit cron" onClick=fn<onClick> > 
  at <SettingsTable key=3 min-width="820px" > 
  at <Crons ref="VTU_COMPONENT" > 
  at <VTUROOT>
[Vue warn]: Failed to resolve component: router-link
If this is a native custom element, make sure to exclude it from component resolution via compilerOptions.isCustomElement. 
  at <IconButton icon="trash" class="text-wp-error-100" is-loading=false  ... > 
  at <SettingsTable key=3 min-width="820px" > 
  at <Crons ref="VTU_COMPONENT" > 
  at <VTUROOT>
[Vue warn]: Failed to resolve component: router-link
If this is a native custom element, make sure to exclude it from component resolution via compilerOptions.isCustomElement. 
  at <IconButton icon="play-outline" is-loading=false title="Run now"  ... > 
  at <SettingsTable key=3 min-width="820px" > 
  at <Crons ref="VTU_COMPONENT" > 
  at <VTUROOT>
[Vue warn]: Failed to resolve component: router-link
If this is a native custom element, make sure to exclude it from component resolution via compilerOptions.isCustomElement. 
  at <IconButton icon="edit" title="Edit cron" onClick=fn<onClick> > 
  at <SettingsTable key=3 min-width="820px" > 
  at <Crons ref="VTU_COMPONENT" > 
  at <VTUROOT>
[Vue warn]: Failed to resolve component: router-link
If this is a native custom element, make sure to exclude it from component resolution via compilerOptions.isCustomElement. 
  at <IconButton icon="trash" class="text-wp-error-100" is-loading=false  ... > 
  at <SettingsTable key=3 min-width="820px" > 
  at <Crons ref="VTU_COMPONENT" > 
  at <VTUROOT>
[Vue warn]: Failed to resolve component: router-link
If this is a native custom element, make sure to exclude it from component resolution via compilerOptions.isCustomElement. 
  at <IconButton icon="play-outline" is-loading=false title="Run now"  ... > 
  at <SettingsTable key=3 min-width="820px" > 
  at <Crons ref="VTU_COMPONENT" > 
  at <VTUROOT>
[Vue warn]: Failed to resolve component: router-link
If this is a native custom element, make sure to exclude it from component resolution via compilerOptions.isCustomElement. 
  at <IconButton icon="edit" title="Edit cron" onClick=fn<onClick> > 
  at <SettingsTable key=3 min-width="820px" > 
  at <Crons ref="VTU_COMPONENT" > 
  at <VTUROOT>
[Vue warn]: Failed to resolve component: router-link
If this is a native custom element, make sure to exclude it from component resolution via compilerOptions.isCustomElement. 
  at <IconButton icon="trash" class="text-wp-error-100" is-loading=false  ... > 
  at <SettingsTable key=3 min-width="820px" > 
  at <Crons ref="VTU_COMPONENT" > 
  at <VTUROOT>
[Vue warn]: Failed to resolve component: router-link
If this is a native custom element, make sure to exclude it from component resolution via compilerOptions.isCustomElement. 
  at <IconButton icon="play-outline" is-loading=false title="Run now"  ... > 
  at <SettingsTable key=3 min-width="820px" > 
  at <Crons ref="VTU_COMPONENT" > 
  at <VTUROOT>
[Vue warn]: Failed to resolve component: router-link
If this is a native custom element, make sure to exclude it from component resolution via compilerOptions.isCustomElement. 
  at <IconButton icon="edit" title="Edit cron" onClick=fn<onClick> > 
  at <SettingsTable key=3 min-width="820px" > 
  at <Crons ref="VTU_COMPONENT" > 
  at <VTUROOT>
[Vue warn]: Failed to resolve component: router-link
If this is a native custom element, make sure to exclude it from component resolution via compilerOptions.isCustomElement. 
  at <IconButton icon="trash" class="text-wp-error-100" is-loading=false  ... > 
  at <SettingsTable key=3 min-width="820px" > 
  at <Crons ref="VTU_COMPONENT" > 
  at <VTUROOT>

stderr | src/views/repo/settings/Crons.test.ts > repository cron settings > ignores an obsolete rejection after returning to the same repository
[Vue warn]: Failed to resolve component: router-link
If this is a native custom element, make sure to exclude it from component resolution via compilerOptions.isCustomElement. 
  at <IconButton icon="play-outline" is-loading=false title="Run now"  ... > 
  at <SettingsTable key=3 min-width="820px" > 
  at <Crons ref="VTU_COMPONENT" > 
  at <VTUROOT>
[Vue warn]: Failed to resolve component: router-link
If this is a native custom element, make sure to exclude it from component resolution via compilerOptions.isCustomElement. 
  at <IconButton icon="edit" title="Edit cron" onClick=fn<onClick> > 
  at <SettingsTable key=3 min-width="820px" > 
  at <Crons ref="VTU_COMPONENT" > 
  at <VTUROOT>
[Vue warn]: Failed to resolve component: router-link
If this is a native custom element, make sure to exclude it from component resolution via compilerOptions.isCustomElement. 
  at <IconButton icon="trash" class="text-wp-error-100" is-loading=false  ... > 
  at <SettingsTable key=3 min-width="820px" > 
  at <Crons ref="VTU_COMPONENT" > 
  at <VTUROOT>
[Vue warn]: Failed to resolve component: router-link
If this is a native custom element, make sure to exclude it from component resolution via compilerOptions.isCustomElement. 
  at <IconButton icon="play-outline" is-loading=false title="Run now"  ... > 
  at <SettingsTable key=3 min-width="820px" > 
  at <Crons ref="VTU_COMPONENT" > 
  at <VTUROOT>
[Vue warn]: Failed to resolve component: router-link
If this is a native custom element, make sure to exclude it from component resolution via compilerOptions.isCustomElement. 
  at <IconButton icon="edit" title="Edit cron" onClick=fn<onClick> > 
  at <SettingsTable key=3 min-width="820px" > 
  at <Crons ref="VTU_COMPONENT" > 
  at <VTUROOT>
[Vue warn]: Failed to resolve component: router-link
If this is a native custom element, make sure to exclude it from component resolution via compilerOptions.isCustomElement. 
  at <IconButton icon="trash" class="text-wp-error-100" is-loading=false  ... > 
  at <SettingsTable key=3 min-width="820px" > 
  at <Crons ref="VTU_COMPONENT" > 
  at <VTUROOT>

stderr | src/views/repo/settings/Crons.test.ts > repository cron settings > ignores an obsolete rejection after returning to the same repository
[Vue warn]: Failed to resolve component: router-link
If this is a native custom element, make sure to exclude it from component resolution via compilerOptions.isCustomElement. 
  at <IconButton icon="play-outline" is-loading=false title="Run now"  ... > 
  at <SettingsTable key=3 min-width="820px" > 
  at <Crons ref="VTU_COMPONENT" > 
  at <VTUROOT>
[Vue warn]: Failed to resolve component: router-link
If this is a native custom element, make sure to exclude it from component resolution via compilerOptions.isCustomElement. 
  at <IconButton icon="edit" title="Edit cron" onClick=fn<onClick> > 
  at <SettingsTable key=3 min-width="820px" > 
  at <Crons ref="VTU_COMPONENT" > 
  at <VTUROOT>
[Vue warn]: Failed to resolve component: router-link
If this is a native custom element, make sure to exclude it from component resolution via compilerOptions.isCustomElement. 
  at <IconButton icon="trash" class="text-wp-error-100" is-loading=false  ... > 
  at <SettingsTable key=3 min-width="820px" > 
  at <Crons ref="VTU_COMPONENT" > 
  at <VTUROOT>
[Vue warn]: Failed to resolve component: router-link
If this is a native custom element, make sure to exclude it from component resolution via compilerOptions.isCustomElement. 
  at <IconButton icon="play-outline" is-loading=false title="Run now"  ... > 
  at <SettingsTable key=3 min-width="820px" > 
  at <Crons ref="VTU_COMPONENT" > 
  at <VTUROOT>
[Vue warn]: Failed to resolve component: router-link
If this is a native custom element, make sure to exclude it from component resolution via compilerOptions.isCustomElement. 
  at <IconButton icon="edit" title="Edit cron" onClick=fn<onClick> > 
  at <SettingsTable key=3 min-width="820px" > 
  at <Crons ref="VTU_COMPONENT" > 
  at <VTUROOT>
[Vue warn]: Failed to resolve component: router-link
If this is a native custom element, make sure to exclude it from component resolution via compilerOptions.isCustomElement. 
  at <IconButton icon="trash" class="text-wp-error-100" is-loading=false  ... > 
  at <SettingsTable key=3 min-width="820px" > 
  at <Crons ref="VTU_COMPONENT" > 
  at <VTUROOT>
[Vue warn]: Failed to resolve component: router-link
If this is a native custom element, make sure to exclude it from component resolution via compilerOptions.isCustomElement. 
  at <IconButton icon="play-outline" is-loading=false title="Run now"  ... > 
  at <SettingsTable key=3 min-width="820px" > 
  at <Crons ref="VTU_COMPONENT" > 
  at <VTUROOT>
[Vue warn]: Failed to resolve component: router-link
If this is a native custom element, make sure to exclude it from component resolution via compilerOptions.isCustomElement. 
  at <IconButton icon="edit" title="Edit cron" onClick=fn<onClick> > 
  at <SettingsTable key=3 min-width="820px" > 
  at <Crons ref="VTU_COMPONENT" > 
  at <VTUROOT>
[Vue warn]: Failed to resolve component: router-link
If this is a native custom element, make sure to exclude it from component resolution via compilerOptions.isCustomElement. 
  at <IconButton icon="trash" class="text-wp-error-100" is-loading=false  ... > 
  at <SettingsTable key=3 min-width="820px" > 
  at <Crons ref="VTU_COMPONENT" > 
  at <VTUROOT>
[Vue warn]: Failed to resolve component: router-link
If this is a native custom element, make sure to exclude it from component resolution via compilerOptions.isCustomElement. 
  at <IconButton icon="play-outline" is-loading=false title="Run now"  ... > 
  at <SettingsTable key=3 min-width="820px" > 
  at <Crons ref="VTU_COMPONENT" > 
  at <VTUROOT>
[Vue warn]: Failed to resolve component: router-link
If this is a native custom element, make sure to exclude it from component resolution via compilerOptions.isCustomElement. 
  at <IconButton icon="edit" title="Edit cron" onClick=fn<onClick> > 
  at <SettingsTable key=3 min-width="820px" > 
  at <Crons ref="VTU_COMPONENT" > 
  at <VTUROOT>
[Vue warn]: Failed to resolve component: router-link
If this is a native custom element, make sure to exclude it from component resolution via compilerOptions.isCustomElement. 
  at <IconButton icon="trash" class="text-wp-error-100" is-loading=false  ... > 
  at <SettingsTable key=3 min-width="820px" > 
  at <Crons ref="VTU_COMPONENT" > 
  at <VTUROOT>
[Vue warn]: Failed to resolve component: router-link
If this is a native custom element, make sure to exclude it from component resolution via compilerOptions.isCustomElement. 
  at <IconButton icon="play-outline" is-loading=false title="Run now"  ... > 
  at <SettingsTable key=3 min-width="820px" > 
  at <Crons ref="VTU_COMPONENT" > 
  at <VTUROOT>
[Vue warn]: Failed to resolve component: router-link
If this is a native custom element, make sure to exclude it from component resolution via compilerOptions.isCustomElement. 
  at <IconButton icon="edit" title="Edit cron" onClick=fn<onClick> > 
  at <SettingsTable key=3 min-width="820px" > 
  at <Crons ref="VTU_COMPONENT" > 
  at <VTUROOT>
[Vue warn]: Failed to resolve component: router-link
If this is a native custom element, make sure to exclude it from component resolution via compilerOptions.isCustomElement. 
  at <IconButton icon="trash" class="text-wp-error-100" is-loading=false  ... > 
  at <SettingsTable key=3 min-width="820px" > 
  at <Crons ref="VTU_COMPONENT" > 
  at <VTUROOT>
[Vue warn]: Failed to resolve component: router-link
If this is a native custom element, make sure to exclude it from component resolution via compilerOptions.isCustomElement. 
  at <IconButton icon="play-outline" is-loading=false title="Run now"  ... > 
  at <SettingsTable key=3 min-width="820px" > 
  at <Crons ref="VTU_COMPONENT" > 
  at <VTUROOT>
[Vue warn]: Failed to resolve component: router-link
If this is a native custom element, make sure to exclude it from component resolution via compilerOptions.isCustomElement. 
  at <IconButton icon="edit" title="Edit cron" onClick=fn<onClick> > 
  at <SettingsTable key=3 min-width="820px" > 
  at <Crons ref="VTU_COMPONENT" > 
  at <VTUROOT>
[Vue warn]: Failed to resolve component: router-link
If this is a native custom element, make sure to exclude it from component resolution via compilerOptions.isCustomElement. 
  at <IconButton icon="trash" class="text-wp-error-100" is-loading=false  ... > 
  at <SettingsTable key=3 min-width="820px" > 
  at <Crons ref="VTU_COMPONENT" > 
  at <VTUROOT>

stderr | src/views/repo/settings/Crons.test.ts > repository cron settings > ignores an obsolete rejection after returning to the same repository
[Vue warn]: Failed to resolve component: router-link
If this is a native custom element, make sure to exclude it from component resolution via compilerOptions.isCustomElement. 
  at <IconButton icon="play-outline" is-loading=false title="Run now"  ... > 
  at <SettingsTable key=3 min-width="820px" > 
  at <Crons ref="VTU_COMPONENT" > 
  at <VTUROOT>
[Vue warn]: Failed to resolve component: router-link
If this is a native custom element, make sure to exclude it from component resolution via compilerOptions.isCustomElement. 
  at <IconButton icon="edit" title="Edit cron" onClick=fn<onClick> > 
  at <SettingsTable key=3 min-width="820px" > 
  at <Crons ref="VTU_COMPONENT" > 
  at <VTUROOT>
[Vue warn]: Failed to resolve component: router-link
If this is a native custom element, make sure to exclude it from component resolution via compilerOptions.isCustomElement. 
  at <IconButton icon="trash" class="text-wp-error-100" is-loading=false  ... > 
  at <SettingsTable key=3 min-width="820px" > 
  at <Crons ref="VTU_COMPONENT" > 
  at <VTUROOT>
[Vue warn]: Failed to resolve component: router-link
If this is a native custom element, make sure to exclude it from component resolution via compilerOptions.isCustomElement. 
  at <IconButton icon="play-outline" is-loading=false title="Run now"  ... > 
  at <SettingsTable key=3 min-width="820px" > 
  at <Crons ref="VTU_COMPONENT" > 
  at <VTUROOT>
[Vue warn]: Failed to resolve component: router-link
If this is a native custom element, make sure to exclude it from component resolution via compilerOptions.isCustomElement. 
  at <IconButton icon="edit" title="Edit cron" onClick=fn<onClick> > 
  at <SettingsTable key=3 min-width="820px" > 
  at <Crons ref="VTU_COMPONENT" > 
  at <VTUROOT>
[Vue warn]: Failed to resolve component: router-link
If this is a native custom element, make sure to exclude it from component resolution via compilerOptions.isCustomElement. 
  at <IconButton icon="trash" class="text-wp-error-100" is-loading=false  ... > 
  at <SettingsTable key=3 min-width="820px" > 
  at <Crons ref="VTU_COMPONENT" > 
  at <VTUROOT>
[Vue warn]: Failed to resolve component: router-link
If this is a native custom element, make sure to exclude it from component resolution via compilerOptions.isCustomElement. 
  at <IconButton icon="play-outline" is-loading=false title="Run now"  ... > 
  at <SettingsTable key=3 min-width="820px" > 
  at <Crons ref="VTU_COMPONENT" > 
  at <VTUROOT>
[Vue warn]: Failed to resolve component: router-link
If this is a native custom element, make sure to exclude it from component resolution via compilerOptions.isCustomElement. 
  at <IconButton icon="edit" title="Edit cron" onClick=fn<onClick> > 
  at <SettingsTable key=3 min-width="820px" > 
  at <Crons ref="VTU_COMPONENT" > 
  at <VTUROOT>
[Vue warn]: Failed to resolve component: router-link
If this is a native custom element, make sure to exclude it from component resolution via compilerOptions.isCustomElement. 
  at <IconButton icon="trash" class="text-wp-error-100" is-loading=false  ... > 
  at <SettingsTable key=3 min-width="820px" > 
  at <Crons ref="VTU_COMPONENT" > 
  at <VTUROOT>
[Vue warn]: Failed to resolve component: router-link
If this is a native custom element, make sure to exclude it from component resolution via compilerOptions.isCustomElement. 
  at <IconButton icon="play-outline" is-loading=false title="Run now"  ... > 
  at <SettingsTable key=3 min-width="820px" > 
  at <Crons ref="VTU_COMPONENT" > 
  at <VTUROOT>
[Vue warn]: Failed to resolve component: router-link
If this is a native custom element, make sure to exclude it from component resolution via compilerOptions.isCustomElement. 
  at <IconButton icon="edit" title="Edit cron" onClick=fn<onClick> > 
  at <SettingsTable key=3 min-width="820px" > 
  at <Crons ref="VTU_COMPONENT" > 
  at <VTUROOT>
[Vue warn]: Failed to resolve component: router-link
If this is a native custom element, make sure to exclude it from component resolution via compilerOptions.isCustomElement. 
  at <IconButton icon="trash" class="text-wp-error-100" is-loading=false  ... > 
  at <SettingsTable key=3 min-width="820px" > 
  at <Crons ref="VTU_COMPONENT" > 
  at <VTUROOT>
[Vue warn]: Failed to resolve component: router-link
If this is a native custom element, make sure to exclude it from component resolution via compilerOptions.isCustomElement. 
  at <IconButton icon="play-outline" is-loading=false title="Run now"  ... > 
  at <SettingsTable key=3 min-width="820px" > 
  at <Crons ref="VTU_COMPONENT" > 
  at <VTUROOT>
[Vue warn]: Failed to resolve component: router-link
If this is a native custom element, make sure to exclude it from component resolution via compilerOptions.isCustomElement. 
  at <IconButton icon="edit" title="Edit cron" onClick=fn<onClick> > 
  at <SettingsTable key=3 min-width="820px" > 
  at <Crons ref="VTU_COMPONENT" > 
  at <VTUROOT>
[Vue warn]: Failed to resolve component: router-link
If this is a native custom element, make sure to exclude it from component resolution via compilerOptions.isCustomElement. 
  at <IconButton icon="trash" class="text-wp-error-100" is-loading=false  ... > 
  at <SettingsTable key=3 min-width="820px" > 
  at <Crons ref="VTU_COMPONENT" > 
  at <VTUROOT>
[Vue warn]: Failed to resolve component: router-link
If this is a native custom element, make sure to exclude it from component resolution via compilerOptions.isCustomElement. 
  at <IconButton icon="play-outline" is-loading=false title="Run now"  ... > 
  at <SettingsTable key=3 min-width="820px" > 
  at <Crons ref="VTU_COMPONENT" > 
  at <VTUROOT>
[Vue warn]: Failed to resolve component: router-link
If this is a native custom element, make sure to exclude it from component resolution via compilerOptions.isCustomElement. 
  at <IconButton icon="edit" title="Edit cron" onClick=fn<onClick> > 
  at <SettingsTable key=3 min-width="820px" > 
  at <Crons ref="VTU_COMPONENT" > 
  at <VTUROOT>
[Vue warn]: Failed to resolve component: router-link
If this is a native custom element, make sure to exclude it from component resolution via compilerOptions.isCustomElement. 
  at <IconButton icon="trash" class="text-wp-error-100" is-loading=false  ... > 
  at <SettingsTable key=3 min-width="820px" > 
  at <Crons ref="VTU_COMPONENT" > 
  at <VTUROOT>

stderr | src/views/repo/settings/Crons.test.ts > repository cron settings > ignores an obsolete rejection after returning to the same repository
[Vue warn]: Failed to resolve component: router-link
If this is a native custom element, make sure to exclude it from component resolution via compilerOptions.isCustomElement. 
  at <IconButton icon="play-outline" is-loading=false title="Run now"  ... > 
  at <SettingsTable key=3 min-width="820px" > 
  at <Crons ref="VTU_COMPONENT" > 
  at <VTUROOT>
[Vue warn]: Failed to resolve component: router-link
If this is a native custom element, make sure to exclude it from component resolution via compilerOptions.isCustomElement. 
  at <IconButton icon="edit" title="Edit cron" onClick=fn<onClick> > 
  at <SettingsTable key=3 min-width="820px" > 
  at <Crons ref="VTU_COMPONENT" > 
  at <VTUROOT>
[Vue warn]: Failed to resolve component: router-link
If this is a native custom element, make sure to exclude it from component resolution via compilerOptions.isCustomElement. 
  at <IconButton icon="trash" class="text-wp-error-100" is-loading=false  ... > 
  at <SettingsTable key=3 min-width="820px" > 
  at <Crons ref="VTU_COMPONENT" > 
  at <VTUROOT>
[Vue warn]: Failed to resolve component: router-link
If this is a native custom element, make sure to exclude it from component resolution via compilerOptions.isCustomElement. 
  at <IconButton icon="play-outline" is-loading=false title="Run now"  ... > 
  at <SettingsTable key=3 min-width="820px" > 
  at <Crons ref="VTU_COMPONENT" > 
  at <VTUROOT>
[Vue warn]: Failed to resolve component: router-link
If this is a native custom element, make sure to exclude it from component resolution via compilerOptions.isCustomElement. 
  at <IconButton icon="edit" title="Edit cron" onClick=fn<onClick> > 
  at <SettingsTable key=3 min-width="820px" > 
  at <Crons ref="VTU_COMPONENT" > 
  at <VTUROOT>
[Vue warn]: Failed to resolve component: router-link
If this is a native custom element, make sure to exclude it from component resolution via compilerOptions.isCustomElement. 
  at <IconButton icon="trash" class="text-wp-error-100" is-loading=false  ... > 
  at <SettingsTable key=3 min-width="820px" > 
  at <Crons ref="VTU_COMPONENT" > 
  at <VTUROOT>
[Vue warn]: Failed to resolve component: router-link
If this is a native custom element, make sure to exclude it from component resolution via compilerOptions.isCustomElement. 
  at <IconButton icon="play-outline" is-loading=false title="Run now"  ... > 
  at <SettingsTable key=3 min-width="820px" > 
  at <Crons ref="VTU_COMPONENT" > 
  at <VTUROOT>
[Vue warn]: Failed to resolve component: router-link
If this is a native custom element, make sure to exclude it from component resolution via compilerOptions.isCustomElement. 
  at <IconButton icon="edit" title="Edit cron" onClick=fn<onClick> > 
  at <SettingsTable key=3 min-width="820px" > 
  at <Crons ref="VTU_COMPONENT" > 
  at <VTUROOT>
[Vue warn]: Failed to resolve component: router-link
If this is a native custom element, make sure to exclude it from component resolution via compilerOptions.isCustomElement. 
  at <IconButton icon="trash" class="text-wp-error-100" is-loading=false  ... > 
  at <SettingsTable key=3 min-width="820px" > 
  at <Crons ref="VTU_COMPONENT" > 
  at <VTUROOT>
[Vue warn]: Failed to resolve component: router-link
If this is a native custom element, make sure to exclude it from component resolution via compilerOptions.isCustomElement. 
  at <IconButton icon="play-outline" is-loading=false title="Run now"  ... > 
  at <SettingsTable key=3 min-width="820px" > 
  at <Crons ref="VTU_COMPONENT" > 
  at <VTUROOT>
[Vue warn]: Failed to resolve component: router-link
If this is a native custom element, make sure to exclude it from component resolution via compilerOptions.isCustomElement. 
  at <IconButton icon="edit" title="Edit cron" onClick=fn<onClick> > 
  at <SettingsTable key=3 min-width="820px" > 
  at <Crons ref="VTU_COMPONENT" > 
  at <VTUROOT>
[Vue warn]: Failed to resolve component: router-link
If this is a native custom element, make sure to exclude it from component resolution via compilerOptions.isCustomElement. 
  at <IconButton icon="trash" class="text-wp-error-100" is-loading=false  ... > 
  at <SettingsTable key=3 min-width="820px" > 
  at <Crons ref="VTU_COMPONENT" > 
  at <VTUROOT>
[Vue warn]: Failed to resolve component: router-link
If this is a native custom element, make sure to exclude it from component resolution via compilerOptions.isCustomElement. 
  at <IconButton icon="play-outline" is-loading=false title="Run now"  ... > 
  at <SettingsTable key=3 min-width="820px" > 
  at <Crons ref="VTU_COMPONENT" > 
  at <VTUROOT>
[Vue warn]: Failed to resolve component: router-link
If this is a native custom element, make sure to exclude it from component resolution via compilerOptions.isCustomElement. 
  at <IconButton icon="edit" title="Edit cron" onClick=fn<onClick> > 
  at <SettingsTable key=3 min-width="820px" > 
  at <Crons ref="VTU_COMPONENT" > 
  at <VTUROOT>
[Vue warn]: Failed to resolve component: router-link
If this is a native custom element, make sure to exclude it from component resolution via compilerOptions.isCustomElement. 
  at <IconButton icon="trash" class="text-wp-error-100" is-loading=false  ... > 
  at <SettingsTable key=3 min-width="820px" > 
  at <Crons ref="VTU_COMPONENT" > 
  at <VTUROOT>
[Vue warn]: Failed to resolve component: router-link
If this is a native custom element, make sure to exclude it from component resolution via compilerOptions.isCustomElement. 
  at <IconButton icon="play-outline" is-loading=false title="Run now"  ... > 
  at <SettingsTable key=3 min-width="820px" > 
  at <Crons ref="VTU_COMPONENT" > 
  at <VTUROOT>
[Vue warn]: Failed to resolve component: router-link
If this is a native custom element, make sure to exclude it from component resolution via compilerOptions.isCustomElement. 
  at <IconButton icon="edit" title="Edit cron" onClick=fn<onClick> > 
  at <SettingsTable key=3 min-width="820px" > 
  at <Crons ref="VTU_COMPONENT" > 
  at <VTUROOT>
[Vue warn]: Failed to resolve component: router-link
If this is a native custom element, make sure to exclude it from component resolution via compilerOptions.isCustomElement. 
  at <IconButton icon="trash" class="text-wp-error-100" is-loading=false  ... > 
  at <SettingsTable key=3 min-width="820px" > 
  at <Crons ref="VTU_COMPONENT" > 
  at <VTUROOT>

stderr | src/views/repo/settings/Registries.test.ts > repository registries settings > ignores an obsolete rejected refresh after the repository changes
[Vue warn]: Failed to resolve component: router-link
If this is a native custom element, make sure to exclude it from component resolution via compilerOptions.isCustomElement. 
  at <IconButton icon="edit" title="Edit registry" onClick=fn<onClick> > 
  at <SettingsTable key=3 min-width="660px" > 
  at <Registries ref="VTU_COMPONENT" > 
  at <VTUROOT>
[Vue warn]: Failed to resolve component: router-link
If this is a native custom element, make sure to exclude it from component resolution via compilerOptions.isCustomElement. 
  at <IconButton key=0 icon="trash" class="text-wp-error-100"  ... > 
  at <SettingsTable key=3 min-width="660px" > 
  at <Registries ref="VTU_COMPONENT" > 
  at <VTUROOT>
[Vue warn]: Failed to resolve component: router-link
If this is a native custom element, make sure to exclude it from component resolution via compilerOptions.isCustomElement. 
  at <IconButton icon="edit" title="Edit registry" onClick=fn<onClick> > 
  at <SettingsTable key=3 min-width="660px" > 
  at <Registries ref="VTU_COMPONENT" > 
  at <VTUROOT>
[Vue warn]: Failed to resolve component: router-link
If this is a native custom element, make sure to exclude it from component resolution via compilerOptions.isCustomElement. 
  at <IconButton key=0 icon="trash" class="text-wp-error-100"  ... > 
  at <SettingsTable key=3 min-width="660px" > 
  at <Registries ref="VTU_COMPONENT" > 
  at <VTUROOT>
[Vue warn]: Failed to resolve component: router-link
If this is a native custom element, make sure to exclude it from component resolution via compilerOptions.isCustomElement. 
  at <IconButton icon="edit" title="Edit registry" onClick=fn<onClick> > 
  at <SettingsTable key=3 min-width="660px" > 
  at <Registries ref="VTU_COMPONENT" > 
  at <VTUROOT>
[Vue warn]: Failed to resolve component: router-link
If this is a native custom element, make sure to exclude it from component resolution via compilerOptions.isCustomElement. 
  at <IconButton key=0 icon="trash" class="text-wp-error-100"  ... > 
  at <SettingsTable key=3 min-width="660px" > 
  at <Registries ref="VTU_COMPONENT" > 
  at <VTUROOT>
[Vue warn]: Failed to resolve component: router-link
If this is a native custom element, make sure to exclude it from component resolution via compilerOptions.isCustomElement. 
  at <IconButton icon="edit" title="Edit registry" onClick=fn<onClick> > 
  at <SettingsTable key=3 min-width="660px" > 
  at <Registries ref="VTU_COMPONENT" > 
  at <VTUROOT>
[Vue warn]: Failed to resolve component: router-link
If this is a native custom element, make sure to exclude it from component resolution via compilerOptions.isCustomElement. 
  at <IconButton key=0 icon="trash" class="text-wp-error-100"  ... > 
  at <SettingsTable key=3 min-width="660px" > 
  at <Registries ref="VTU_COMPONENT" > 
  at <VTUROOT>

stderr | src/views/repo/settings/Registries.test.ts > repository registries settings > ignores an obsolete rejection after returning to the same repository
[Vue warn]: Failed to resolve component: router-link
If this is a native custom element, make sure to exclude it from component resolution via compilerOptions.isCustomElement. 
  at <IconButton icon="edit" title="Edit registry" onClick=fn<onClick> > 
  at <SettingsTable key=3 min-width="660px" > 
  at <Registries ref="VTU_COMPONENT" > 
  at <VTUROOT>
[Vue warn]: Failed to resolve component: router-link
If this is a native custom element, make sure to exclude it from component resolution via compilerOptions.isCustomElement. 
  at <IconButton key=0 icon="trash" class="text-wp-error-100"  ... > 
  at <SettingsTable key=3 min-width="660px" > 
  at <Registries ref="VTU_COMPONENT" > 
  at <VTUROOT>
[Vue warn]: Failed to resolve component: router-link
If this is a native custom element, make sure to exclude it from component resolution via compilerOptions.isCustomElement. 
  at <IconButton icon="edit" title="Edit registry" onClick=fn<onClick> > 
  at <SettingsTable key=3 min-width="660px" > 
  at <Registries ref="VTU_COMPONENT" > 
  at <VTUROOT>
[Vue warn]: Failed to resolve component: router-link
If this is a native custom element, make sure to exclude it from component resolution via compilerOptions.isCustomElement. 
  at <IconButton key=0 icon="trash" class="text-wp-error-100"  ... > 
  at <SettingsTable key=3 min-width="660px" > 
  at <Registries ref="VTU_COMPONENT" > 
  at <VTUROOT>

stderr | src/views/repo/settings/Registries.test.ts > repository registries settings > ignores an obsolete rejection after returning to the same repository
[Vue warn]: Failed to resolve component: router-link
If this is a native custom element, make sure to exclude it from component resolution via compilerOptions.isCustomElement. 
  at <IconButton icon="edit" title="Edit registry" onClick=fn<onClick> > 
  at <SettingsTable key=3 min-width="660px" > 
  at <Registries ref="VTU_COMPONENT" > 
  at <VTUROOT>
[Vue warn]: Failed to resolve component: router-link
If this is a native custom element, make sure to exclude it from component resolution via compilerOptions.isCustomElement. 
  at <IconButton key=0 icon="trash" class="text-wp-error-100"  ... > 
  at <SettingsTable key=3 min-width="660px" > 
  at <Registries ref="VTU_COMPONENT" > 
  at <VTUROOT>
[Vue warn]: Failed to resolve component: router-link
If this is a native custom element, make sure to exclude it from component resolution via compilerOptions.isCustomElement. 
  at <IconButton icon="edit" title="Edit registry" onClick=fn<onClick> > 
  at <SettingsTable key=3 min-width="660px" > 
  at <Registries ref="VTU_COMPONENT" > 
  at <VTUROOT>
[Vue warn]: Failed to resolve component: router-link
If this is a native custom element, make sure to exclude it from component resolution via compilerOptions.isCustomElement. 
  at <IconButton key=0 icon="trash" class="text-wp-error-100"  ... > 
  at <SettingsTable key=3 min-width="660px" > 
  at <Registries ref="VTU_COMPONENT" > 
  at <VTUROOT>
[Vue warn]: Failed to resolve component: router-link
If this is a native custom element, make sure to exclude it from component resolution via compilerOptions.isCustomElement. 
  at <IconButton icon="edit" title="Edit registry" onClick=fn<onClick> > 
  at <SettingsTable key=3 min-width="660px" > 
  at <Registries ref="VTU_COMPONENT" > 
  at <VTUROOT>
[Vue warn]: Failed to resolve component: router-link
If this is a native custom element, make sure to exclude it from component resolution via compilerOptions.isCustomElement. 
  at <IconButton key=0 icon="trash" class="text-wp-error-100"  ... > 
  at <SettingsTable key=3 min-width="660px" > 
  at <Registries ref="VTU_COMPONENT" > 
  at <VTUROOT>
[Vue warn]: Failed to resolve component: router-link
If this is a native custom element, make sure to exclude it from component resolution via compilerOptions.isCustomElement. 
  at <IconButton icon="edit" title="Edit registry" onClick=fn<onClick> > 
  at <SettingsTable key=3 min-width="660px" > 
  at <Registries ref="VTU_COMPONENT" > 
  at <VTUROOT>
[Vue warn]: Failed to resolve component: router-link
If this is a native custom element, make sure to exclude it from component resolution via compilerOptions.isCustomElement. 
  at <IconButton key=0 icon="trash" class="text-wp-error-100"  ... > 
  at <SettingsTable key=3 min-width="660px" > 
  at <Registries ref="VTU_COMPONENT" > 
  at <VTUROOT>
[Vue warn]: Failed to resolve component: router-link
If this is a native custom element, make sure to exclude it from component resolution via compilerOptions.isCustomElement. 
  at <IconButton icon="edit" title="Edit registry" onClick=fn<onClick> > 
  at <SettingsTable key=3 min-width="660px" > 
  at <Registries ref="VTU_COMPONENT" > 
  at <VTUROOT>
[Vue warn]: Failed to resolve component: router-link
If this is a native custom element, make sure to exclude it from component resolution via compilerOptions.isCustomElement. 
  at <IconButton key=0 icon="trash" class="text-wp-error-100"  ... > 
  at <SettingsTable key=3 min-width="660px" > 
  at <Registries ref="VTU_COMPONENT" > 
  at <VTUROOT>

stderr | src/views/repo/settings/Registries.test.ts > repository registries settings > ignores an obsolete rejection after returning to the same repository
[Vue warn]: Failed to resolve component: router-link
If this is a native custom element, make sure to exclude it from component resolution via compilerOptions.isCustomElement. 
  at <IconButton icon="edit" title="Edit registry" onClick=fn<onClick> > 
  at <SettingsTable key=3 min-width="660px" > 
  at <Registries ref="VTU_COMPONENT" > 
  at <VTUROOT>
[Vue warn]: Failed to resolve component: router-link
If this is a native custom element, make sure to exclude it from component resolution via compilerOptions.isCustomElement. 
  at <IconButton key=0 icon="trash" class="text-wp-error-100"  ... > 
  at <SettingsTable key=3 min-width="660px" > 
  at <Registries ref="VTU_COMPONENT" > 
  at <VTUROOT>
[Vue warn]: Failed to resolve component: router-link
If this is a native custom element, make sure to exclude it from component resolution via compilerOptions.isCustomElement. 
  at <IconButton icon="edit" title="Edit registry" onClick=fn<onClick> > 
  at <SettingsTable key=3 min-width="660px" > 
  at <Registries ref="VTU_COMPONENT" > 
  at <VTUROOT>
[Vue warn]: Failed to resolve component: router-link
If this is a native custom element, make sure to exclude it from component resolution via compilerOptions.isCustomElement. 
  at <IconButton key=0 icon="trash" class="text-wp-error-100"  ... > 
  at <SettingsTable key=3 min-width="660px" > 
  at <Registries ref="VTU_COMPONENT" > 
  at <VTUROOT>
[Vue warn]: Failed to resolve component: router-link
If this is a native custom element, make sure to exclude it from component resolution via compilerOptions.isCustomElement. 
  at <IconButton icon="edit" title="Edit registry" onClick=fn<onClick> > 
  at <SettingsTable key=3 min-width="660px" > 
  at <Registries ref="VTU_COMPONENT" > 
  at <VTUROOT>
[Vue warn]: Failed to resolve component: router-link
If this is a native custom element, make sure to exclude it from component resolution via compilerOptions.isCustomElement. 
  at <IconButton key=0 icon="trash" class="text-wp-error-100"  ... > 
  at <SettingsTable key=3 min-width="660px" > 
  at <Registries ref="VTU_COMPONENT" > 
  at <VTUROOT>
[Vue warn]: Failed to resolve component: router-link
If this is a native custom element, make sure to exclude it from component resolution via compilerOptions.isCustomElement. 
  at <IconButton icon="edit" title="Edit registry" onClick=fn<onClick> > 
  at <SettingsTable key=3 min-width="660px" > 
  at <Registries ref="VTU_COMPONENT" > 
  at <VTUROOT>
[Vue warn]: Failed to resolve component: router-link
If this is a native custom element, make sure to exclude it from component resolution via compilerOptions.isCustomElement. 
  at <IconButton key=0 icon="trash" class="text-wp-error-100"  ... > 
  at <SettingsTable key=3 min-width="660px" > 
  at <Registries ref="VTU_COMPONENT" > 
  at <VTUROOT>
[Vue warn]: Failed to resolve component: router-link
If this is a native custom element, make sure to exclude it from component resolution via compilerOptions.isCustomElement. 
  at <IconButton icon="edit" title="Edit registry" onClick=fn<onClick> > 
  at <SettingsTable key=3 min-width="660px" > 
  at <Registries ref="VTU_COMPONENT" > 
  at <VTUROOT>
[Vue warn]: Failed to resolve component: router-link
If this is a native custom element, make sure to exclude it from component resolution via compilerOptions.isCustomElement. 
  at <IconButton key=0 icon="trash" class="text-wp-error-100"  ... > 
  at <SettingsTable key=3 min-width="660px" > 
  at <Registries ref="VTU_COMPONENT" > 
  at <VTUROOT>

stderr | src/views/repo/settings/Registries.test.ts > repository registries settings > ignores an obsolete rejection after returning to the same repository
[Vue warn]: Failed to resolve component: router-link
If this is a native custom element, make sure to exclude it from component resolution via compilerOptions.isCustomElement. 
  at <IconButton icon="edit" title="Edit registry" onClick=fn<onClick> > 
  at <SettingsTable key=3 min-width="660px" > 
  at <Registries ref="VTU_COMPONENT" > 
  at <VTUROOT>
[Vue warn]: Failed to resolve component: router-link
If this is a native custom element, make sure to exclude it from component resolution via compilerOptions.isCustomElement. 
  at <IconButton key=0 icon="trash" class="text-wp-error-100"  ... > 
  at <SettingsTable key=3 min-width="660px" > 
  at <Registries ref="VTU_COMPONENT" > 
  at <VTUROOT>
[Vue warn]: Failed to resolve component: router-link
If this is a native custom element, make sure to exclude it from component resolution via compilerOptions.isCustomElement. 
  at <IconButton icon="edit" title="Edit registry" onClick=fn<onClick> > 
  at <SettingsTable key=3 min-width="660px" > 
  at <Registries ref="VTU_COMPONENT" > 
  at <VTUROOT>
[Vue warn]: Failed to resolve component: router-link
If this is a native custom element, make sure to exclude it from component resolution via compilerOptions.isCustomElement. 
  at <IconButton key=0 icon="trash" class="text-wp-error-100"  ... > 
  at <SettingsTable key=3 min-width="660px" > 
  at <Registries ref="VTU_COMPONENT" > 
  at <VTUROOT>
[Vue warn]: Failed to resolve component: router-link
If this is a native custom element, make sure to exclude it from component resolution via compilerOptions.isCustomElement. 
  at <IconButton icon="edit" title="Edit registry" onClick=fn<onClick> > 
  at <SettingsTable key=3 min-width="660px" > 
  at <Registries ref="VTU_COMPONENT" > 
  at <VTUROOT>
[Vue warn]: Failed to resolve component: router-link
If this is a native custom element, make sure to exclude it from component resolution via compilerOptions.isCustomElement. 
  at <IconButton key=0 icon="trash" class="text-wp-error-100"  ... > 
  at <SettingsTable key=3 min-width="660px" > 
  at <Registries ref="VTU_COMPONENT" > 
  at <VTUROOT>
[Vue warn]: Failed to resolve component: router-link
If this is a native custom element, make sure to exclude it from component resolution via compilerOptions.isCustomElement. 
  at <IconButton icon="edit" title="Edit registry" onClick=fn<onClick> > 
  at <SettingsTable key=3 min-width="660px" > 
  at <Registries ref="VTU_COMPONENT" > 
  at <VTUROOT>
[Vue warn]: Failed to resolve component: router-link
If this is a native custom element, make sure to exclude it from component resolution via compilerOptions.isCustomElement. 
  at <IconButton key=0 icon="trash" class="text-wp-error-100"  ... > 
  at <SettingsTable key=3 min-width="660px" > 
  at <Registries ref="VTU_COMPONENT" > 
  at <VTUROOT>
[Vue warn]: Failed to resolve component: router-link
If this is a native custom element, make sure to exclude it from component resolution via compilerOptions.isCustomElement. 
  at <IconButton icon="edit" title="Edit registry" onClick=fn<onClick> > 
  at <SettingsTable key=3 min-width="660px" > 
  at <Registries ref="VTU_COMPONENT" > 
  at <VTUROOT>
[Vue warn]: Failed to resolve component: router-link
If this is a native custom element, make sure to exclude it from component resolution via compilerOptions.isCustomElement. 
  at <IconButton key=0 icon="trash" class="text-wp-error-100"  ... > 
  at <SettingsTable key=3 min-width="660px" > 
  at <Registries ref="VTU_COMPONENT" > 
  at <VTUROOT>

stderr | src/views/repo/settings/Registries.test.ts > repository registries settings > does not close or reload the current editor when an obsolete save succeeds after returning to the same repository
[Vue warn]: Failed to resolve component: router-link
If this is a native custom element, make sure to exclude it from component resolution via compilerOptions.isCustomElement. 
  at <IconButton icon="edit" title="Edit registry" onClick=fn<onClick> > 
  at <SettingsTable key=3 min-width="660px" > 
  at <Registries ref="VTU_COMPONENT" > 
  at <VTUROOT>
[Vue warn]: Failed to resolve component: router-link
If this is a native custom element, make sure to exclude it from component resolution via compilerOptions.isCustomElement. 
  at <IconButton key=0 icon="trash" class="text-wp-error-100"  ... > 
  at <SettingsTable key=3 min-width="660px" > 
  at <Registries ref="VTU_COMPONENT" > 
  at <VTUROOT>
[Vue warn]: Failed to resolve component: router-link
If this is a native custom element, make sure to exclude it from component resolution via compilerOptions.isCustomElement. 
  at <IconButton icon="edit" title="Edit registry" onClick=fn<onClick> > 
  at <SettingsTable key=3 min-width="660px" > 
  at <Registries ref="VTU_COMPONENT" > 
  at <VTUROOT>
[Vue warn]: Failed to resolve component: router-link
If this is a native custom element, make sure to exclude it from component resolution via compilerOptions.isCustomElement. 
  at <IconButton key=0 icon="trash" class="text-wp-error-100"  ... > 
  at <SettingsTable key=3 min-width="660px" > 
  at <Registries ref="VTU_COMPONENT" > 
  at <VTUROOT>
[Vue warn]: Failed to resolve component: router-link
If this is a native custom element, make sure to exclude it from component resolution via compilerOptions.isCustomElement. 
  at <IconButton icon="edit" title="Edit registry" onClick=fn<onClick> > 
  at <SettingsTable key=3 min-width="660px" > 
  at <Registries ref="VTU_COMPONENT" > 
  at <VTUROOT>
[Vue warn]: Failed to resolve component: router-link
If this is a native custom element, make sure to exclude it from component resolution via compilerOptions.isCustomElement. 
  at <IconButton key=0 icon="trash" class="text-wp-error-100"  ... > 
  at <SettingsTable key=3 min-width="660px" > 
  at <Registries ref="VTU_COMPONENT" > 
  at <VTUROOT>
[Vue warn]: Failed to resolve component: router-link
If this is a native custom element, make sure to exclude it from component resolution via compilerOptions.isCustomElement. 
  at <IconButton icon="edit" title="Edit registry" onClick=fn<onClick> > 
  at <SettingsTable key=3 min-width="660px" > 
  at <Registries ref="VTU_COMPONENT" > 
  at <VTUROOT>
[Vue warn]: Failed to resolve component: router-link
If this is a native custom element, make sure to exclude it from component resolution via compilerOptions.isCustomElement. 
  at <IconButton key=0 icon="trash" class="text-wp-error-100"  ... > 
  at <SettingsTable key=3 min-width="660px" > 
  at <Registries ref="VTU_COMPONENT" > 
  at <VTUROOT>
[Vue warn]: Failed to resolve component: router-link
If this is a native custom element, make sure to exclude it from component resolution via compilerOptions.isCustomElement. 
  at <IconButton icon="edit" title="Edit registry" onClick=fn<onClick> > 
  at <SettingsTable key=3 min-width="660px" > 
  at <Registries ref="VTU_COMPONENT" > 
  at <VTUROOT>
[Vue warn]: Failed to resolve component: router-link
If this is a native custom element, make sure to exclude it from component resolution via compilerOptions.isCustomElement. 
  at <IconButton key=0 icon="trash" class="text-wp-error-100"  ... > 
  at <SettingsTable key=3 min-width="660px" > 
  at <Registries ref="VTU_COMPONENT" > 
  at <VTUROOT>
[Vue warn]: Failed to resolve component: router-link
If this is a native custom element, make sure to exclude it from component resolution via compilerOptions.isCustomElement. 
  at <IconButton icon="edit" title="Edit registry" onClick=fn<onClick> > 
  at <SettingsTable key=3 min-width="660px" > 
  at <Registries ref="VTU_COMPONENT" > 
  at <VTUROOT>
[Vue warn]: Failed to resolve component: router-link
If this is a native custom element, make sure to exclude it from component resolution via compilerOptions.isCustomElement. 
  at <IconButton key=0 icon="trash" class="text-wp-error-100"  ... > 
  at <SettingsTable key=3 min-width="660px" > 
  at <Registries ref="VTU_COMPONENT" > 
  at <VTUROOT>

stderr | src/views/repo/settings/Registries.test.ts > repository registries settings > does not close or reload the current editor when an obsolete save rejects after returning to the same repository
[Vue warn]: Failed to resolve component: router-link
If this is a native custom element, make sure to exclude it from component resolution via compilerOptions.isCustomElement. 
  at <IconButton icon="edit" title="Edit registry" onClick=fn<onClick> > 
  at <SettingsTable key=3 min-width="660px" > 
  at <Registries ref="VTU_COMPONENT" > 
  at <VTUROOT>
[Vue warn]: Failed to resolve component: router-link
If this is a native custom element, make sure to exclude it from component resolution via compilerOptions.isCustomElement. 
  at <IconButton key=0 icon="trash" class="text-wp-error-100"  ... > 
  at <SettingsTable key=3 min-width="660px" > 
  at <Registries ref="VTU_COMPONENT" > 
  at <VTUROOT>
[Vue warn]: Failed to resolve component: router-link
If this is a native custom element, make sure to exclude it from component resolution via compilerOptions.isCustomElement. 
  at <IconButton icon="edit" title="Edit registry" onClick=fn<onClick> > 
  at <SettingsTable key=3 min-width="660px" > 
  at <Registries ref="VTU_COMPONENT" > 
  at <VTUROOT>
[Vue warn]: Failed to resolve component: router-link
If this is a native custom element, make sure to exclude it from component resolution via compilerOptions.isCustomElement. 
  at <IconButton key=0 icon="trash" class="text-wp-error-100"  ... > 
  at <SettingsTable key=3 min-width="660px" > 
  at <Registries ref="VTU_COMPONENT" > 
  at <VTUROOT>
[Vue warn]: Failed to resolve component: router-link
If this is a native custom element, make sure to exclude it from component resolution via compilerOptions.isCustomElement. 
  at <IconButton icon="edit" title="Edit registry" onClick=fn<onClick> > 
  at <SettingsTable key=3 min-width="660px" > 
  at <Registries ref="VTU_COMPONENT" > 
  at <VTUROOT>
[Vue warn]: Failed to resolve component: router-link
If this is a native custom element, make sure to exclude it from component resolution via compilerOptions.isCustomElement. 
  at <IconButton key=0 icon="trash" class="text-wp-error-100"  ... > 
  at <SettingsTable key=3 min-width="660px" > 
  at <Registries ref="VTU_COMPONENT" > 
  at <VTUROOT>
[Vue warn]: Failed to resolve component: router-link
If this is a native custom element, make sure to exclude it from component resolution via compilerOptions.isCustomElement. 
  at <IconButton icon="edit" title="Edit registry" onClick=fn<onClick> > 
  at <SettingsTable key=3 min-width="660px" > 
  at <Registries ref="VTU_COMPONENT" > 
  at <VTUROOT>
[Vue warn]: Failed to resolve component: router-link
If this is a native custom element, make sure to exclude it from component resolution via compilerOptions.isCustomElement. 
  at <IconButton key=0 icon="trash" class="text-wp-error-100"  ... > 
  at <SettingsTable key=3 min-width="660px" > 
  at <Registries ref="VTU_COMPONENT" > 
  at <VTUROOT>
[Vue warn]: Failed to resolve component: router-link
If this is a native custom element, make sure to exclude it from component resolution via compilerOptions.isCustomElement. 
  at <IconButton icon="edit" title="Edit registry" onClick=fn<onClick> > 
  at <SettingsTable key=3 min-width="660px" > 
  at <Registries ref="VTU_COMPONENT" > 
  at <VTUROOT>
[Vue warn]: Failed to resolve component: router-link
If this is a native custom element, make sure to exclude it from component resolution via compilerOptions.isCustomElement. 
  at <IconButton key=0 icon="trash" class="text-wp-error-100"  ... > 
  at <SettingsTable key=3 min-width="660px" > 
  at <Registries ref="VTU_COMPONENT" > 
  at <VTUROOT>
[Vue warn]: Failed to resolve component: router-link
If this is a native custom element, make sure to exclude it from component resolution via compilerOptions.isCustomElement. 
  at <IconButton icon="edit" title="Edit registry" onClick=fn<onClick> > 
  at <SettingsTable key=3 min-width="660px" > 
  at <Registries ref="VTU_COMPONENT" > 
  at <VTUROOT>
[Vue warn]: Failed to resolve component: router-link
If this is a native custom element, make sure to exclude it from component resolution via compilerOptions.isCustomElement. 
  at <IconButton key=0 icon="trash" class="text-wp-error-100"  ... > 
  at <SettingsTable key=3 min-width="660px" > 
  at <Registries ref="VTU_COMPONENT" > 
  at <VTUROOT>

stderr | src/views/repo/settings/Secrets.test.ts > repository secrets settings > shows repository entries as editable and inherited entries as read only
[Vue warn]: Failed to resolve component: router-link
If this is a native custom element, make sure to exclude it from component resolution via compilerOptions.isCustomElement. 
  at <IconButton icon="edit" title="Edit secret" onClick=fn<onClick> > 
  at <SettingsTable key=3 min-width="720px" > 
  at <Secrets ref="VTU_COMPONENT" > 
  at <VTUROOT>
[Vue warn]: Failed to resolve component: router-link
If this is a native custom element, make sure to exclude it from component resolution via compilerOptions.isCustomElement. 
  at <IconButton icon="trash" class="text-wp-error-100" is-loading=false  ... > 
  at <SettingsTable key=3 min-width="720px" > 
  at <Secrets ref="VTU_COMPONENT" > 
  at <VTUROOT>

stderr | src/views/repo/settings/Secrets.test.ts > repository secrets settings > preserves confirmed rows when a page-two reset starts a rejected page-one load asynchronously
[Vue warn]: Failed to resolve component: router-link
If this is a native custom element, make sure to exclude it from component resolution via compilerOptions.isCustomElement. 
  at <IconButton icon="edit" title="Edit secret" onClick=fn<onClick> > 
  at <SettingsTable key=3 min-width="720px" > 
  at <Secrets ref="VTU_COMPONENT" > 
  at <VTUROOT>
[Vue warn]: Failed to resolve component: router-link
If this is a native custom element, make sure to exclude it from component resolution via compilerOptions.isCustomElement. 
  at <IconButton icon="trash" class="text-wp-error-100" is-loading=false  ... > 
  at <SettingsTable key=3 min-width="720px" > 
  at <Secrets ref="VTU_COMPONENT" > 
  at <VTUROOT>
[Vue warn]: Failed to resolve component: router-link
If this is a native custom element, make sure to exclude it from component resolution via compilerOptions.isCustomElement. 
  at <IconButton icon="edit" title="Edit secret" onClick=fn<onClick> > 
  at <SettingsTable key=3 min-width="720px" > 
  at <Secrets ref="VTU_COMPONENT" > 
  at <VTUROOT>
[Vue warn]: Failed to resolve component: router-link
If this is a native custom element, make sure to exclude it from component resolution via compilerOptions.isCustomElement. 
  at <IconButton icon="trash" class="text-wp-error-100" is-loading=false  ... > 
  at <SettingsTable key=3 min-width="720px" > 
  at <Secrets ref="VTU_COMPONENT" > 
  at <VTUROOT>

stderr | src/views/repo/settings/Secrets.test.ts > repository secrets settings > discards an obsolete fulfilled refresh after the repository changes
[Vue warn]: Failed to resolve component: router-link
If this is a native custom element, make sure to exclude it from component resolution via compilerOptions.isCustomElement. 
  at <IconButton icon="edit" title="Edit secret" onClick=fn<onClick> > 
  at <SettingsTable key=3 min-width="720px" > 
  at <Secrets ref="VTU_COMPONENT" > 
  at <VTUROOT>
[Vue warn]: Failed to resolve component: router-link
If this is a native custom element, make sure to exclude it from component resolution via compilerOptions.isCustomElement. 
  at <IconButton icon="trash" class="text-wp-error-100" is-loading=false  ... > 
  at <SettingsTable key=3 min-width="720px" > 
  at <Secrets ref="VTU_COMPONENT" > 
  at <VTUROOT>
[Vue warn]: Failed to resolve component: router-link
If this is a native custom element, make sure to exclude it from component resolution via compilerOptions.isCustomElement. 
  at <IconButton icon="edit" title="Edit secret" onClick=fn<onClick> > 
  at <SettingsTable key=3 min-width="720px" > 
  at <Secrets ref="VTU_COMPONENT" > 
  at <VTUROOT>
[Vue warn]: Failed to resolve component: router-link
If this is a native custom element, make sure to exclude it from component resolution via compilerOptions.isCustomElement. 
  at <IconButton icon="trash" class="text-wp-error-100" is-loading=false  ... > 
  at <SettingsTable key=3 min-width="720px" > 
  at <Secrets ref="VTU_COMPONENT" > 
  at <VTUROOT>

stderr | src/views/repo/settings/Secrets.test.ts > repository secrets settings > discards an obsolete fulfilled refresh after the repository changes
[Vue warn]: Failed to resolve component: router-link
If this is a native custom element, make sure to exclude it from component resolution via compilerOptions.isCustomElement. 
  at <IconButton icon="edit" title="Edit secret" onClick=fn<onClick> > 
  at <SettingsTable key=3 min-width="720px" > 
  at <Secrets ref="VTU_COMPONENT" > 
  at <VTUROOT>
[Vue warn]: Failed to resolve component: router-link
If this is a native custom element, make sure to exclude it from component resolution via compilerOptions.isCustomElement. 
  at <IconButton icon="trash" class="text-wp-error-100" is-loading=false  ... > 
  at <SettingsTable key=3 min-width="720px" > 
  at <Secrets ref="VTU_COMPONENT" > 
  at <VTUROOT>
[Vue warn]: Failed to resolve component: router-link
If this is a native custom element, make sure to exclude it from component resolution via compilerOptions.isCustomElement. 
  at <IconButton icon="edit" title="Edit secret" onClick=fn<onClick> > 
  at <SettingsTable key=3 min-width="720px" > 
  at <Secrets ref="VTU_COMPONENT" > 
  at <VTUROOT>
[Vue warn]: Failed to resolve component: router-link
If this is a native custom element, make sure to exclude it from component resolution via compilerOptions.isCustomElement. 
  at <IconButton icon="trash" class="text-wp-error-100" is-loading=false  ... > 
  at <SettingsTable key=3 min-width="720px" > 
  at <Secrets ref="VTU_COMPONENT" > 
  at <VTUROOT>
[Vue warn]: Failed to resolve component: router-link
If this is a native custom element, make sure to exclude it from component resolution via compilerOptions.isCustomElement. 
  at <IconButton icon="edit" title="Edit secret" onClick=fn<onClick> > 
  at <SettingsTable key=3 min-width="720px" > 
  at <Secrets ref="VTU_COMPONENT" > 
  at <VTUROOT>
[Vue warn]: Failed to resolve component: router-link
If this is a native custom element, make sure to exclude it from component resolution via compilerOptions.isCustomElement. 
  at <IconButton icon="trash" class="text-wp-error-100" is-loading=false  ... > 
  at <SettingsTable key=3 min-width="720px" > 
  at <Secrets ref="VTU_COMPONENT" > 
  at <VTUROOT>
[Vue warn]: Failed to resolve component: router-link
If this is a native custom element, make sure to exclude it from component resolution via compilerOptions.isCustomElement. 
  at <IconButton icon="edit" title="Edit secret" onClick=fn<onClick> > 
  at <SettingsTable key=3 min-width="720px" > 
  at <Secrets ref="VTU_COMPONENT" > 
  at <VTUROOT>
[Vue warn]: Failed to resolve component: router-link
If this is a native custom element, make sure to exclude it from component resolution via compilerOptions.isCustomElement. 
  at <IconButton icon="trash" class="text-wp-error-100" is-loading=false  ... > 
  at <SettingsTable key=3 min-width="720px" > 
  at <Secrets ref="VTU_COMPONENT" > 
  at <VTUROOT>

stderr | src/views/repo/settings/Secrets.test.ts > repository secrets settings > ignores an obsolete rejected refresh after the repository changes
[Vue warn]: Failed to resolve component: router-link
If this is a native custom element, make sure to exclude it from component resolution via compilerOptions.isCustomElement. 
  at <IconButton icon="edit" title="Edit secret" onClick=fn<onClick> > 
  at <SettingsTable key=3 min-width="720px" > 
  at <Secrets ref="VTU_COMPONENT" > 
  at <VTUROOT>
[Vue warn]: Failed to resolve component: router-link
If this is a native custom element, make sure to exclude it from component resolution via compilerOptions.isCustomElement. 
  at <IconButton icon="trash" class="text-wp-error-100" is-loading=false  ... > 
  at <SettingsTable key=3 min-width="720px" > 
  at <Secrets ref="VTU_COMPONENT" > 
  at <VTUROOT>
[Vue warn]: Failed to resolve component: router-link
If this is a native custom element, make sure to exclude it from component resolution via compilerOptions.isCustomElement. 
  at <IconButton icon="edit" title="Edit secret" onClick=fn<onClick> > 
  at <SettingsTable key=3 min-width="720px" > 
  at <Secrets ref="VTU_COMPONENT" > 
  at <VTUROOT>
[Vue warn]: Failed to resolve component: router-link
If this is a native custom element, make sure to exclude it from component resolution via compilerOptions.isCustomElement. 
  at <IconButton icon="trash" class="text-wp-error-100" is-loading=false  ... > 
  at <SettingsTable key=3 min-width="720px" > 
  at <Secrets ref="VTU_COMPONENT" > 
  at <VTUROOT>

stderr | src/views/repo/settings/Secrets.test.ts > repository secrets settings > ignores an obsolete rejected refresh after the repository changes
[Vue warn]: Failed to resolve component: router-link
If this is a native custom element, make sure to exclude it from component resolution via compilerOptions.isCustomElement. 
  at <IconButton icon="edit" title="Edit secret" onClick=fn<onClick> > 
  at <SettingsTable key=3 min-width="720px" > 
  at <Secrets ref="VTU_COMPONENT" > 
  at <VTUROOT>
[Vue warn]: Failed to resolve component: router-link
If this is a native custom element, make sure to exclude it from component resolution via compilerOptions.isCustomElement. 
  at <IconButton icon="trash" class="text-wp-error-100" is-loading=false  ... > 
  at <SettingsTable key=3 min-width="720px" > 
  at <Secrets ref="VTU_COMPONENT" > 
  at <VTUROOT>
[Vue warn]: Failed to resolve component: router-link
If this is a native custom element, make sure to exclude it from component resolution via compilerOptions.isCustomElement. 
  at <IconButton icon="edit" title="Edit secret" onClick=fn<onClick> > 
  at <SettingsTable key=3 min-width="720px" > 
  at <Secrets ref="VTU_COMPONENT" > 
  at <VTUROOT>
[Vue warn]: Failed to resolve component: router-link
If this is a native custom element, make sure to exclude it from component resolution via compilerOptions.isCustomElement. 
  at <IconButton icon="trash" class="text-wp-error-100" is-loading=false  ... > 
  at <SettingsTable key=3 min-width="720px" > 
  at <Secrets ref="VTU_COMPONENT" > 
  at <VTUROOT>
[Vue warn]: Failed to resolve component: router-link
If this is a native custom element, make sure to exclude it from component resolution via compilerOptions.isCustomElement. 
  at <IconButton icon="edit" title="Edit secret" onClick=fn<onClick> > 
  at <SettingsTable key=3 min-width="720px" > 
  at <Secrets ref="VTU_COMPONENT" > 
  at <VTUROOT>
[Vue warn]: Failed to resolve component: router-link
If this is a native custom element, make sure to exclude it from component resolution via compilerOptions.isCustomElement. 
  at <IconButton icon="trash" class="text-wp-error-100" is-loading=false  ... > 
  at <SettingsTable key=3 min-width="720px" > 
  at <Secrets ref="VTU_COMPONENT" > 
  at <VTUROOT>
[Vue warn]: Failed to resolve component: router-link
If this is a native custom element, make sure to exclude it from component resolution via compilerOptions.isCustomElement. 
  at <IconButton icon="edit" title="Edit secret" onClick=fn<onClick> > 
  at <SettingsTable key=3 min-width="720px" > 
  at <Secrets ref="VTU_COMPONENT" > 
  at <VTUROOT>
[Vue warn]: Failed to resolve component: router-link
If this is a native custom element, make sure to exclude it from component resolution via compilerOptions.isCustomElement. 
  at <IconButton icon="trash" class="text-wp-error-100" is-loading=false  ... > 
  at <SettingsTable key=3 min-width="720px" > 
  at <Secrets ref="VTU_COMPONENT" > 
  at <VTUROOT>
[Vue warn]: Failed to resolve component: router-link
If this is a native custom element, make sure to exclude it from component resolution via compilerOptions.isCustomElement. 
  at <IconButton icon="edit" title="Edit secret" onClick=fn<onClick> > 
  at <SettingsTable key=3 min-width="720px" > 
  at <Secrets ref="VTU_COMPONENT" > 
  at <VTUROOT>
[Vue warn]: Failed to resolve component: router-link
If this is a native custom element, make sure to exclude it from component resolution via compilerOptions.isCustomElement. 
  at <IconButton icon="trash" class="text-wp-error-100" is-loading=false  ... > 
  at <SettingsTable key=3 min-width="720px" > 
  at <Secrets ref="VTU_COMPONENT" > 
  at <VTUROOT>

stderr | src/views/repo/settings/Secrets.test.ts > repository secrets settings > ignores an obsolete rejection after returning to the same repository
[Vue warn]: Failed to resolve component: router-link
If this is a native custom element, make sure to exclude it from component resolution via compilerOptions.isCustomElement. 
  at <IconButton icon="edit" title="Edit secret" onClick=fn<onClick> > 
  at <SettingsTable key=3 min-width="720px" > 
  at <Secrets ref="VTU_COMPONENT" > 
  at <VTUROOT>
[Vue warn]: Failed to resolve component: router-link
If this is a native custom element, make sure to exclude it from component resolution via compilerOptions.isCustomElement. 
  at <IconButton icon="trash" class="text-wp-error-100" is-loading=false  ... > 
  at <SettingsTable key=3 min-width="720px" > 
  at <Secrets ref="VTU_COMPONENT" > 
  at <VTUROOT>
[Vue warn]: Failed to resolve component: router-link
If this is a native custom element, make sure to exclude it from component resolution via compilerOptions.isCustomElement. 
  at <IconButton icon="edit" title="Edit secret" onClick=fn<onClick> > 
  at <SettingsTable key=3 min-width="720px" > 
  at <Secrets ref="VTU_COMPONENT" > 
  at <VTUROOT>
[Vue warn]: Failed to resolve component: router-link
If this is a native custom element, make sure to exclude it from component resolution via compilerOptions.isCustomElement. 
  at <IconButton icon="trash" class="text-wp-error-100" is-loading=false  ... > 
  at <SettingsTable key=3 min-width="720px" > 
  at <Secrets ref="VTU_COMPONENT" > 
  at <VTUROOT>

stderr | src/views/repo/settings/Secrets.test.ts > repository secrets settings > ignores an obsolete rejection after returning to the same repository
[Vue warn]: Failed to resolve component: router-link
If this is a native custom element, make sure to exclude it from component resolution via compilerOptions.isCustomElement. 
  at <IconButton icon="edit" title="Edit secret" onClick=fn<onClick> > 
  at <SettingsTable key=3 min-width="720px" > 
  at <Secrets ref="VTU_COMPONENT" > 
  at <VTUROOT>
[Vue warn]: Failed to resolve component: router-link
If this is a native custom element, make sure to exclude it from component resolution via compilerOptions.isCustomElement. 
  at <IconButton icon="trash" class="text-wp-error-100" is-loading=false  ... > 
  at <SettingsTable key=3 min-width="720px" > 
  at <Secrets ref="VTU_COMPONENT" > 
  at <VTUROOT>
[Vue warn]: Failed to resolve component: router-link
If this is a native custom element, make sure to exclude it from component resolution via compilerOptions.isCustomElement. 
  at <IconButton icon="edit" title="Edit secret" onClick=fn<onClick> > 
  at <SettingsTable key=3 min-width="720px" > 
  at <Secrets ref="VTU_COMPONENT" > 
  at <VTUROOT>
[Vue warn]: Failed to resolve component: router-link
If this is a native custom element, make sure to exclude it from component resolution via compilerOptions.isCustomElement. 
  at <IconButton icon="trash" class="text-wp-error-100" is-loading=false  ... > 
  at <SettingsTable key=3 min-width="720px" > 
  at <Secrets ref="VTU_COMPONENT" > 
  at <VTUROOT>
[Vue warn]: Failed to resolve component: router-link
If this is a native custom element, make sure to exclude it from component resolution via compilerOptions.isCustomElement. 
  at <IconButton icon="edit" title="Edit secret" onClick=fn<onClick> > 
  at <SettingsTable key=3 min-width="720px" > 
  at <Secrets ref="VTU_COMPONENT" > 
  at <VTUROOT>
[Vue warn]: Failed to resolve component: router-link
If this is a native custom element, make sure to exclude it from component resolution via compilerOptions.isCustomElement. 
  at <IconButton icon="trash" class="text-wp-error-100" is-loading=false  ... > 
  at <SettingsTable key=3 min-width="720px" > 
  at <Secrets ref="VTU_COMPONENT" > 
  at <VTUROOT>
[Vue warn]: Failed to resolve component: router-link
If this is a native custom element, make sure to exclude it from component resolution via compilerOptions.isCustomElement. 
  at <IconButton icon="edit" title="Edit secret" onClick=fn<onClick> > 
  at <SettingsTable key=3 min-width="720px" > 
  at <Secrets ref="VTU_COMPONENT" > 
  at <VTUROOT>
[Vue warn]: Failed to resolve component: router-link
If this is a native custom element, make sure to exclude it from component resolution via compilerOptions.isCustomElement. 
  at <IconButton icon="trash" class="text-wp-error-100" is-loading=false  ... > 
  at <SettingsTable key=3 min-width="720px" > 
  at <Secrets ref="VTU_COMPONENT" > 
  at <VTUROOT>
[Vue warn]: Failed to resolve component: router-link
If this is a native custom element, make sure to exclude it from component resolution via compilerOptions.isCustomElement. 
  at <IconButton icon="edit" title="Edit secret" onClick=fn<onClick> > 
  at <SettingsTable key=3 min-width="720px" > 
  at <Secrets ref="VTU_COMPONENT" > 
  at <VTUROOT>
[Vue warn]: Failed to resolve component: router-link
If this is a native custom element, make sure to exclude it from component resolution via compilerOptions.isCustomElement. 
  at <IconButton icon="trash" class="text-wp-error-100" is-loading=false  ... > 
  at <SettingsTable key=3 min-width="720px" > 
  at <Secrets ref="VTU_COMPONENT" > 
  at <VTUROOT>
[Vue warn]: Failed to resolve component: router-link
If this is a native custom element, make sure to exclude it from component resolution via compilerOptions.isCustomElement. 
  at <IconButton icon="edit" title="Edit secret" onClick=fn<onClick> > 
  at <SettingsTable key=3 min-width="720px" > 
  at <Secrets ref="VTU_COMPONENT" > 
  at <VTUROOT>
[Vue warn]: Failed to resolve component: router-link
If this is a native custom element, make sure to exclude it from component resolution via compilerOptions.isCustomElement. 
  at <IconButton icon="trash" class="text-wp-error-100" is-loading=false  ... > 
  at <SettingsTable key=3 min-width="720px" > 
  at <Secrets ref="VTU_COMPONENT" > 
  at <VTUROOT>

stderr | src/views/repo/settings/Secrets.test.ts > repository secrets settings > ignores an obsolete rejection after returning to the same repository
[Vue warn]: Failed to resolve component: router-link
If this is a native custom element, make sure to exclude it from component resolution via compilerOptions.isCustomElement. 
  at <IconButton icon="edit" title="Edit secret" onClick=fn<onClick> > 
  at <SettingsTable key=3 min-width="720px" > 
  at <Secrets ref="VTU_COMPONENT" > 
  at <VTUROOT>
[Vue warn]: Failed to resolve component: router-link
If this is a native custom element, make sure to exclude it from component resolution via compilerOptions.isCustomElement. 
  at <IconButton icon="trash" class="text-wp-error-100" is-loading=false  ... > 
  at <SettingsTable key=3 min-width="720px" > 
  at <Secrets ref="VTU_COMPONENT" > 
  at <VTUROOT>
[Vue warn]: Failed to resolve component: router-link
If this is a native custom element, make sure to exclude it from component resolution via compilerOptions.isCustomElement. 
  at <IconButton icon="edit" title="Edit secret" onClick=fn<onClick> > 
  at <SettingsTable key=3 min-width="720px" > 
  at <Secrets ref="VTU_COMPONENT" > 
  at <VTUROOT>
[Vue warn]: Failed to resolve component: router-link
If this is a native custom element, make sure to exclude it from component resolution via compilerOptions.isCustomElement. 
  at <IconButton icon="trash" class="text-wp-error-100" is-loading=false  ... > 
  at <SettingsTable key=3 min-width="720px" > 
  at <Secrets ref="VTU_COMPONENT" > 
  at <VTUROOT>
[Vue warn]: Failed to resolve component: router-link
If this is a native custom element, make sure to exclude it from component resolution via compilerOptions.isCustomElement. 
  at <IconButton icon="edit" title="Edit secret" onClick=fn<onClick> > 
  at <SettingsTable key=3 min-width="720px" > 
  at <Secrets ref="VTU_COMPONENT" > 
  at <VTUROOT>
[Vue warn]: Failed to resolve component: router-link
If this is a native custom element, make sure to exclude it from component resolution via compilerOptions.isCustomElement. 
  at <IconButton icon="trash" class="text-wp-error-100" is-loading=false  ... > 
  at <SettingsTable key=3 min-width="720px" > 
  at <Secrets ref="VTU_COMPONENT" > 
  at <VTUROOT>
[Vue warn]: Failed to resolve component: router-link
If this is a native custom element, make sure to exclude it from component resolution via compilerOptions.isCustomElement. 
  at <IconButton icon="edit" title="Edit secret" onClick=fn<onClick> > 
  at <SettingsTable key=3 min-width="720px" > 
  at <Secrets ref="VTU_COMPONENT" > 
  at <VTUROOT>
[Vue warn]: Failed to resolve component: router-link
If this is a native custom element, make sure to exclude it from component resolution via compilerOptions.isCustomElement. 
  at <IconButton icon="trash" class="text-wp-error-100" is-loading=false  ... > 
  at <SettingsTable key=3 min-width="720px" > 
  at <Secrets ref="VTU_COMPONENT" > 
  at <VTUROOT>
[Vue warn]: Failed to resolve component: router-link
If this is a native custom element, make sure to exclude it from component resolution via compilerOptions.isCustomElement. 
  at <IconButton icon="edit" title="Edit secret" onClick=fn<onClick> > 
  at <SettingsTable key=3 min-width="720px" > 
  at <Secrets ref="VTU_COMPONENT" > 
  at <VTUROOT>
[Vue warn]: Failed to resolve component: router-link
If this is a native custom element, make sure to exclude it from component resolution via compilerOptions.isCustomElement. 
  at <IconButton icon="trash" class="text-wp-error-100" is-loading=false  ... > 
  at <SettingsTable key=3 min-width="720px" > 
  at <Secrets ref="VTU_COMPONENT" > 
  at <VTUROOT>
[Vue warn]: Failed to resolve component: router-link
If this is a native custom element, make sure to exclude it from component resolution via compilerOptions.isCustomElement. 
  at <IconButton icon="edit" title="Edit secret" onClick=fn<onClick> > 
  at <SettingsTable key=3 min-width="720px" > 
  at <Secrets ref="VTU_COMPONENT" > 
  at <VTUROOT>
[Vue warn]: Failed to resolve component: router-link
If this is a native custom element, make sure to exclude it from component resolution via compilerOptions.isCustomElement. 
  at <IconButton icon="trash" class="text-wp-error-100" is-loading=false  ... > 
  at <SettingsTable key=3 min-width="720px" > 
  at <Secrets ref="VTU_COMPONENT" > 
  at <VTUROOT>

stderr | src/views/repo/settings/Secrets.test.ts > repository secrets settings > ignores an obsolete rejection after returning to the same repository
[Vue warn]: Failed to resolve component: router-link
If this is a native custom element, make sure to exclude it from component resolution via compilerOptions.isCustomElement. 
  at <IconButton icon="edit" title="Edit secret" onClick=fn<onClick> > 
  at <SettingsTable key=3 min-width="720px" > 
  at <Secrets ref="VTU_COMPONENT" > 
  at <VTUROOT>
[Vue warn]: Failed to resolve component: router-link
If this is a native custom element, make sure to exclude it from component resolution via compilerOptions.isCustomElement. 
  at <IconButton icon="trash" class="text-wp-error-100" is-loading=false  ... > 
  at <SettingsTable key=3 min-width="720px" > 
  at <Secrets ref="VTU_COMPONENT" > 
  at <VTUROOT>
[Vue warn]: Failed to resolve component: router-link
If this is a native custom element, make sure to exclude it from component resolution via compilerOptions.isCustomElement. 
  at <IconButton icon="edit" title="Edit secret" onClick=fn<onClick> > 
  at <SettingsTable key=3 min-width="720px" > 
  at <Secrets ref="VTU_COMPONENT" > 
  at <VTUROOT>
[Vue warn]: Failed to resolve component: router-link
If this is a native custom element, make sure to exclude it from component resolution via compilerOptions.isCustomElement. 
  at <IconButton icon="trash" class="text-wp-error-100" is-loading=false  ... > 
  at <SettingsTable key=3 min-width="720px" > 
  at <Secrets ref="VTU_COMPONENT" > 
  at <VTUROOT>
[Vue warn]: Failed to resolve component: router-link
If this is a native custom element, make sure to exclude it from component resolution via compilerOptions.isCustomElement. 
  at <IconButton icon="edit" title="Edit secret" onClick=fn<onClick> > 
  at <SettingsTable key=3 min-width="720px" > 
  at <Secrets ref="VTU_COMPONENT" > 
  at <VTUROOT>
[Vue warn]: Failed to resolve component: router-link
If this is a native custom element, make sure to exclude it from component resolution via compilerOptions.isCustomElement. 
  at <IconButton icon="trash" class="text-wp-error-100" is-loading=false  ... > 
  at <SettingsTable key=3 min-width="720px" > 
  at <Secrets ref="VTU_COMPONENT" > 
  at <VTUROOT>
[Vue warn]: Failed to resolve component: router-link
If this is a native custom element, make sure to exclude it from component resolution via compilerOptions.isCustomElement. 
  at <IconButton icon="edit" title="Edit secret" onClick=fn<onClick> > 
  at <SettingsTable key=3 min-width="720px" > 
  at <Secrets ref="VTU_COMPONENT" > 
  at <VTUROOT>
[Vue warn]: Failed to resolve component: router-link
If this is a native custom element, make sure to exclude it from component resolution via compilerOptions.isCustomElement. 
  at <IconButton icon="trash" class="text-wp-error-100" is-loading=false  ... > 
  at <SettingsTable key=3 min-width="720px" > 
  at <Secrets ref="VTU_COMPONENT" > 
  at <VTUROOT>
[Vue warn]: Failed to resolve component: router-link
If this is a native custom element, make sure to exclude it from component resolution via compilerOptions.isCustomElement. 
  at <IconButton icon="edit" title="Edit secret" onClick=fn<onClick> > 
  at <SettingsTable key=3 min-width="720px" > 
  at <Secrets ref="VTU_COMPONENT" > 
  at <VTUROOT>
[Vue warn]: Failed to resolve component: router-link
If this is a native custom element, make sure to exclude it from component resolution via compilerOptions.isCustomElement. 
  at <IconButton icon="trash" class="text-wp-error-100" is-loading=false  ... > 
  at <SettingsTable key=3 min-width="720px" > 
  at <Secrets ref="VTU_COMPONENT" > 
  at <VTUROOT>
[Vue warn]: Failed to resolve component: router-link
If this is a native custom element, make sure to exclude it from component resolution via compilerOptions.isCustomElement. 
  at <IconButton icon="edit" title="Edit secret" onClick=fn<onClick> > 
  at <SettingsTable key=3 min-width="720px" > 
  at <Secrets ref="VTU_COMPONENT" > 
  at <VTUROOT>
[Vue warn]: Failed to resolve component: router-link
If this is a native custom element, make sure to exclude it from component resolution via compilerOptions.isCustomElement. 
  at <IconButton icon="trash" class="text-wp-error-100" is-loading=false  ... > 
  at <SettingsTable key=3 min-width="720px" > 
  at <Secrets ref="VTU_COMPONENT" > 
  at <VTUROOT>

stderr | src/views/repo/settings/Registries.test.ts > repository registries settings > does not announce or reload when an obsolete deletion completes after returning to the same repository
[Vue warn]: Failed to resolve component: router-link
If this is a native custom element, make sure to exclude it from component resolution via compilerOptions.isCustomElement. 
  at <IconButton icon="edit" title="Edit registry" onClick=fn<onClick> > 
  at <SettingsTable key=3 min-width="660px" > 
  at <Registries ref="VTU_COMPONENT" > 
  at <VTUROOT>
[Vue warn]: Failed to resolve component: router-link
If this is a native custom element, make sure to exclude it from component resolution via compilerOptions.isCustomElement. 
  at <IconButton key=0 icon="trash" class="text-wp-error-100"  ... > 
  at <SettingsTable key=3 min-width="660px" > 
  at <Registries ref="VTU_COMPONENT" > 
  at <VTUROOT>
[Vue warn]: Failed to resolve component: router-link
If this is a native custom element, make sure to exclude it from component resolution via compilerOptions.isCustomElement. 
  at <IconButton icon="edit" title="Edit registry" onClick=fn<onClick> > 
  at <SettingsTable key=3 min-width="660px" > 
  at <Registries ref="VTU_COMPONENT" > 
  at <VTUROOT>
[Vue warn]: Failed to resolve component: router-link
If this is a native custom element, make sure to exclude it from component resolution via compilerOptions.isCustomElement. 
  at <IconButton key=0 icon="trash" class="text-wp-error-100"  ... > 
  at <SettingsTable key=3 min-width="660px" > 
  at <Registries ref="VTU_COMPONENT" > 
  at <VTUROOT>
[Vue warn]: Failed to resolve component: router-link
If this is a native custom element, make sure to exclude it from component resolution via compilerOptions.isCustomElement. 
  at <IconButton icon="edit" title="Edit registry" onClick=fn<onClick> > 
  at <SettingsTable key=3 min-width="660px" > 
  at <Registries ref="VTU_COMPONENT" > 
  at <VTUROOT>
[Vue warn]: Failed to resolve component: router-link
If this is a native custom element, make sure to exclude it from component resolution via compilerOptions.isCustomElement. 
  at <IconButton key=0 icon="trash" class="text-wp-error-100"  ... > 
  at <SettingsTable key=3 min-width="660px" > 
  at <Registries ref="VTU_COMPONENT" > 
  at <VTUROOT>
[Vue warn]: Failed to resolve component: router-link
If this is a native custom element, make sure to exclude it from component resolution via compilerOptions.isCustomElement. 
  at <IconButton icon="edit" title="Edit registry" onClick=fn<onClick> > 
  at <SettingsTable key=3 min-width="660px" > 
  at <Registries ref="VTU_COMPONENT" > 
  at <VTUROOT>
[Vue warn]: Failed to resolve component: router-link
If this is a native custom element, make sure to exclude it from component resolution via compilerOptions.isCustomElement. 
  at <IconButton key=0 icon="trash" class="text-wp-error-100"  ... > 
  at <SettingsTable key=3 min-width="660px" > 
  at <Registries ref="VTU_COMPONENT" > 
  at <VTUROOT>
[Vue warn]: Failed to resolve component: router-link
If this is a native custom element, make sure to exclude it from component resolution via compilerOptions.isCustomElement. 
  at <IconButton icon="edit" title="Edit registry" onClick=fn<onClick> > 
  at <SettingsTable key=3 min-width="660px" > 
  at <Registries ref="VTU_COMPONENT" > 
  at <VTUROOT>
[Vue warn]: Failed to resolve component: router-link
If this is a native custom element, make sure to exclude it from component resolution via compilerOptions.isCustomElement. 
  at <IconButton key=0 icon="trash" class="text-wp-error-100"  ... > 
  at <SettingsTable key=3 min-width="660px" > 
  at <Registries ref="VTU_COMPONENT" > 
  at <VTUROOT>
[Vue warn]: Failed to resolve component: router-link
If this is a native custom element, make sure to exclude it from component resolution via compilerOptions.isCustomElement. 
  at <IconButton icon="edit" title="Edit registry" onClick=fn<onClick> > 
  at <SettingsTable key=3 min-width="660px" > 
  at <Registries ref="VTU_COMPONENT" > 
  at <VTUROOT>
[Vue warn]: Failed to resolve component: router-link
If this is a native custom element, make sure to exclude it from component resolution via compilerOptions.isCustomElement. 
  at <IconButton key=0 icon="trash" class="text-wp-error-100"  ... > 
  at <SettingsTable key=3 min-width="660px" > 
  at <Registries ref="VTU_COMPONENT" > 
  at <VTUROOT>

stderr | src/views/repo/settings/Secrets.test.ts > repository secrets settings > does not close or reload the current editor when an obsolete save succeeds after returning to the same repository
[Vue warn]: Failed to resolve component: router-link
If this is a native custom element, make sure to exclude it from component resolution via compilerOptions.isCustomElement. 
  at <IconButton icon="edit" title="Edit secret" onClick=fn<onClick> > 
  at <SettingsTable key=3 min-width="720px" > 
  at <Secrets ref="VTU_COMPONENT" > 
  at <VTUROOT>
[Vue warn]: Failed to resolve component: router-link
If this is a native custom element, make sure to exclude it from component resolution via compilerOptions.isCustomElement. 
  at <IconButton icon="trash" class="text-wp-error-100" is-loading=false  ... > 
  at <SettingsTable key=3 min-width="720px" > 
  at <Secrets ref="VTU_COMPONENT" > 
  at <VTUROOT>
[Vue warn]: Failed to resolve component: router-link
If this is a native custom element, make sure to exclude it from component resolution via compilerOptions.isCustomElement. 
  at <IconButton icon="edit" title="Edit secret" onClick=fn<onClick> > 
  at <SettingsTable key=3 min-width="720px" > 
  at <Secrets ref="VTU_COMPONENT" > 
  at <VTUROOT>
[Vue warn]: Failed to resolve component: router-link
If this is a native custom element, make sure to exclude it from component resolution via compilerOptions.isCustomElement. 
  at <IconButton icon="trash" class="text-wp-error-100" is-loading=false  ... > 
  at <SettingsTable key=3 min-width="720px" > 
  at <Secrets ref="VTU_COMPONENT" > 
  at <VTUROOT>
[Vue warn]: Failed to resolve component: router-link
If this is a native custom element, make sure to exclude it from component resolution via compilerOptions.isCustomElement. 
  at <IconButton icon="edit" title="Edit secret" onClick=fn<onClick> > 
  at <SettingsTable key=3 min-width="720px" > 
  at <Secrets ref="VTU_COMPONENT" > 
  at <VTUROOT>
[Vue warn]: Failed to resolve component: router-link
If this is a native custom element, make sure to exclude it from component resolution via compilerOptions.isCustomElement. 
  at <IconButton icon="trash" class="text-wp-error-100" is-loading=false  ... > 
  at <SettingsTable key=3 min-width="720px" > 
  at <Secrets ref="VTU_COMPONENT" > 
  at <VTUROOT>
[Vue warn]: Failed to resolve component: router-link
If this is a native custom element, make sure to exclude it from component resolution via compilerOptions.isCustomElement. 
  at <IconButton icon="edit" title="Edit secret" onClick=fn<onClick> > 
  at <SettingsTable key=3 min-width="720px" > 
  at <Secrets ref="VTU_COMPONENT" > 
  at <VTUROOT>
[Vue warn]: Failed to resolve component: router-link
If this is a native custom element, make sure to exclude it from component resolution via compilerOptions.isCustomElement. 
  at <IconButton icon="trash" class="text-wp-error-100" is-loading=false  ... > 
  at <SettingsTable key=3 min-width="720px" > 
  at <Secrets ref="VTU_COMPONENT" > 
  at <VTUROOT>
[Vue warn]: Failed to resolve component: router-link
If this is a native custom element, make sure to exclude it from component resolution via compilerOptions.isCustomElement. 
  at <IconButton icon="edit" title="Edit secret" onClick=fn<onClick> > 
  at <SettingsTable key=3 min-width="720px" > 
  at <Secrets ref="VTU_COMPONENT" > 
  at <VTUROOT>
[Vue warn]: Failed to resolve component: router-link
If this is a native custom element, make sure to exclude it from component resolution via compilerOptions.isCustomElement. 
  at <IconButton icon="trash" class="text-wp-error-100" is-loading=false  ... > 
  at <SettingsTable key=3 min-width="720px" > 
  at <Secrets ref="VTU_COMPONENT" > 
  at <VTUROOT>
[Vue warn]: Failed to resolve component: router-link
If this is a native custom element, make sure to exclude it from component resolution via compilerOptions.isCustomElement. 
  at <IconButton icon="edit" title="Edit secret" onClick=fn<onClick> > 
  at <SettingsTable key=3 min-width="720px" > 
  at <Secrets ref="VTU_COMPONENT" > 
  at <VTUROOT>
[Vue warn]: Failed to resolve component: router-link
If this is a native custom element, make sure to exclude it from component resolution via compilerOptions.isCustomElement. 
  at <IconButton icon="trash" class="text-wp-error-100" is-loading=false  ... > 
  at <SettingsTable key=3 min-width="720px" > 
  at <Secrets ref="VTU_COMPONENT" > 
  at <VTUROOT>
[Vue warn]: Failed to resolve component: router-link
If this is a native custom element, make sure to exclude it from component resolution via compilerOptions.isCustomElement. 
  at <IconButton icon="edit" title="Edit secret" onClick=fn<onClick> > 
  at <SettingsTable key=3 min-width="720px" > 
  at <Secrets ref="VTU_COMPONENT" > 
  at <VTUROOT>
[Vue warn]: Failed to resolve component: router-link
If this is a native custom element, make sure to exclude it from component resolution via compilerOptions.isCustomElement. 
  at <IconButton icon="trash" class="text-wp-error-100" is-loading=false  ... > 
  at <SettingsTable key=3 min-width="720px" > 
  at <Secrets ref="VTU_COMPONENT" > 
  at <VTUROOT>

stderr | src/views/repo/settings/Registries.test.ts > repository registries settings > clears editor state and reloads when the repository changes
[Vue warn]: Failed to resolve component: router-link
If this is a native custom element, make sure to exclude it from component resolution via compilerOptions.isCustomElement. 
  at <IconButton icon="edit" title="Edit registry" onClick=fn<onClick> > 
  at <SettingsTable key=3 min-width="660px" > 
  at <Registries ref="VTU_COMPONENT" > 
  at <VTUROOT>
[Vue warn]: Failed to resolve component: router-link
If this is a native custom element, make sure to exclude it from component resolution via compilerOptions.isCustomElement. 
  at <IconButton key=0 icon="trash" class="text-wp-error-100"  ... > 
  at <SettingsTable key=3 min-width="660px" > 
  at <Registries ref="VTU_COMPONENT" > 
  at <VTUROOT>
[Vue warn]: Failed to resolve component: router-link
If this is a native custom element, make sure to exclude it from component resolution via compilerOptions.isCustomElement. 
  at <IconButton icon="edit" title="Edit registry" onClick=fn<onClick> > 
  at <SettingsTable key=3 min-width="660px" > 
  at <Registries ref="VTU_COMPONENT" > 
  at <VTUROOT>
[Vue warn]: Failed to resolve component: router-link
If this is a native custom element, make sure to exclude it from component resolution via compilerOptions.isCustomElement. 
  at <IconButton key=0 icon="trash" class="text-wp-error-100"  ... > 
  at <SettingsTable key=3 min-width="660px" > 
  at <Registries ref="VTU_COMPONENT" > 
  at <VTUROOT>
[Vue warn]: Failed to resolve component: router-link
If this is a native custom element, make sure to exclude it from component resolution via compilerOptions.isCustomElement. 
  at <IconButton icon="edit" title="Edit registry" onClick=fn<onClick> > 
  at <SettingsTable key=3 min-width="660px" > 
  at <Registries ref="VTU_COMPONENT" > 
  at <VTUROOT>
[Vue warn]: Failed to resolve component: router-link
If this is a native custom element, make sure to exclude it from component resolution via compilerOptions.isCustomElement. 
  at <IconButton key=0 icon="trash" class="text-wp-error-100"  ... > 
  at <SettingsTable key=3 min-width="660px" > 
  at <Registries ref="VTU_COMPONENT" > 
  at <VTUROOT>
[Vue warn]: Failed to resolve component: router-link
If this is a native custom element, make sure to exclude it from component resolution via compilerOptions.isCustomElement. 
  at <IconButton icon="edit" title="Edit registry" onClick=fn<onClick> > 
  at <SettingsTable key=3 min-width="660px" > 
  at <Registries ref="VTU_COMPONENT" > 
  at <VTUROOT>
[Vue warn]: Failed to resolve component: router-link
If this is a native custom element, make sure to exclude it from component resolution via compilerOptions.isCustomElement. 
  at <IconButton key=0 icon="trash" class="text-wp-error-100"  ... > 
  at <SettingsTable key=3 min-width="660px" > 
  at <Registries ref="VTU_COMPONENT" > 
  at <VTUROOT>
[Vue warn]: Failed to resolve component: router-link
If this is a native custom element, make sure to exclude it from component resolution via compilerOptions.isCustomElement. 
  at <IconButton icon="edit" title="Edit registry" onClick=fn<onClick> > 
  at <SettingsTable key=3 min-width="660px" > 
  at <Registries ref="VTU_COMPONENT" > 
  at <VTUROOT>
[Vue warn]: Failed to resolve component: router-link
If this is a native custom element, make sure to exclude it from component resolution via compilerOptions.isCustomElement. 
  at <IconButton key=0 icon="trash" class="text-wp-error-100"  ... > 
  at <SettingsTable key=3 min-width="660px" > 
  at <Registries ref="VTU_COMPONENT" > 
  at <VTUROOT>
[Vue warn]: Failed to resolve component: router-link
If this is a native custom element, make sure to exclude it from component resolution via compilerOptions.isCustomElement. 
  at <IconButton icon="edit" title="Edit registry" onClick=fn<onClick> > 
  at <SettingsTable key=3 min-width="660px" > 
  at <Registries ref="VTU_COMPONENT" > 
  at <VTUROOT>
[Vue warn]: Failed to resolve component: router-link
If this is a native custom element, make sure to exclude it from component resolution via compilerOptions.isCustomElement. 
  at <IconButton key=0 icon="trash" class="text-wp-error-100"  ... > 
  at <SettingsTable key=3 min-width="660px" > 
  at <Registries ref="VTU_COMPONENT" > 
  at <VTUROOT>
[Vue warn]: Failed to resolve component: router-link
If this is a native custom element, make sure to exclude it from component resolution via compilerOptions.isCustomElement. 
  at <IconButton icon="edit" title="Edit registry" onClick=fn<onClick> > 
  at <SettingsTable key=3 min-width="660px" > 
  at <Registries ref="VTU_COMPONENT" > 
  at <VTUROOT>
[Vue warn]: Failed to resolve component: router-link
If this is a native custom element, make sure to exclude it from component resolution via compilerOptions.isCustomElement. 
  at <IconButton key=0 icon="trash" class="text-wp-error-100"  ... > 
  at <SettingsTable key=3 min-width="660px" > 
  at <Registries ref="VTU_COMPONENT" > 
  at <VTUROOT>

stderr | src/views/repo/settings/Secrets.test.ts > repository secrets settings > does not close or reload the current editor when an obsolete save rejects after returning to the same repository
[Vue warn]: Failed to resolve component: router-link
If this is a native custom element, make sure to exclude it from component resolution via compilerOptions.isCustomElement. 
  at <IconButton icon="edit" title="Edit secret" onClick=fn<onClick> > 
  at <SettingsTable key=3 min-width="720px" > 
  at <Secrets ref="VTU_COMPONENT" > 
  at <VTUROOT>
[Vue warn]: Failed to resolve component: router-link
If this is a native custom element, make sure to exclude it from component resolution via compilerOptions.isCustomElement. 
  at <IconButton icon="trash" class="text-wp-error-100" is-loading=false  ... > 
  at <SettingsTable key=3 min-width="720px" > 
  at <Secrets ref="VTU_COMPONENT" > 
  at <VTUROOT>
[Vue warn]: Failed to resolve component: router-link
If this is a native custom element, make sure to exclude it from component resolution via compilerOptions.isCustomElement. 
  at <IconButton icon="edit" title="Edit secret" onClick=fn<onClick> > 
  at <SettingsTable key=3 min-width="720px" > 
  at <Secrets ref="VTU_COMPONENT" > 
  at <VTUROOT>
[Vue warn]: Failed to resolve component: router-link
If this is a native custom element, make sure to exclude it from component resolution via compilerOptions.isCustomElement. 
  at <IconButton icon="trash" class="text-wp-error-100" is-loading=false  ... > 
  at <SettingsTable key=3 min-width="720px" > 
  at <Secrets ref="VTU_COMPONENT" > 
  at <VTUROOT>
[Vue warn]: Failed to resolve component: router-link
If this is a native custom element, make sure to exclude it from component resolution via compilerOptions.isCustomElement. 
  at <IconButton icon="edit" title="Edit secret" onClick=fn<onClick> > 
  at <SettingsTable key=3 min-width="720px" > 
  at <Secrets ref="VTU_COMPONENT" > 
  at <VTUROOT>
[Vue warn]: Failed to resolve component: router-link
If this is a native custom element, make sure to exclude it from component resolution via compilerOptions.isCustomElement. 
  at <IconButton icon="trash" class="text-wp-error-100" is-loading=false  ... > 
  at <SettingsTable key=3 min-width="720px" > 
  at <Secrets ref="VTU_COMPONENT" > 
  at <VTUROOT>
[Vue warn]: Failed to resolve component: router-link
If this is a native custom element, make sure to exclude it from component resolution via compilerOptions.isCustomElement. 
  at <IconButton icon="edit" title="Edit secret" onClick=fn<onClick> > 
  at <SettingsTable key=3 min-width="720px" > 
  at <Secrets ref="VTU_COMPONENT" > 
  at <VTUROOT>
[Vue warn]: Failed to resolve component: router-link
If this is a native custom element, make sure to exclude it from component resolution via compilerOptions.isCustomElement. 
  at <IconButton icon="trash" class="text-wp-error-100" is-loading=false  ... > 
  at <SettingsTable key=3 min-width="720px" > 
  at <Secrets ref="VTU_COMPONENT" > 
  at <VTUROOT>
[Vue warn]: Failed to resolve component: router-link
If this is a native custom element, make sure to exclude it from component resolution via compilerOptions.isCustomElement. 
  at <IconButton icon="edit" title="Edit secret" onClick=fn<onClick> > 
  at <SettingsTable key=3 min-width="720px" > 
  at <Secrets ref="VTU_COMPONENT" > 
  at <VTUROOT>
[Vue warn]: Failed to resolve component: router-link
If this is a native custom element, make sure to exclude it from component resolution via compilerOptions.isCustomElement. 
  at <IconButton icon="trash" class="text-wp-error-100" is-loading=false  ... > 
  at <SettingsTable key=3 min-width="720px" > 
  at <Secrets ref="VTU_COMPONENT" > 
  at <VTUROOT>
[Vue warn]: Failed to resolve component: router-link
If this is a native custom element, make sure to exclude it from component resolution via compilerOptions.isCustomElement. 
  at <IconButton icon="edit" title="Edit secret" onClick=fn<onClick> > 
  at <SettingsTable key=3 min-width="720px" > 
  at <Secrets ref="VTU_COMPONENT" > 
  at <VTUROOT>
[Vue warn]: Failed to resolve component: router-link
If this is a native custom element, make sure to exclude it from component resolution via compilerOptions.isCustomElement. 
  at <IconButton icon="trash" class="text-wp-error-100" is-loading=false  ... > 
  at <SettingsTable key=3 min-width="720px" > 
  at <Secrets ref="VTU_COMPONENT" > 
  at <VTUROOT>
[Vue warn]: Failed to resolve component: router-link
If this is a native custom element, make sure to exclude it from component resolution via compilerOptions.isCustomElement. 
  at <IconButton icon="edit" title="Edit secret" onClick=fn<onClick> > 
  at <SettingsTable key=3 min-width="720px" > 
  at <Secrets ref="VTU_COMPONENT" > 
  at <VTUROOT>
[Vue warn]: Failed to resolve component: router-link
If this is a native custom element, make sure to exclude it from component resolution via compilerOptions.isCustomElement. 
  at <IconButton icon="trash" class="text-wp-error-100" is-loading=false  ... > 
  at <SettingsTable key=3 min-width="720px" > 
  at <Secrets ref="VTU_COMPONENT" > 
  at <VTUROOT>

stderr | src/views/repo/settings/Crons.test.ts > repository cron settings > keeps confirmed cron rows unchanged after canceling or failing an edit
[Vue warn]: Failed to resolve component: router-link
If this is a native custom element, make sure to exclude it from component resolution via compilerOptions.isCustomElement. 
  at <IconButton icon="play-outline" is-loading=false title="Run now"  ... > 
  at <SettingsTable key=3 min-width="820px" > 
  at <Crons ref="VTU_COMPONENT" > 
  at <VTUROOT>
[Vue warn]: Failed to resolve component: router-link
If this is a native custom element, make sure to exclude it from component resolution via compilerOptions.isCustomElement. 
  at <IconButton icon="edit" title="Edit cron" onClick=fn<onClick> > 
  at <SettingsTable key=3 min-width="820px" > 
  at <Crons ref="VTU_COMPONENT" > 
  at <VTUROOT>
[Vue warn]: Failed to resolve component: router-link
If this is a native custom element, make sure to exclude it from component resolution via compilerOptions.isCustomElement. 
  at <IconButton icon="trash" class="text-wp-error-100" is-loading=false  ... > 
  at <SettingsTable key=3 min-width="820px" > 
  at <Crons ref="VTU_COMPONENT" > 
  at <VTUROOT>
[Vue warn]: Failed to resolve component: router-link
If this is a native custom element, make sure to exclude it from component resolution via compilerOptions.isCustomElement. 
  at <IconButton icon="play-outline" is-loading=false title="Run now"  ... > 
  at <SettingsTable key=3 min-width="820px" > 
  at <Crons ref="VTU_COMPONENT" > 
  at <VTUROOT>
[Vue warn]: Failed to resolve component: router-link
If this is a native custom element, make sure to exclude it from component resolution via compilerOptions.isCustomElement. 
  at <IconButton icon="edit" title="Edit cron" onClick=fn<onClick> > 
  at <SettingsTable key=3 min-width="820px" > 
  at <Crons ref="VTU_COMPONENT" > 
  at <VTUROOT>
[Vue warn]: Failed to resolve component: router-link
If this is a native custom element, make sure to exclude it from component resolution via compilerOptions.isCustomElement. 
  at <IconButton icon="trash" class="text-wp-error-100" is-loading=false  ... > 
  at <SettingsTable key=3 min-width="820px" > 
  at <Crons ref="VTU_COMPONENT" > 
  at <VTUROOT>
[Vue warn]: Failed to resolve component: router-link
If this is a native custom element, make sure to exclude it from component resolution via compilerOptions.isCustomElement. 
  at <IconButton icon="play-outline" is-loading=false title="Run now"  ... > 
  at <SettingsTable key=3 min-width="820px" > 
  at <Crons ref="VTU_COMPONENT" > 
  at <VTUROOT>
[Vue warn]: Failed to resolve component: router-link
If this is a native custom element, make sure to exclude it from component resolution via compilerOptions.isCustomElement. 
  at <IconButton icon="edit" title="Edit cron" onClick=fn<onClick> > 
  at <SettingsTable key=3 min-width="820px" > 
  at <Crons ref="VTU_COMPONENT" > 
  at <VTUROOT>
[Vue warn]: Failed to resolve component: router-link
If this is a native custom element, make sure to exclude it from component resolution via compilerOptions.isCustomElement. 
  at <IconButton icon="trash" class="text-wp-error-100" is-loading=false  ... > 
  at <SettingsTable key=3 min-width="820px" > 
  at <Crons ref="VTU_COMPONENT" > 
  at <VTUROOT>
[Vue warn]: Failed to resolve component: router-link
If this is a native custom element, make sure to exclude it from component resolution via compilerOptions.isCustomElement. 
  at <IconButton icon="play-outline" is-loading=false title="Run now"  ... > 
  at <SettingsTable key=3 min-width="820px" > 
  at <Crons ref="VTU_COMPONENT" > 
  at <VTUROOT>
[Vue warn]: Failed to resolve component: router-link
If this is a native custom element, make sure to exclude it from component resolution via compilerOptions.isCustomElement. 
  at <IconButton icon="edit" title="Edit cron" onClick=fn<onClick> > 
  at <SettingsTable key=3 min-width="820px" > 
  at <Crons ref="VTU_COMPONENT" > 
  at <VTUROOT>
[Vue warn]: Failed to resolve component: router-link
If this is a native custom element, make sure to exclude it from component resolution via compilerOptions.isCustomElement. 
  at <IconButton icon="trash" class="text-wp-error-100" is-loading=false  ... > 
  at <SettingsTable key=3 min-width="820px" > 
  at <Crons ref="VTU_COMPONENT" > 
  at <VTUROOT>
[Vue warn]: Failed to resolve component: router-link
If this is a native custom element, make sure to exclude it from component resolution via compilerOptions.isCustomElement. 
  at <IconButton icon="play-outline" is-loading=false title="Run now"  ... > 
  at <SettingsTable key=3 min-width="820px" > 
  at <Crons ref="VTU_COMPONENT" > 
  at <VTUROOT>
[Vue warn]: Failed to resolve component: router-link
If this is a native custom element, make sure to exclude it from component resolution via compilerOptions.isCustomElement. 
  at <IconButton icon="edit" title="Edit cron" onClick=fn<onClick> > 
  at <SettingsTable key=3 min-width="820px" > 
  at <Crons ref="VTU_COMPONENT" > 
  at <VTUROOT>
[Vue warn]: Failed to resolve component: router-link
If this is a native custom element, make sure to exclude it from component resolution via compilerOptions.isCustomElement. 
  at <IconButton icon="trash" class="text-wp-error-100" is-loading=false  ... > 
  at <SettingsTable key=3 min-width="820px" > 
  at <Crons ref="VTU_COMPONENT" > 
  at <VTUROOT>
[Vue warn]: Failed to resolve component: router-link
If this is a native custom element, make sure to exclude it from component resolution via compilerOptions.isCustomElement. 
  at <IconButton icon="play-outline" is-loading=false title="Run now"  ... > 
  at <SettingsTable key=3 min-width="820px" > 
  at <Crons ref="VTU_COMPONENT" > 
  at <VTUROOT>
[Vue warn]: Failed to resolve component: router-link
If this is a native custom element, make sure to exclude it from component resolution via compilerOptions.isCustomElement. 
  at <IconButton icon="edit" title="Edit cron" onClick=fn<onClick> > 
  at <SettingsTable key=3 min-width="820px" > 
  at <Crons ref="VTU_COMPONENT" > 
  at <VTUROOT>
[Vue warn]: Failed to resolve component: router-link
If this is a native custom element, make sure to exclude it from component resolution via compilerOptions.isCustomElement. 
  at <IconButton icon="trash" class="text-wp-error-100" is-loading=false  ... > 
  at <SettingsTable key=3 min-width="820px" > 
  at <Crons ref="VTU_COMPONENT" > 
  at <VTUROOT>
[Vue warn]: Failed to resolve component: router-link
If this is a native custom element, make sure to exclude it from component resolution via compilerOptions.isCustomElement. 
  at <IconButton icon="play-outline" is-loading=false title="Run now"  ... > 
  at <SettingsTable key=3 min-width="820px" > 
  at <Crons ref="VTU_COMPONENT" > 
  at <VTUROOT>
[Vue warn]: Failed to resolve component: router-link
If this is a native custom element, make sure to exclude it from component resolution via compilerOptions.isCustomElement. 
  at <IconButton icon="edit" title="Edit cron" onClick=fn<onClick> > 
  at <SettingsTable key=3 min-width="820px" > 
  at <Crons ref="VTU_COMPONENT" > 
  at <VTUROOT>
[Vue warn]: Failed to resolve component: router-link
If this is a native custom element, make sure to exclude it from component resolution via compilerOptions.isCustomElement. 
  at <IconButton icon="trash" class="text-wp-error-100" is-loading=false  ... > 
  at <SettingsTable key=3 min-width="820px" > 
  at <Crons ref="VTU_COMPONENT" > 
  at <VTUROOT>

stderr | src/views/repo/settings/Crons.test.ts > repository cron settings > keeps confirmed cron rows unchanged after canceling or failing an edit
[Vue warn]: Failed to resolve component: router-link
If this is a native custom element, make sure to exclude it from component resolution via compilerOptions.isCustomElement. 
  at <IconButton icon="play-outline" is-loading=false title="Run now"  ... > 
  at <SettingsTable key=3 min-width="820px" > 
  at <Crons ref="VTU_COMPONENT" > 
  at <VTUROOT>
[Vue warn]: Failed to resolve component: router-link
If this is a native custom element, make sure to exclude it from component resolution via compilerOptions.isCustomElement. 
  at <IconButton icon="edit" title="Edit cron" onClick=fn<onClick> > 
  at <SettingsTable key=3 min-width="820px" > 
  at <Crons ref="VTU_COMPONENT" > 
  at <VTUROOT>
[Vue warn]: Failed to resolve component: router-link
If this is a native custom element, make sure to exclude it from component resolution via compilerOptions.isCustomElement. 
  at <IconButton icon="trash" class="text-wp-error-100" is-loading=false  ... > 
  at <SettingsTable key=3 min-width="820px" > 
  at <Crons ref="VTU_COMPONENT" > 
  at <VTUROOT>

stderr | src/views/repo/settings/Secrets.test.ts > repository secrets settings > does not announce or reload when an obsolete deletion completes after returning to the same repository
[Vue warn]: Failed to resolve component: router-link
If this is a native custom element, make sure to exclude it from component resolution via compilerOptions.isCustomElement. 
  at <IconButton icon="edit" title="Edit secret" onClick=fn<onClick> > 
  at <SettingsTable key=3 min-width="720px" > 
  at <Secrets ref="VTU_COMPONENT" > 
  at <VTUROOT>
[Vue warn]: Failed to resolve component: router-link
If this is a native custom element, make sure to exclude it from component resolution via compilerOptions.isCustomElement. 
  at <IconButton icon="trash" class="text-wp-error-100" is-loading=false  ... > 
  at <SettingsTable key=3 min-width="720px" > 
  at <Secrets ref="VTU_COMPONENT" > 
  at <VTUROOT>
[Vue warn]: Failed to resolve component: router-link
If this is a native custom element, make sure to exclude it from component resolution via compilerOptions.isCustomElement. 
  at <IconButton icon="edit" title="Edit secret" onClick=fn<onClick> > 
  at <SettingsTable key=3 min-width="720px" > 
  at <Secrets ref="VTU_COMPONENT" > 
  at <VTUROOT>
[Vue warn]: Failed to resolve component: router-link
If this is a native custom element, make sure to exclude it from component resolution via compilerOptions.isCustomElement. 
  at <IconButton icon="trash" class="text-wp-error-100" is-loading=false  ... > 
  at <SettingsTable key=3 min-width="720px" > 
  at <Secrets ref="VTU_COMPONENT" > 
  at <VTUROOT>
[Vue warn]: Failed to resolve component: router-link
If this is a native custom element, make sure to exclude it from component resolution via compilerOptions.isCustomElement. 
  at <IconButton icon="edit" title="Edit secret" onClick=fn<onClick> > 
  at <SettingsTable key=3 min-width="720px" > 
  at <Secrets ref="VTU_COMPONENT" > 
  at <VTUROOT>
[Vue warn]: Failed to resolve component: router-link
If this is a native custom element, make sure to exclude it from component resolution via compilerOptions.isCustomElement. 
  at <IconButton icon="trash" class="text-wp-error-100" is-loading=false  ... > 
  at <SettingsTable key=3 min-width="720px" > 
  at <Secrets ref="VTU_COMPONENT" > 
  at <VTUROOT>
[Vue warn]: Failed to resolve component: router-link
If this is a native custom element, make sure to exclude it from component resolution via compilerOptions.isCustomElement. 
  at <IconButton icon="edit" title="Edit secret" onClick=fn<onClick> > 
  at <SettingsTable key=3 min-width="720px" > 
  at <Secrets ref="VTU_COMPONENT" > 
  at <VTUROOT>
[Vue warn]: Failed to resolve component: router-link
If this is a native custom element, make sure to exclude it from component resolution via compilerOptions.isCustomElement. 
  at <IconButton icon="trash" class="text-wp-error-100" is-loading=false  ... > 
  at <SettingsTable key=3 min-width="720px" > 
  at <Secrets ref="VTU_COMPONENT" > 
  at <VTUROOT>
[Vue warn]: Failed to resolve component: router-link
If this is a native custom element, make sure to exclude it from component resolution via compilerOptions.isCustomElement. 
  at <IconButton icon="edit" title="Edit secret" onClick=fn<onClick> > 
  at <SettingsTable key=3 min-width="720px" > 
  at <Secrets ref="VTU_COMPONENT" > 
  at <VTUROOT>
[Vue warn]: Failed to resolve component: router-link
If this is a native custom element, make sure to exclude it from component resolution via compilerOptions.isCustomElement. 
  at <IconButton icon="trash" class="text-wp-error-100" is-loading=false  ... > 
  at <SettingsTable key=3 min-width="720px" > 
  at <Secrets ref="VTU_COMPONENT" > 
  at <VTUROOT>
[Vue warn]: Failed to resolve component: router-link
If this is a native custom element, make sure to exclude it from component resolution via compilerOptions.isCustomElement. 
  at <IconButton icon="edit" title="Edit secret" onClick=fn<onClick> > 
  at <SettingsTable key=3 min-width="720px" > 
  at <Secrets ref="VTU_COMPONENT" > 
  at <VTUROOT>
[Vue warn]: Failed to resolve component: router-link
If this is a native custom element, make sure to exclude it from component resolution via compilerOptions.isCustomElement. 
  at <IconButton icon="trash" class="text-wp-error-100" is-loading=false  ... > 
  at <SettingsTable key=3 min-width="720px" > 
  at <Secrets ref="VTU_COMPONENT" > 
  at <VTUROOT>
[Vue warn]: Failed to resolve component: router-link
If this is a native custom element, make sure to exclude it from component resolution via compilerOptions.isCustomElement. 
  at <IconButton icon="edit" title="Edit secret" onClick=fn<onClick> > 
  at <SettingsTable key=3 min-width="720px" > 
  at <Secrets ref="VTU_COMPONENT" > 
  at <VTUROOT>
[Vue warn]: Failed to resolve component: router-link
If this is a native custom element, make sure to exclude it from component resolution via compilerOptions.isCustomElement. 
  at <IconButton icon="trash" class="text-wp-error-100" is-loading=false  ... > 
  at <SettingsTable key=3 min-width="720px" > 
  at <Secrets ref="VTU_COMPONENT" > 
  at <VTUROOT>

stderr | src/views/repo/settings/Secrets.test.ts > repository secrets settings > clears editor state and reloads when the repository changes
[Vue warn]: Failed to resolve component: router-link
If this is a native custom element, make sure to exclude it from component resolution via compilerOptions.isCustomElement. 
  at <IconButton icon="edit" title="Edit secret" onClick=fn<onClick> > 
  at <SettingsTable key=3 min-width="720px" > 
  at <Secrets ref="VTU_COMPONENT" > 
  at <VTUROOT>
[Vue warn]: Failed to resolve component: router-link
If this is a native custom element, make sure to exclude it from component resolution via compilerOptions.isCustomElement. 
  at <IconButton icon="trash" class="text-wp-error-100" is-loading=false  ... > 
  at <SettingsTable key=3 min-width="720px" > 
  at <Secrets ref="VTU_COMPONENT" > 
  at <VTUROOT>
[Vue warn]: Failed to resolve component: router-link
If this is a native custom element, make sure to exclude it from component resolution via compilerOptions.isCustomElement. 
  at <IconButton icon="edit" title="Edit secret" onClick=fn<onClick> > 
  at <SettingsTable key=3 min-width="720px" > 
  at <Secrets ref="VTU_COMPONENT" > 
  at <VTUROOT>
[Vue warn]: Failed to resolve component: router-link
If this is a native custom element, make sure to exclude it from component resolution via compilerOptions.isCustomElement. 
  at <IconButton icon="trash" class="text-wp-error-100" is-loading=false  ... > 
  at <SettingsTable key=3 min-width="720px" > 
  at <Secrets ref="VTU_COMPONENT" > 
  at <VTUROOT>
[Vue warn]: Failed to resolve component: router-link
If this is a native custom element, make sure to exclude it from component resolution via compilerOptions.isCustomElement. 
  at <IconButton icon="edit" title="Edit secret" onClick=fn<onClick> > 
  at <SettingsTable key=3 min-width="720px" > 
  at <Secrets ref="VTU_COMPONENT" > 
  at <VTUROOT>
[Vue warn]: Failed to resolve component: router-link
If this is a native custom element, make sure to exclude it from component resolution via compilerOptions.isCustomElement. 
  at <IconButton icon="trash" class="text-wp-error-100" is-loading=false  ... > 
  at <SettingsTable key=3 min-width="720px" > 
  at <Secrets ref="VTU_COMPONENT" > 
  at <VTUROOT>
[Vue warn]: Failed to resolve component: router-link
If this is a native custom element, make sure to exclude it from component resolution via compilerOptions.isCustomElement. 
  at <IconButton icon="edit" title="Edit secret" onClick=fn<onClick> > 
  at <SettingsTable key=3 min-width="720px" > 
  at <Secrets ref="VTU_COMPONENT" > 
  at <VTUROOT>
[Vue warn]: Failed to resolve component: router-link
If this is a native custom element, make sure to exclude it from component resolution via compilerOptions.isCustomElement. 
  at <IconButton icon="trash" class="text-wp-error-100" is-loading=false  ... > 
  at <SettingsTable key=3 min-width="720px" > 
  at <Secrets ref="VTU_COMPONENT" > 
  at <VTUROOT>
[Vue warn]: Failed to resolve component: router-link
If this is a native custom element, make sure to exclude it from component resolution via compilerOptions.isCustomElement. 
  at <IconButton icon="edit" title="Edit secret" onClick=fn<onClick> > 
  at <SettingsTable key=3 min-width="720px" > 
  at <Secrets ref="VTU_COMPONENT" > 
  at <VTUROOT>
[Vue warn]: Failed to resolve component: router-link
If this is a native custom element, make sure to exclude it from component resolution via compilerOptions.isCustomElement. 
  at <IconButton icon="trash" class="text-wp-error-100" is-loading=false  ... > 
  at <SettingsTable key=3 min-width="720px" > 
  at <Secrets ref="VTU_COMPONENT" > 
  at <VTUROOT>
[Vue warn]: Failed to resolve component: router-link
If this is a native custom element, make sure to exclude it from component resolution via compilerOptions.isCustomElement. 
  at <IconButton icon="edit" title="Edit secret" onClick=fn<onClick> > 
  at <SettingsTable key=3 min-width="720px" > 
  at <Secrets ref="VTU_COMPONENT" > 
  at <VTUROOT>
[Vue warn]: Failed to resolve component: router-link
If this is a native custom element, make sure to exclude it from component resolution via compilerOptions.isCustomElement. 
  at <IconButton icon="trash" class="text-wp-error-100" is-loading=false  ... > 
  at <SettingsTable key=3 min-width="720px" > 
  at <Secrets ref="VTU_COMPONENT" > 
  at <VTUROOT>
[Vue warn]: Failed to resolve component: router-link
If this is a native custom element, make sure to exclude it from component resolution via compilerOptions.isCustomElement. 
  at <IconButton icon="edit" title="Edit secret" onClick=fn<onClick> > 
  at <SettingsTable key=3 min-width="720px" > 
  at <Secrets ref="VTU_COMPONENT" > 
  at <VTUROOT>
[Vue warn]: Failed to resolve component: router-link
If this is a native custom element, make sure to exclude it from component resolution via compilerOptions.isCustomElement. 
  at <IconButton icon="trash" class="text-wp-error-100" is-loading=false  ... > 
  at <SettingsTable key=3 min-width="720px" > 
  at <Secrets ref="VTU_COMPONENT" > 
  at <VTUROOT>
[Vue warn]: Failed to resolve component: router-link
If this is a native custom element, make sure to exclude it from component resolution via compilerOptions.isCustomElement. 
  at <IconButton icon="edit" title="Edit secret" onClick=fn<onClick> > 
  at <SettingsTable key=3 min-width="720px" > 
  at <Secrets ref="VTU_COMPONENT" > 
  at <VTUROOT>
[Vue warn]: Failed to resolve component: router-link
If this is a native custom element, make sure to exclude it from component resolution via compilerOptions.isCustomElement. 
  at <IconButton icon="trash" class="text-wp-error-100" is-loading=false  ... > 
  at <SettingsTable key=3 min-width="720px" > 
  at <Secrets ref="VTU_COMPONENT" > 
  at <VTUROOT>

stderr | src/views/repo/settings/Crons.test.ts > repository cron settings > clears editor state and reloads when the repository changes
[Vue warn]: Failed to resolve component: router-link
If this is a native custom element, make sure to exclude it from component resolution via compilerOptions.isCustomElement. 
  at <IconButton icon="play-outline" is-loading=false title="Run now"  ... > 
  at <SettingsTable key=3 min-width="820px" > 
  at <Crons ref="VTU_COMPONENT" > 
  at <VTUROOT>
[Vue warn]: Failed to resolve component: router-link
If this is a native custom element, make sure to exclude it from component resolution via compilerOptions.isCustomElement. 
  at <IconButton icon="edit" title="Edit cron" onClick=fn<onClick> > 
  at <SettingsTable key=3 min-width="820px" > 
  at <Crons ref="VTU_COMPONENT" > 
  at <VTUROOT>
[Vue warn]: Failed to resolve component: router-link
If this is a native custom element, make sure to exclude it from component resolution via compilerOptions.isCustomElement. 
  at <IconButton icon="trash" class="text-wp-error-100" is-loading=false  ... > 
  at <SettingsTable key=3 min-width="820px" > 
  at <Crons ref="VTU_COMPONENT" > 
  at <VTUROOT>
[Vue warn]: Failed to resolve component: router-link
If this is a native custom element, make sure to exclude it from component resolution via compilerOptions.isCustomElement. 
  at <IconButton icon="play-outline" is-loading=false title="Run now"  ... > 
  at <SettingsTable key=3 min-width="820px" > 
  at <Crons ref="VTU_COMPONENT" > 
  at <VTUROOT>
[Vue warn]: Failed to resolve component: router-link
If this is a native custom element, make sure to exclude it from component resolution via compilerOptions.isCustomElement. 
  at <IconButton icon="edit" title="Edit cron" onClick=fn<onClick> > 
  at <SettingsTable key=3 min-width="820px" > 
  at <Crons ref="VTU_COMPONENT" > 
  at <VTUROOT>
[Vue warn]: Failed to resolve component: router-link
If this is a native custom element, make sure to exclude it from component resolution via compilerOptions.isCustomElement. 
  at <IconButton icon="trash" class="text-wp-error-100" is-loading=false  ... > 
  at <SettingsTable key=3 min-width="820px" > 
  at <Crons ref="VTU_COMPONENT" > 
  at <VTUROOT>
[Vue warn]: Failed to resolve component: router-link
If this is a native custom element, make sure to exclude it from component resolution via compilerOptions.isCustomElement. 
  at <IconButton icon="play-outline" is-loading=false title="Run now"  ... > 
  at <SettingsTable key=3 min-width="820px" > 
  at <Crons ref="VTU_COMPONENT" > 
  at <VTUROOT>
[Vue warn]: Failed to resolve component: router-link
If this is a native custom element, make sure to exclude it from component resolution via compilerOptions.isCustomElement. 
  at <IconButton icon="edit" title="Edit cron" onClick=fn<onClick> > 
  at <SettingsTable key=3 min-width="820px" > 
  at <Crons ref="VTU_COMPONENT" > 
  at <VTUROOT>
[Vue warn]: Failed to resolve component: router-link
If this is a native custom element, make sure to exclude it from component resolution via compilerOptions.isCustomElement. 
  at <IconButton icon="trash" class="text-wp-error-100" is-loading=false  ... > 
  at <SettingsTable key=3 min-width="820px" > 
  at <Crons ref="VTU_COMPONENT" > 
  at <VTUROOT>
[Vue warn]: Failed to resolve component: router-link
If this is a native custom element, make sure to exclude it from component resolution via compilerOptions.isCustomElement. 
  at <IconButton icon="play-outline" is-loading=false title="Run now"  ... > 
  at <SettingsTable key=3 min-width="820px" > 
  at <Crons ref="VTU_COMPONENT" > 
  at <VTUROOT>
[Vue warn]: Failed to resolve component: router-link
If this is a native custom element, make sure to exclude it from component resolution via compilerOptions.isCustomElement. 
  at <IconButton icon="edit" title="Edit cron" onClick=fn<onClick> > 
  at <SettingsTable key=3 min-width="820px" > 
  at <Crons ref="VTU_COMPONENT" > 
  at <VTUROOT>
[Vue warn]: Failed to resolve component: router-link
If this is a native custom element, make sure to exclude it from component resolution via compilerOptions.isCustomElement. 
  at <IconButton icon="trash" class="text-wp-error-100" is-loading=false  ... > 
  at <SettingsTable key=3 min-width="820px" > 
  at <Crons ref="VTU_COMPONENT" > 
  at <VTUROOT>
[Vue warn]: Failed to resolve component: router-link
If this is a native custom element, make sure to exclude it from component resolution via compilerOptions.isCustomElement. 
  at <IconButton icon="play-outline" is-loading=false title="Run now"  ... > 
  at <SettingsTable key=3 min-width="820px" > 
  at <Crons ref="VTU_COMPONENT" > 
  at <VTUROOT>
[Vue warn]: Failed to resolve component: router-link
If this is a native custom element, make sure to exclude it from component resolution via compilerOptions.isCustomElement. 
  at <IconButton icon="edit" title="Edit cron" onClick=fn<onClick> > 
  at <SettingsTable key=3 min-width="820px" > 
  at <Crons ref="VTU_COMPONENT" > 
  at <VTUROOT>
[Vue warn]: Failed to resolve component: router-link
If this is a native custom element, make sure to exclude it from component resolution via compilerOptions.isCustomElement. 
  at <IconButton icon="trash" class="text-wp-error-100" is-loading=false  ... > 
  at <SettingsTable key=3 min-width="820px" > 
  at <Crons ref="VTU_COMPONENT" > 
  at <VTUROOT>
[Vue warn]: Failed to resolve component: router-link
If this is a native custom element, make sure to exclude it from component resolution via compilerOptions.isCustomElement. 
  at <IconButton icon="play-outline" is-loading=false title="Run now"  ... > 
  at <SettingsTable key=3 min-width="820px" > 
  at <Crons ref="VTU_COMPONENT" > 
  at <VTUROOT>
[Vue warn]: Failed to resolve component: router-link
If this is a native custom element, make sure to exclude it from component resolution via compilerOptions.isCustomElement. 
  at <IconButton icon="edit" title="Edit cron" onClick=fn<onClick> > 
  at <SettingsTable key=3 min-width="820px" > 
  at <Crons ref="VTU_COMPONENT" > 
  at <VTUROOT>
[Vue warn]: Failed to resolve component: router-link
If this is a native custom element, make sure to exclude it from component resolution via compilerOptions.isCustomElement. 
  at <IconButton icon="trash" class="text-wp-error-100" is-loading=false  ... > 
  at <SettingsTable key=3 min-width="820px" > 
  at <Crons ref="VTU_COMPONENT" > 
  at <VTUROOT>
[Vue warn]: Failed to resolve component: router-link
If this is a native custom element, make sure to exclude it from component resolution via compilerOptions.isCustomElement. 
  at <IconButton icon="play-outline" is-loading=false title="Run now"  ... > 
  at <SettingsTable key=3 min-width="820px" > 
  at <Crons ref="VTU_COMPONENT" > 
  at <VTUROOT>
[Vue warn]: Failed to resolve component: router-link
If this is a native custom element, make sure to exclude it from component resolution via compilerOptions.isCustomElement. 
  at <IconButton icon="edit" title="Edit cron" onClick=fn<onClick> > 
  at <SettingsTable key=3 min-width="820px" > 
  at <Crons ref="VTU_COMPONENT" > 
  at <VTUROOT>
[Vue warn]: Failed to resolve component: router-link
If this is a native custom element, make sure to exclude it from component resolution via compilerOptions.isCustomElement. 
  at <IconButton icon="trash" class="text-wp-error-100" is-loading=false  ... > 
  at <SettingsTable key=3 min-width="820px" > 
  at <Crons ref="VTU_COMPONENT" > 
  at <VTUROOT>
[Vue warn]: Failed to resolve component: router-link
If this is a native custom element, make sure to exclude it from component resolution via compilerOptions.isCustomElement. 
  at <IconButton icon="play-outline" is-loading=false title="Run now"  ... > 
  at <SettingsTable key=3 min-width="820px" > 
  at <Crons ref="VTU_COMPONENT" > 
  at <VTUROOT>
[Vue warn]: Failed to resolve component: router-link
If this is a native custom element, make sure to exclude it from component resolution via compilerOptions.isCustomElement. 
  at <IconButton icon="edit" title="Edit cron" onClick=fn<onClick> > 
  at <SettingsTable key=3 min-width="820px" > 
  at <Crons ref="VTU_COMPONENT" > 
  at <VTUROOT>
[Vue warn]: Failed to resolve component: router-link
If this is a native custom element, make sure to exclude it from component resolution via compilerOptions.isCustomElement. 
  at <IconButton icon="trash" class="text-wp-error-100" is-loading=false  ... > 
  at <SettingsTable key=3 min-width="820px" > 
  at <Crons ref="VTU_COMPONENT" > 
  at <VTUROOT>

stderr | src/views/repo/settings/Crons.test.ts > repository cron settings > does not navigate when an obsolete cron run completes after returning to the same repository
[Vue warn]: Failed to resolve component: router-link
If this is a native custom element, make sure to exclude it from component resolution via compilerOptions.isCustomElement. 
  at <IconButton icon="play-outline" is-loading=false title="Run now"  ... > 
  at <SettingsTable key=3 min-width="820px" > 
  at <Crons ref="VTU_COMPONENT" > 
  at <VTUROOT>
[Vue warn]: Failed to resolve component: router-link
If this is a native custom element, make sure to exclude it from component resolution via compilerOptions.isCustomElement. 
  at <IconButton icon="edit" title="Edit cron" onClick=fn<onClick> > 
  at <SettingsTable key=3 min-width="820px" > 
  at <Crons ref="VTU_COMPONENT" > 
  at <VTUROOT>
[Vue warn]: Failed to resolve component: router-link
If this is a native custom element, make sure to exclude it from component resolution via compilerOptions.isCustomElement. 
  at <IconButton icon="trash" class="text-wp-error-100" is-loading=false  ... > 
  at <SettingsTable key=3 min-width="820px" > 
  at <Crons ref="VTU_COMPONENT" > 
  at <VTUROOT>
[Vue warn]: Failed to resolve component: router-link
If this is a native custom element, make sure to exclude it from component resolution via compilerOptions.isCustomElement. 
  at <IconButton icon="play-outline" is-loading=false title="Run now"  ... > 
  at <SettingsTable key=3 min-width="820px" > 
  at <Crons ref="VTU_COMPONENT" > 
  at <VTUROOT>
[Vue warn]: Failed to resolve component: router-link
If this is a native custom element, make sure to exclude it from component resolution via compilerOptions.isCustomElement. 
  at <IconButton icon="edit" title="Edit cron" onClick=fn<onClick> > 
  at <SettingsTable key=3 min-width="820px" > 
  at <Crons ref="VTU_COMPONENT" > 
  at <VTUROOT>
[Vue warn]: Failed to resolve component: router-link
If this is a native custom element, make sure to exclude it from component resolution via compilerOptions.isCustomElement. 
  at <IconButton icon="trash" class="text-wp-error-100" is-loading=false  ... > 
  at <SettingsTable key=3 min-width="820px" > 
  at <Crons ref="VTU_COMPONENT" > 
  at <VTUROOT>
[Vue warn]: Failed to resolve component: router-link
If this is a native custom element, make sure to exclude it from component resolution via compilerOptions.isCustomElement. 
  at <IconButton icon="play-outline" is-loading=false title="Run now"  ... > 
  at <SettingsTable key=3 min-width="820px" > 
  at <Crons ref="VTU_COMPONENT" > 
  at <VTUROOT>
[Vue warn]: Failed to resolve component: router-link
If this is a native custom element, make sure to exclude it from component resolution via compilerOptions.isCustomElement. 
  at <IconButton icon="edit" title="Edit cron" onClick=fn<onClick> > 
  at <SettingsTable key=3 min-width="820px" > 
  at <Crons ref="VTU_COMPONENT" > 
  at <VTUROOT>
[Vue warn]: Failed to resolve component: router-link
If this is a native custom element, make sure to exclude it from component resolution via compilerOptions.isCustomElement. 
  at <IconButton icon="trash" class="text-wp-error-100" is-loading=false  ... > 
  at <SettingsTable key=3 min-width="820px" > 
  at <Crons ref="VTU_COMPONENT" > 
  at <VTUROOT>
[Vue warn]: Failed to resolve component: router-link
If this is a native custom element, make sure to exclude it from component resolution via compilerOptions.isCustomElement. 
  at <IconButton icon="play-outline" is-loading=false title="Run now"  ... > 
  at <SettingsTable key=3 min-width="820px" > 
  at <Crons ref="VTU_COMPONENT" > 
  at <VTUROOT>
[Vue warn]: Failed to resolve component: router-link
If this is a native custom element, make sure to exclude it from component resolution via compilerOptions.isCustomElement. 
  at <IconButton icon="edit" title="Edit cron" onClick=fn<onClick> > 
  at <SettingsTable key=3 min-width="820px" > 
  at <Crons ref="VTU_COMPONENT" > 
  at <VTUROOT>
[Vue warn]: Failed to resolve component: router-link
If this is a native custom element, make sure to exclude it from component resolution via compilerOptions.isCustomElement. 
  at <IconButton icon="trash" class="text-wp-error-100" is-loading=false  ... > 
  at <SettingsTable key=3 min-width="820px" > 
  at <Crons ref="VTU_COMPONENT" > 
  at <VTUROOT>
[Vue warn]: Failed to resolve component: router-link
If this is a native custom element, make sure to exclude it from component resolution via compilerOptions.isCustomElement. 
  at <IconButton icon="play-outline" is-loading=false title="Run now"  ... > 
  at <SettingsTable key=3 min-width="820px" > 
  at <Crons ref="VTU_COMPONENT" > 
  at <VTUROOT>
[Vue warn]: Failed to resolve component: router-link
If this is a native custom element, make sure to exclude it from component resolution via compilerOptions.isCustomElement. 
  at <IconButton icon="edit" title="Edit cron" onClick=fn<onClick> > 
  at <SettingsTable key=3 min-width="820px" > 
  at <Crons ref="VTU_COMPONENT" > 
  at <VTUROOT>
[Vue warn]: Failed to resolve component: router-link
If this is a native custom element, make sure to exclude it from component resolution via compilerOptions.isCustomElement. 
  at <IconButton icon="trash" class="text-wp-error-100" is-loading=false  ... > 
  at <SettingsTable key=3 min-width="820px" > 
  at <Crons ref="VTU_COMPONENT" > 
  at <VTUROOT>
[Vue warn]: Failed to resolve component: router-link
If this is a native custom element, make sure to exclude it from component resolution via compilerOptions.isCustomElement. 
  at <IconButton icon="play-outline" is-loading=false title="Run now"  ... > 
  at <SettingsTable key=3 min-width="820px" > 
  at <Crons ref="VTU_COMPONENT" > 
  at <VTUROOT>
[Vue warn]: Failed to resolve component: router-link
If this is a native custom element, make sure to exclude it from component resolution via compilerOptions.isCustomElement. 
  at <IconButton icon="edit" title="Edit cron" onClick=fn<onClick> > 
  at <SettingsTable key=3 min-width="820px" > 
  at <Crons ref="VTU_COMPONENT" > 
  at <VTUROOT>
[Vue warn]: Failed to resolve component: router-link
If this is a native custom element, make sure to exclude it from component resolution via compilerOptions.isCustomElement. 
  at <IconButton icon="trash" class="text-wp-error-100" is-loading=false  ... > 
  at <SettingsTable key=3 min-width="820px" > 
  at <Crons ref="VTU_COMPONENT" > 
  at <VTUROOT>
[Vue warn]: Failed to resolve component: router-link
If this is a native custom element, make sure to exclude it from component resolution via compilerOptions.isCustomElement. 
  at <IconButton icon="play-outline" is-loading=false title="Run now"  ... > 
  at <SettingsTable key=3 min-width="820px" > 
  at <Crons ref="VTU_COMPONENT" > 
  at <VTUROOT>
[Vue warn]: Failed to resolve component: router-link
If this is a native custom element, make sure to exclude it from component resolution via compilerOptions.isCustomElement. 
  at <IconButton icon="edit" title="Edit cron" onClick=fn<onClick> > 
  at <SettingsTable key=3 min-width="820px" > 
  at <Crons ref="VTU_COMPONENT" > 
  at <VTUROOT>
[Vue warn]: Failed to resolve component: router-link
If this is a native custom element, make sure to exclude it from component resolution via compilerOptions.isCustomElement. 
  at <IconButton icon="trash" class="text-wp-error-100" is-loading=false  ... > 
  at <SettingsTable key=3 min-width="820px" > 
  at <Crons ref="VTU_COMPONENT" > 
  at <VTUROOT>
[Vue warn]: Failed to resolve component: router-link
If this is a native custom element, make sure to exclude it from component resolution via compilerOptions.isCustomElement. 
  at <IconButton icon="play-outline" is-loading=false title="Run now"  ... > 
  at <SettingsTable key=3 min-width="820px" > 
  at <Crons ref="VTU_COMPONENT" > 
  at <VTUROOT>
[Vue warn]: Failed to resolve component: router-link
If this is a native custom element, make sure to exclude it from component resolution via compilerOptions.isCustomElement. 
  at <IconButton icon="edit" title="Edit cron" onClick=fn<onClick> > 
  at <SettingsTable key=3 min-width="820px" > 
  at <Crons ref="VTU_COMPONENT" > 
  at <VTUROOT>
[Vue warn]: Failed to resolve component: router-link
If this is a native custom element, make sure to exclude it from component resolution via compilerOptions.isCustomElement. 
  at <IconButton icon="trash" class="text-wp-error-100" is-loading=false  ... > 
  at <SettingsTable key=3 min-width="820px" > 
  at <Crons ref="VTU_COMPONENT" > 
  at <VTUROOT>
[Vue warn]: Failed to resolve component: router-link
If this is a native custom element, make sure to exclude it from component resolution via compilerOptions.isCustomElement. 
  at <IconButton icon="play-outline" is-loading=false title="Run now"  ... > 
  at <SettingsTable key=3 min-width="820px" > 
  at <Crons ref="VTU_COMPONENT" > 
  at <VTUROOT>
[Vue warn]: Failed to resolve component: router-link
If this is a native custom element, make sure to exclude it from component resolution via compilerOptions.isCustomElement. 
  at <IconButton icon="edit" title="Edit cron" onClick=fn<onClick> > 
  at <SettingsTable key=3 min-width="820px" > 
  at <Crons ref="VTU_COMPONENT" > 
  at <VTUROOT>
[Vue warn]: Failed to resolve component: router-link
If this is a native custom element, make sure to exclude it from component resolution via compilerOptions.isCustomElement. 
  at <IconButton icon="trash" class="text-wp-error-100" is-loading=false  ... > 
  at <SettingsTable key=3 min-width="820px" > 
  at <Crons ref="VTU_COMPONENT" > 
  at <VTUROOT>
[Vue warn]: Failed to resolve component: router-link
If this is a native custom element, make sure to exclude it from component resolution via compilerOptions.isCustomElement. 
  at <IconButton icon="play-outline" is-loading=true title="Run now"  ... > 
  at <SettingsTable key=3 min-width="820px" > 
  at <Crons ref="VTU_COMPONENT" > 
  at <VTUROOT>
[Vue warn]: Failed to resolve component: router-link
If this is a native custom element, make sure to exclude it from component resolution via compilerOptions.isCustomElement. 
  at <IconButton icon="edit" title="Edit cron" onClick=fn<onClick> > 
  at <SettingsTable key=3 min-width="820px" > 
  at <Crons ref="VTU_COMPONENT" > 
  at <VTUROOT>
[Vue warn]: Failed to resolve component: router-link
If this is a native custom element, make sure to exclude it from component resolution via compilerOptions.isCustomElement. 
  at <IconButton icon="trash" class="text-wp-error-100" is-loading=false  ... > 
  at <SettingsTable key=3 min-width="820px" > 
  at <Crons ref="VTU_COMPONENT" > 
  at <VTUROOT>

stderr | src/views/repo/settings/Crons.test.ts > repository cron settings > does not navigate when an obsolete cron rejection completes after returning to the same repository
[Vue warn]: Failed to resolve component: router-link
If this is a native custom element, make sure to exclude it from component resolution via compilerOptions.isCustomElement. 
  at <IconButton icon="play-outline" is-loading=false title="Run now"  ... > 
  at <SettingsTable key=3 min-width="820px" > 
  at <Crons ref="VTU_COMPONENT" > 
  at <VTUROOT>
[Vue warn]: Failed to resolve component: router-link
If this is a native custom element, make sure to exclude it from component resolution via compilerOptions.isCustomElement. 
  at <IconButton icon="edit" title="Edit cron" onClick=fn<onClick> > 
  at <SettingsTable key=3 min-width="820px" > 
  at <Crons ref="VTU_COMPONENT" > 
  at <VTUROOT>
[Vue warn]: Failed to resolve component: router-link
If this is a native custom element, make sure to exclude it from component resolution via compilerOptions.isCustomElement. 
  at <IconButton icon="trash" class="text-wp-error-100" is-loading=false  ... > 
  at <SettingsTable key=3 min-width="820px" > 
  at <Crons ref="VTU_COMPONENT" > 
  at <VTUROOT>
[Vue warn]: Failed to resolve component: router-link
If this is a native custom element, make sure to exclude it from component resolution via compilerOptions.isCustomElement. 
  at <IconButton icon="play-outline" is-loading=false title="Run now"  ... > 
  at <SettingsTable key=3 min-width="820px" > 
  at <Crons ref="VTU_COMPONENT" > 
  at <VTUROOT>
[Vue warn]: Failed to resolve component: router-link
If this is a native custom element, make sure to exclude it from component resolution via compilerOptions.isCustomElement. 
  at <IconButton icon="edit" title="Edit cron" onClick=fn<onClick> > 
  at <SettingsTable key=3 min-width="820px" > 
  at <Crons ref="VTU_COMPONENT" > 
  at <VTUROOT>
[Vue warn]: Failed to resolve component: router-link
If this is a native custom element, make sure to exclude it from component resolution via compilerOptions.isCustomElement. 
  at <IconButton icon="trash" class="text-wp-error-100" is-loading=false  ... > 
  at <SettingsTable key=3 min-width="820px" > 
  at <Crons ref="VTU_COMPONENT" > 
  at <VTUROOT>
[Vue warn]: Failed to resolve component: router-link
If this is a native custom element, make sure to exclude it from component resolution via compilerOptions.isCustomElement. 
  at <IconButton icon="play-outline" is-loading=false title="Run now"  ... > 
  at <SettingsTable key=3 min-width="820px" > 
  at <Crons ref="VTU_COMPONENT" > 
  at <VTUROOT>
[Vue warn]: Failed to resolve component: router-link
If this is a native custom element, make sure to exclude it from component resolution via compilerOptions.isCustomElement. 
  at <IconButton icon="edit" title="Edit cron" onClick=fn<onClick> > 
  at <SettingsTable key=3 min-width="820px" > 
  at <Crons ref="VTU_COMPONENT" > 
  at <VTUROOT>
[Vue warn]: Failed to resolve component: router-link
If this is a native custom element, make sure to exclude it from component resolution via compilerOptions.isCustomElement. 
  at <IconButton icon="trash" class="text-wp-error-100" is-loading=false  ... > 
  at <SettingsTable key=3 min-width="820px" > 
  at <Crons ref="VTU_COMPONENT" > 
  at <VTUROOT>
[Vue warn]: Failed to resolve component: router-link
If this is a native custom element, make sure to exclude it from component resolution via compilerOptions.isCustomElement. 
  at <IconButton icon="play-outline" is-loading=false title="Run now"  ... > 
  at <SettingsTable key=3 min-width="820px" > 
  at <Crons ref="VTU_COMPONENT" > 
  at <VTUROOT>
[Vue warn]: Failed to resolve component: router-link
If this is a native custom element, make sure to exclude it from component resolution via compilerOptions.isCustomElement. 
  at <IconButton icon="edit" title="Edit cron" onClick=fn<onClick> > 
  at <SettingsTable key=3 min-width="820px" > 
  at <Crons ref="VTU_COMPONENT" > 
  at <VTUROOT>
[Vue warn]: Failed to resolve component: router-link
If this is a native custom element, make sure to exclude it from component resolution via compilerOptions.isCustomElement. 
  at <IconButton icon="trash" class="text-wp-error-100" is-loading=false  ... > 
  at <SettingsTable key=3 min-width="820px" > 
  at <Crons ref="VTU_COMPONENT" > 
  at <VTUROOT>
[Vue warn]: Failed to resolve component: router-link
If this is a native custom element, make sure to exclude it from component resolution via compilerOptions.isCustomElement. 
  at <IconButton icon="play-outline" is-loading=false title="Run now"  ... > 
  at <SettingsTable key=3 min-width="820px" > 
  at <Crons ref="VTU_COMPONENT" > 
  at <VTUROOT>
[Vue warn]: Failed to resolve component: router-link
If this is a native custom element, make sure to exclude it from component resolution via compilerOptions.isCustomElement. 
  at <IconButton icon="edit" title="Edit cron" onClick=fn<onClick> > 
  at <SettingsTable key=3 min-width="820px" > 
  at <Crons ref="VTU_COMPONENT" > 
  at <VTUROOT>
[Vue warn]: Failed to resolve component: router-link
If this is a native custom element, make sure to exclude it from component resolution via compilerOptions.isCustomElement. 
  at <IconButton icon="trash" class="text-wp-error-100" is-loading=false  ... > 
  at <SettingsTable key=3 min-width="820px" > 
  at <Crons ref="VTU_COMPONENT" > 
  at <VTUROOT>
[Vue warn]: Failed to resolve component: router-link
If this is a native custom element, make sure to exclude it from component resolution via compilerOptions.isCustomElement. 
  at <IconButton icon="play-outline" is-loading=false title="Run now"  ... > 
  at <SettingsTable key=3 min-width="820px" > 
  at <Crons ref="VTU_COMPONENT" > 
  at <VTUROOT>
[Vue warn]: Failed to resolve component: router-link
If this is a native custom element, make sure to exclude it from component resolution via compilerOptions.isCustomElement. 
  at <IconButton icon="edit" title="Edit cron" onClick=fn<onClick> > 
  at <SettingsTable key=3 min-width="820px" > 
  at <Crons ref="VTU_COMPONENT" > 
  at <VTUROOT>
[Vue warn]: Failed to resolve component: router-link
If this is a native custom element, make sure to exclude it from component resolution via compilerOptions.isCustomElement. 
  at <IconButton icon="trash" class="text-wp-error-100" is-loading=false  ... > 
  at <SettingsTable key=3 min-width="820px" > 
  at <Crons ref="VTU_COMPONENT" > 
  at <VTUROOT>
[Vue warn]: Failed to resolve component: router-link
If this is a native custom element, make sure to exclude it from component resolution via compilerOptions.isCustomElement. 
  at <IconButton icon="play-outline" is-loading=false title="Run now"  ... > 
  at <SettingsTable key=3 min-width="820px" > 
  at <Crons ref="VTU_COMPONENT" > 
  at <VTUROOT>
[Vue warn]: Failed to resolve component: router-link
If this is a native custom element, make sure to exclude it from component resolution via compilerOptions.isCustomElement. 
  at <IconButton icon="edit" title="Edit cron" onClick=fn<onClick> > 
  at <SettingsTable key=3 min-width="820px" > 
  at <Crons ref="VTU_COMPONENT" > 
  at <VTUROOT>
[Vue warn]: Failed to resolve component: router-link
If this is a native custom element, make sure to exclude it from component resolution via compilerOptions.isCustomElement. 
  at <IconButton icon="trash" class="text-wp-error-100" is-loading=false  ... > 
  at <SettingsTable key=3 min-width="820px" > 
  at <Crons ref="VTU_COMPONENT" > 
  at <VTUROOT>
[Vue warn]: Failed to resolve component: router-link
If this is a native custom element, make sure to exclude it from component resolution via compilerOptions.isCustomElement. 
  at <IconButton icon="play-outline" is-loading=false title="Run now"  ... > 
  at <SettingsTable key=3 min-width="820px" > 
  at <Crons ref="VTU_COMPONENT" > 
  at <VTUROOT>
[Vue warn]: Failed to resolve component: router-link
If this is a native custom element, make sure to exclude it from component resolution via compilerOptions.isCustomElement. 
  at <IconButton icon="edit" title="Edit cron" onClick=fn<onClick> > 
  at <SettingsTable key=3 min-width="820px" > 
  at <Crons ref="VTU_COMPONENT" > 
  at <VTUROOT>
[Vue warn]: Failed to resolve component: router-link
If this is a native custom element, make sure to exclude it from component resolution via compilerOptions.isCustomElement. 
  at <IconButton icon="trash" class="text-wp-error-100" is-loading=false  ... > 
  at <SettingsTable key=3 min-width="820px" > 
  at <Crons ref="VTU_COMPONENT" > 
  at <VTUROOT>
[Vue warn]: Failed to resolve component: router-link
If this is a native custom element, make sure to exclude it from component resolution via compilerOptions.isCustomElement. 
  at <IconButton icon="play-outline" is-loading=false title="Run now"  ... > 
  at <SettingsTable key=3 min-width="820px" > 
  at <Crons ref="VTU_COMPONENT" > 
  at <VTUROOT>
[Vue warn]: Failed to resolve component: router-link
If this is a native custom element, make sure to exclude it from component resolution via compilerOptions.isCustomElement. 
  at <IconButton icon="edit" title="Edit cron" onClick=fn<onClick> > 
  at <SettingsTable key=3 min-width="820px" > 
  at <Crons ref="VTU_COMPONENT" > 
  at <VTUROOT>
[Vue warn]: Failed to resolve component: router-link
If this is a native custom element, make sure to exclude it from component resolution via compilerOptions.isCustomElement. 
  at <IconButton icon="trash" class="text-wp-error-100" is-loading=false  ... > 
  at <SettingsTable key=3 min-width="820px" > 
  at <Crons ref="VTU_COMPONENT" > 
  at <VTUROOT>
[Vue warn]: Failed to resolve component: router-link
If this is a native custom element, make sure to exclude it from component resolution via compilerOptions.isCustomElement. 
  at <IconButton icon="play-outline" is-loading=false title="Run now"  ... > 
  at <SettingsTable key=3 min-width="820px" > 
  at <Crons ref="VTU_COMPONENT" > 
  at <VTUROOT>
[Vue warn]: Failed to resolve component: router-link
If this is a native custom element, make sure to exclude it from component resolution via compilerOptions.isCustomElement. 
  at <IconButton icon="edit" title="Edit cron" onClick=fn<onClick> > 
  at <SettingsTable key=3 min-width="820px" > 
  at <Crons ref="VTU_COMPONENT" > 
  at <VTUROOT>
[Vue warn]: Failed to resolve component: router-link
If this is a native custom element, make sure to exclude it from component resolution via compilerOptions.isCustomElement. 
  at <IconButton icon="trash" class="text-wp-error-100" is-loading=false  ... > 
  at <SettingsTable key=3 min-width="820px" > 
  at <Crons ref="VTU_COMPONENT" > 
  at <VTUROOT>
[Vue warn]: Failed to resolve component: router-link
If this is a native custom element, make sure to exclude it from component resolution via compilerOptions.isCustomElement. 
  at <IconButton icon="play-outline" is-loading=true title="Run now"  ... > 
  at <SettingsTable key=3 min-width="820px" > 
  at <Crons ref="VTU_COMPONENT" > 
  at <VTUROOT>
[Vue warn]: Failed to resolve component: router-link
If this is a native custom element, make sure to exclude it from component resolution via compilerOptions.isCustomElement. 
  at <IconButton icon="edit" title="Edit cron" onClick=fn<onClick> > 
  at <SettingsTable key=3 min-width="820px" > 
  at <Crons ref="VTU_COMPONENT" > 
  at <VTUROOT>
[Vue warn]: Failed to resolve component: router-link
If this is a native custom element, make sure to exclude it from component resolution via compilerOptions.isCustomElement. 
  at <IconButton icon="trash" class="text-wp-error-100" is-loading=false  ... > 
  at <SettingsTable key=3 min-width="820px" > 
  at <Crons ref="VTU_COMPONENT" > 
  at <VTUROOT>

stderr | src/views/repo/settings/Crons.test.ts > repository cron settings > does not close, announce, or reload when an obsolete cron save completes after returning to the same repository
[Vue warn]: Failed to resolve component: router-link
If this is a native custom element, make sure to exclude it from component resolution via compilerOptions.isCustomElement. 
  at <IconButton icon="play-outline" is-loading=false title="Run now"  ... > 
  at <SettingsTable key=3 min-width="820px" > 
  at <Crons ref="VTU_COMPONENT" > 
  at <VTUROOT>
[Vue warn]: Failed to resolve component: router-link
If this is a native custom element, make sure to exclude it from component resolution via compilerOptions.isCustomElement. 
  at <IconButton icon="edit" title="Edit cron" onClick=fn<onClick> > 
  at <SettingsTable key=3 min-width="820px" > 
  at <Crons ref="VTU_COMPONENT" > 
  at <VTUROOT>
[Vue warn]: Failed to resolve component: router-link
If this is a native custom element, make sure to exclude it from component resolution via compilerOptions.isCustomElement. 
  at <IconButton icon="trash" class="text-wp-error-100" is-loading=false  ... > 
  at <SettingsTable key=3 min-width="820px" > 
  at <Crons ref="VTU_COMPONENT" > 
  at <VTUROOT>
[Vue warn]: Failed to resolve component: router-link
If this is a native custom element, make sure to exclude it from component resolution via compilerOptions.isCustomElement. 
  at <IconButton icon="play-outline" is-loading=false title="Run now"  ... > 
  at <SettingsTable key=3 min-width="820px" > 
  at <Crons ref="VTU_COMPONENT" > 
  at <VTUROOT>
[Vue warn]: Failed to resolve component: router-link
If this is a native custom element, make sure to exclude it from component resolution via compilerOptions.isCustomElement. 
  at <IconButton icon="edit" title="Edit cron" onClick=fn<onClick> > 
  at <SettingsTable key=3 min-width="820px" > 
  at <Crons ref="VTU_COMPONENT" > 
  at <VTUROOT>
[Vue warn]: Failed to resolve component: router-link
If this is a native custom element, make sure to exclude it from component resolution via compilerOptions.isCustomElement. 
  at <IconButton icon="trash" class="text-wp-error-100" is-loading=false  ... > 
  at <SettingsTable key=3 min-width="820px" > 
  at <Crons ref="VTU_COMPONENT" > 
  at <VTUROOT>
[Vue warn]: Failed to resolve component: router-link
If this is a native custom element, make sure to exclude it from component resolution via compilerOptions.isCustomElement. 
  at <IconButton icon="play-outline" is-loading=false title="Run now"  ... > 
  at <SettingsTable key=3 min-width="820px" > 
  at <Crons ref="VTU_COMPONENT" > 
  at <VTUROOT>
[Vue warn]: Failed to resolve component: router-link
If this is a native custom element, make sure to exclude it from component resolution via compilerOptions.isCustomElement. 
  at <IconButton icon="edit" title="Edit cron" onClick=fn<onClick> > 
  at <SettingsTable key=3 min-width="820px" > 
  at <Crons ref="VTU_COMPONENT" > 
  at <VTUROOT>
[Vue warn]: Failed to resolve component: router-link
If this is a native custom element, make sure to exclude it from component resolution via compilerOptions.isCustomElement. 
  at <IconButton icon="trash" class="text-wp-error-100" is-loading=false  ... > 
  at <SettingsTable key=3 min-width="820px" > 
  at <Crons ref="VTU_COMPONENT" > 
  at <VTUROOT>
[Vue warn]: Failed to resolve component: router-link
If this is a native custom element, make sure to exclude it from component resolution via compilerOptions.isCustomElement. 
  at <IconButton icon="play-outline" is-loading=false title="Run now"  ... > 
  at <SettingsTable key=3 min-width="820px" > 
  at <Crons ref="VTU_COMPONENT" > 
  at <VTUROOT>
[Vue warn]: Failed to resolve component: router-link
If this is a native custom element, make sure to exclude it from component resolution via compilerOptions.isCustomElement. 
  at <IconButton icon="edit" title="Edit cron" onClick=fn<onClick> > 
  at <SettingsTable key=3 min-width="820px" > 
  at <Crons ref="VTU_COMPONENT" > 
  at <VTUROOT>
[Vue warn]: Failed to resolve component: router-link
If this is a native custom element, make sure to exclude it from component resolution via compilerOptions.isCustomElement. 
  at <IconButton icon="trash" class="text-wp-error-100" is-loading=false  ... > 
  at <SettingsTable key=3 min-width="820px" > 
  at <Crons ref="VTU_COMPONENT" > 
  at <VTUROOT>
[Vue warn]: Failed to resolve component: router-link
If this is a native custom element, make sure to exclude it from component resolution via compilerOptions.isCustomElement. 
  at <IconButton icon="play-outline" is-loading=false title="Run now"  ... > 
  at <SettingsTable key=3 min-width="820px" > 
  at <Crons ref="VTU_COMPONENT" > 
  at <VTUROOT>
[Vue warn]: Failed to resolve component: router-link
If this is a native custom element, make sure to exclude it from component resolution via compilerOptions.isCustomElement. 
  at <IconButton icon="edit" title="Edit cron" onClick=fn<onClick> > 
  at <SettingsTable key=3 min-width="820px" > 
  at <Crons ref="VTU_COMPONENT" > 
  at <VTUROOT>
[Vue warn]: Failed to resolve component: router-link
If this is a native custom element, make sure to exclude it from component resolution via compilerOptions.isCustomElement. 
  at <IconButton icon="trash" class="text-wp-error-100" is-loading=false  ... > 
  at <SettingsTable key=3 min-width="820px" > 
  at <Crons ref="VTU_COMPONENT" > 
  at <VTUROOT>
[Vue warn]: Failed to resolve component: router-link
If this is a native custom element, make sure to exclude it from component resolution via compilerOptions.isCustomElement. 
  at <IconButton icon="play-outline" is-loading=false title="Run now"  ... > 
  at <SettingsTable key=3 min-width="820px" > 
  at <Crons ref="VTU_COMPONENT" > 
  at <VTUROOT>
[Vue warn]: Failed to resolve component: router-link
If this is a native custom element, make sure to exclude it from component resolution via compilerOptions.isCustomElement. 
  at <IconButton icon="edit" title="Edit cron" onClick=fn<onClick> > 
  at <SettingsTable key=3 min-width="820px" > 
  at <Crons ref="VTU_COMPONENT" > 
  at <VTUROOT>
[Vue warn]: Failed to resolve component: router-link
If this is a native custom element, make sure to exclude it from component resolution via compilerOptions.isCustomElement. 
  at <IconButton icon="trash" class="text-wp-error-100" is-loading=false  ... > 
  at <SettingsTable key=3 min-width="820px" > 
  at <Crons ref="VTU_COMPONENT" > 
  at <VTUROOT>
[Vue warn]: Failed to resolve component: router-link
If this is a native custom element, make sure to exclude it from component resolution via compilerOptions.isCustomElement. 
  at <IconButton icon="play-outline" is-loading=false title="Run now"  ... > 
  at <SettingsTable key=3 min-width="820px" > 
  at <Crons ref="VTU_COMPONENT" > 
  at <VTUROOT>
[Vue warn]: Failed to resolve component: router-link
If this is a native custom element, make sure to exclude it from component resolution via compilerOptions.isCustomElement. 
  at <IconButton icon="edit" title="Edit cron" onClick=fn<onClick> > 
  at <SettingsTable key=3 min-width="820px" > 
  at <Crons ref="VTU_COMPONENT" > 
  at <VTUROOT>
[Vue warn]: Failed to resolve component: router-link
If this is a native custom element, make sure to exclude it from component resolution via compilerOptions.isCustomElement. 
  at <IconButton icon="trash" class="text-wp-error-100" is-loading=false  ... > 
  at <SettingsTable key=3 min-width="820px" > 
  at <Crons ref="VTU_COMPONENT" > 
  at <VTUROOT>
[Vue warn]: Failed to resolve component: router-link
If this is a native custom element, make sure to exclude it from component resolution via compilerOptions.isCustomElement. 
  at <IconButton icon="play-outline" is-loading=false title="Run now"  ... > 
  at <SettingsTable key=3 min-width="820px" > 
  at <Crons ref="VTU_COMPONENT" > 
  at <VTUROOT>
[Vue warn]: Failed to resolve component: router-link
If this is a native custom element, make sure to exclude it from component resolution via compilerOptions.isCustomElement. 
  at <IconButton icon="edit" title="Edit cron" onClick=fn<onClick> > 
  at <SettingsTable key=3 min-width="820px" > 
  at <Crons ref="VTU_COMPONENT" > 
  at <VTUROOT>
[Vue warn]: Failed to resolve component: router-link
If this is a native custom element, make sure to exclude it from component resolution via compilerOptions.isCustomElement. 
  at <IconButton icon="trash" class="text-wp-error-100" is-loading=false  ... > 
  at <SettingsTable key=3 min-width="820px" > 
  at <Crons ref="VTU_COMPONENT" > 
  at <VTUROOT>
[Vue warn]: Failed to resolve component: router-link
If this is a native custom element, make sure to exclude it from component resolution via compilerOptions.isCustomElement. 
  at <IconButton icon="play-outline" is-loading=false title="Run now"  ... > 
  at <SettingsTable key=3 min-width="820px" > 
  at <Crons ref="VTU_COMPONENT" > 
  at <VTUROOT>
[Vue warn]: Failed to resolve component: router-link
If this is a native custom element, make sure to exclude it from component resolution via compilerOptions.isCustomElement. 
  at <IconButton icon="edit" title="Edit cron" onClick=fn<onClick> > 
  at <SettingsTable key=3 min-width="820px" > 
  at <Crons ref="VTU_COMPONENT" > 
  at <VTUROOT>
[Vue warn]: Failed to resolve component: router-link
If this is a native custom element, make sure to exclude it from component resolution via compilerOptions.isCustomElement. 
  at <IconButton icon="trash" class="text-wp-error-100" is-loading=false  ... > 
  at <SettingsTable key=3 min-width="820px" > 
  at <Crons ref="VTU_COMPONENT" > 
  at <VTUROOT>
[Vue warn]: Failed to resolve component: router-link
If this is a native custom element, make sure to exclude it from component resolution via compilerOptions.isCustomElement. 
  at <IconButton icon="play-outline" is-loading=false title="Run now"  ... > 
  at <SettingsTable key=3 min-width="820px" > 
  at <Crons ref="VTU_COMPONENT" > 
  at <VTUROOT>
[Vue warn]: Failed to resolve component: router-link
If this is a native custom element, make sure to exclude it from component resolution via compilerOptions.isCustomElement. 
  at <IconButton icon="edit" title="Edit cron" onClick=fn<onClick> > 
  at <SettingsTable key=3 min-width="820px" > 
  at <Crons ref="VTU_COMPONENT" > 
  at <VTUROOT>
[Vue warn]: Failed to resolve component: router-link
If this is a native custom element, make sure to exclude it from component resolution via compilerOptions.isCustomElement. 
  at <IconButton icon="trash" class="text-wp-error-100" is-loading=false  ... > 
  at <SettingsTable key=3 min-width="820px" > 
  at <Crons ref="VTU_COMPONENT" > 
  at <VTUROOT>
[Vue warn]: Failed to resolve component: router-link
If this is a native custom element, make sure to exclude it from component resolution via compilerOptions.isCustomElement. 
  at <IconButton icon="play-outline" is-loading=false title="Run now"  ... > 
  at <SettingsTable key=3 min-width="820px" > 
  at <Crons ref="VTU_COMPONENT" > 
  at <VTUROOT>
[Vue warn]: Failed to resolve component: router-link
If this is a native custom element, make sure to exclude it from component resolution via compilerOptions.isCustomElement. 
  at <IconButton icon="edit" title="Edit cron" onClick=fn<onClick> > 
  at <SettingsTable key=3 min-width="820px" > 
  at <Crons ref="VTU_COMPONENT" > 
  at <VTUROOT>
[Vue warn]: Failed to resolve component: router-link
If this is a native custom element, make sure to exclude it from component resolution via compilerOptions.isCustomElement. 
  at <IconButton icon="trash" class="text-wp-error-100" is-loading=false  ... > 
  at <SettingsTable key=3 min-width="820px" > 
  at <Crons ref="VTU_COMPONENT" > 
  at <VTUROOT>

stderr | src/views/repo/settings/Crons.test.ts > repository cron settings > does not announce or reload when an obsolete cron deletion completes after returning to the same repository
[Vue warn]: Failed to resolve component: router-link
If this is a native custom element, make sure to exclude it from component resolution via compilerOptions.isCustomElement. 
  at <IconButton icon="play-outline" is-loading=false title="Run now"  ... > 
  at <SettingsTable key=3 min-width="820px" > 
  at <Crons ref="VTU_COMPONENT" > 
  at <VTUROOT>
[Vue warn]: Failed to resolve component: router-link
If this is a native custom element, make sure to exclude it from component resolution via compilerOptions.isCustomElement. 
  at <IconButton icon="edit" title="Edit cron" onClick=fn<onClick> > 
  at <SettingsTable key=3 min-width="820px" > 
  at <Crons ref="VTU_COMPONENT" > 
  at <VTUROOT>
[Vue warn]: Failed to resolve component: router-link
If this is a native custom element, make sure to exclude it from component resolution via compilerOptions.isCustomElement. 
  at <IconButton icon="trash" class="text-wp-error-100" is-loading=false  ... > 
  at <SettingsTable key=3 min-width="820px" > 
  at <Crons ref="VTU_COMPONENT" > 
  at <VTUROOT>
[Vue warn]: Failed to resolve component: router-link
If this is a native custom element, make sure to exclude it from component resolution via compilerOptions.isCustomElement. 
  at <IconButton icon="play-outline" is-loading=false title="Run now"  ... > 
  at <SettingsTable key=3 min-width="820px" > 
  at <Crons ref="VTU_COMPONENT" > 
  at <VTUROOT>
[Vue warn]: Failed to resolve component: router-link
If this is a native custom element, make sure to exclude it from component resolution via compilerOptions.isCustomElement. 
  at <IconButton icon="edit" title="Edit cron" onClick=fn<onClick> > 
  at <SettingsTable key=3 min-width="820px" > 
  at <Crons ref="VTU_COMPONENT" > 
  at <VTUROOT>
[Vue warn]: Failed to resolve component: router-link
If this is a native custom element, make sure to exclude it from component resolution via compilerOptions.isCustomElement. 
  at <IconButton icon="trash" class="text-wp-error-100" is-loading=false  ... > 
  at <SettingsTable key=3 min-width="820px" > 
  at <Crons ref="VTU_COMPONENT" > 
  at <VTUROOT>
[Vue warn]: Failed to resolve component: router-link
If this is a native custom element, make sure to exclude it from component resolution via compilerOptions.isCustomElement. 
  at <IconButton icon="play-outline" is-loading=false title="Run now"  ... > 
  at <SettingsTable key=3 min-width="820px" > 
  at <Crons ref="VTU_COMPONENT" > 
  at <VTUROOT>
[Vue warn]: Failed to resolve component: router-link
If this is a native custom element, make sure to exclude it from component resolution via compilerOptions.isCustomElement. 
  at <IconButton icon="edit" title="Edit cron" onClick=fn<onClick> > 
  at <SettingsTable key=3 min-width="820px" > 
  at <Crons ref="VTU_COMPONENT" > 
  at <VTUROOT>
[Vue warn]: Failed to resolve component: router-link
If this is a native custom element, make sure to exclude it from component resolution via compilerOptions.isCustomElement. 
  at <IconButton icon="trash" class="text-wp-error-100" is-loading=false  ... > 
  at <SettingsTable key=3 min-width="820px" > 
  at <Crons ref="VTU_COMPONENT" > 
  at <VTUROOT>
[Vue warn]: Failed to resolve component: router-link
If this is a native custom element, make sure to exclude it from component resolution via compilerOptions.isCustomElement. 
  at <IconButton icon="play-outline" is-loading=false title="Run now"  ... > 
  at <SettingsTable key=3 min-width="820px" > 
  at <Crons ref="VTU_COMPONENT" > 
  at <VTUROOT>
[Vue warn]: Failed to resolve component: router-link
If this is a native custom element, make sure to exclude it from component resolution via compilerOptions.isCustomElement. 
  at <IconButton icon="edit" title="Edit cron" onClick=fn<onClick> > 
  at <SettingsTable key=3 min-width="820px" > 
  at <Crons ref="VTU_COMPONENT" > 
  at <VTUROOT>
[Vue warn]: Failed to resolve component: router-link
If this is a native custom element, make sure to exclude it from component resolution via compilerOptions.isCustomElement. 
  at <IconButton icon="trash" class="text-wp-error-100" is-loading=false  ... > 
  at <SettingsTable key=3 min-width="820px" > 
  at <Crons ref="VTU_COMPONENT" > 
  at <VTUROOT>
[Vue warn]: Failed to resolve component: router-link
If this is a native custom element, make sure to exclude it from component resolution via compilerOptions.isCustomElement. 
  at <IconButton icon="play-outline" is-loading=false title="Run now"  ... > 
  at <SettingsTable key=3 min-width="820px" > 
  at <Crons ref="VTU_COMPONENT" > 
  at <VTUROOT>
[Vue warn]: Failed to resolve component: router-link
If this is a native custom element, make sure to exclude it from component resolution via compilerOptions.isCustomElement. 
  at <IconButton icon="edit" title="Edit cron" onClick=fn<onClick> > 
  at <SettingsTable key=3 min-width="820px" > 
  at <Crons ref="VTU_COMPONENT" > 
  at <VTUROOT>
[Vue warn]: Failed to resolve component: router-link
If this is a native custom element, make sure to exclude it from component resolution via compilerOptions.isCustomElement. 
  at <IconButton icon="trash" class="text-wp-error-100" is-loading=false  ... > 
  at <SettingsTable key=3 min-width="820px" > 
  at <Crons ref="VTU_COMPONENT" > 
  at <VTUROOT>
[Vue warn]: Failed to resolve component: router-link
If this is a native custom element, make sure to exclude it from component resolution via compilerOptions.isCustomElement. 
  at <IconButton icon="play-outline" is-loading=false title="Run now"  ... > 
  at <SettingsTable key=3 min-width="820px" > 
  at <Crons ref="VTU_COMPONENT" > 
  at <VTUROOT>
[Vue warn]: Failed to resolve component: router-link
If this is a native custom element, make sure to exclude it from component resolution via compilerOptions.isCustomElement. 
  at <IconButton icon="edit" title="Edit cron" onClick=fn<onClick> > 
  at <SettingsTable key=3 min-width="820px" > 
  at <Crons ref="VTU_COMPONENT" > 
  at <VTUROOT>
[Vue warn]: Failed to resolve component: router-link
If this is a native custom element, make sure to exclude it from component resolution via compilerOptions.isCustomElement. 
  at <IconButton icon="trash" class="text-wp-error-100" is-loading=false  ... > 
  at <SettingsTable key=3 min-width="820px" > 
  at <Crons ref="VTU_COMPONENT" > 
  at <VTUROOT>
[Vue warn]: Failed to resolve component: router-link
If this is a native custom element, make sure to exclude it from component resolution via compilerOptions.isCustomElement. 
  at <IconButton icon="play-outline" is-loading=false title="Run now"  ... > 
  at <SettingsTable key=3 min-width="820px" > 
  at <Crons ref="VTU_COMPONENT" > 
  at <VTUROOT>
[Vue warn]: Failed to resolve component: router-link
If this is a native custom element, make sure to exclude it from component resolution via compilerOptions.isCustomElement. 
  at <IconButton icon="edit" title="Edit cron" onClick=fn<onClick> > 
  at <SettingsTable key=3 min-width="820px" > 
  at <Crons ref="VTU_COMPONENT" > 
  at <VTUROOT>
[Vue warn]: Failed to resolve component: router-link
If this is a native custom element, make sure to exclude it from component resolution via compilerOptions.isCustomElement. 
  at <IconButton icon="trash" class="text-wp-error-100" is-loading=false  ... > 
  at <SettingsTable key=3 min-width="820px" > 
  at <Crons ref="VTU_COMPONENT" > 
  at <VTUROOT>
[Vue warn]: Failed to resolve component: router-link
If this is a native custom element, make sure to exclude it from component resolution via compilerOptions.isCustomElement. 
  at <IconButton icon="play-outline" is-loading=false title="Run now"  ... > 
  at <SettingsTable key=3 min-width="820px" > 
  at <Crons ref="VTU_COMPONENT" > 
  at <VTUROOT>
[Vue warn]: Failed to resolve component: router-link
If this is a native custom element, make sure to exclude it from component resolution via compilerOptions.isCustomElement. 
  at <IconButton icon="edit" title="Edit cron" onClick=fn<onClick> > 
  at <SettingsTable key=3 min-width="820px" > 
  at <Crons ref="VTU_COMPONENT" > 
  at <VTUROOT>
[Vue warn]: Failed to resolve component: router-link
If this is a native custom element, make sure to exclude it from component resolution via compilerOptions.isCustomElement. 
  at <IconButton icon="trash" class="text-wp-error-100" is-loading=false  ... > 
  at <SettingsTable key=3 min-width="820px" > 
  at <Crons ref="VTU_COMPONENT" > 
  at <VTUROOT>
[Vue warn]: Failed to resolve component: router-link
If this is a native custom element, make sure to exclude it from component resolution via compilerOptions.isCustomElement. 
  at <IconButton icon="play-outline" is-loading=false title="Run now"  ... > 
  at <SettingsTable key=3 min-width="820px" > 
  at <Crons ref="VTU_COMPONENT" > 
  at <VTUROOT>
[Vue warn]: Failed to resolve component: router-link
If this is a native custom element, make sure to exclude it from component resolution via compilerOptions.isCustomElement. 
  at <IconButton icon="edit" title="Edit cron" onClick=fn<onClick> > 
  at <SettingsTable key=3 min-width="820px" > 
  at <Crons ref="VTU_COMPONENT" > 
  at <VTUROOT>
[Vue warn]: Failed to resolve component: router-link
If this is a native custom element, make sure to exclude it from component resolution via compilerOptions.isCustomElement. 
  at <IconButton icon="trash" class="text-wp-error-100" is-loading=false  ... > 
  at <SettingsTable key=3 min-width="820px" > 
  at <Crons ref="VTU_COMPONENT" > 
  at <VTUROOT>
[Vue warn]: Failed to resolve component: router-link
If this is a native custom element, make sure to exclude it from component resolution via compilerOptions.isCustomElement. 
  at <IconButton icon="play-outline" is-loading=false title="Run now"  ... > 
  at <SettingsTable key=3 min-width="820px" > 
  at <Crons ref="VTU_COMPONENT" > 
  at <VTUROOT>
[Vue warn]: Failed to resolve component: router-link
If this is a native custom element, make sure to exclude it from component resolution via compilerOptions.isCustomElement. 
  at <IconButton icon="edit" title="Edit cron" onClick=fn<onClick> > 
  at <SettingsTable key=3 min-width="820px" > 
  at <Crons ref="VTU_COMPONENT" > 
  at <VTUROOT>
[Vue warn]: Failed to resolve component: router-link
If this is a native custom element, make sure to exclude it from component resolution via compilerOptions.isCustomElement. 
  at <IconButton icon="trash" class="text-wp-error-100" is-loading=false  ... > 
  at <SettingsTable key=3 min-width="820px" > 
  at <Crons ref="VTU_COMPONENT" > 
  at <VTUROOT>
[Vue warn]: Failed to resolve component: router-link
If this is a native custom element, make sure to exclude it from component resolution via compilerOptions.isCustomElement. 
  at <IconButton icon="play-outline" is-loading=false title="Run now"  ... > 
  at <SettingsTable key=3 min-width="820px" > 
  at <Crons ref="VTU_COMPONENT" > 
  at <VTUROOT>
[Vue warn]: Failed to resolve component: router-link
If this is a native custom element, make sure to exclude it from component resolution via compilerOptions.isCustomElement. 
  at <IconButton icon="edit" title="Edit cron" onClick=fn<onClick> > 
  at <SettingsTable key=3 min-width="820px" > 
  at <Crons ref="VTU_COMPONENT" > 
  at <VTUROOT>
[Vue warn]: Failed to resolve component: router-link
If this is a native custom element, make sure to exclude it from component resolution via compilerOptions.isCustomElement. 
  at <IconButton icon="trash" class="text-wp-error-100" is-loading=false  ... > 
  at <SettingsTable key=3 min-width="820px" > 
  at <Crons ref="VTU_COMPONENT" > 
  at <VTUROOT>

stderr | src/components/admin/settings/forges/AdminForgeForm.test.ts > administration forge form > preserves the current fields and applies the existing type defaults
[intlify] Not found parent scope. use the global scope.

stderr | src/i18nVisibleStrings.test.ts > visible-string localization > falls back to English when the active locale has no message
[intlify] Not found 'ops.server.cpu' key in 'zh' locale messages.
[intlify] Fall back to translate 'ops.server.cpu' key with 'en' locale.
[intlify] Not found 'cancel' key in 'zh' locale messages.
[intlify] Fall back to translate 'cancel' key with 'en' locale.

stderr | src/components/admin/settings/forges/AdminForgeForm.test.ts > administration forge form > keeps a customized URL when the forge type changes
[intlify] Not found parent scope. use the global scope.

stderr | src/components/admin/settings/forges/AdminForgeForm.test.ts > administration forge form > preserves existing additional options for GitHub and addon forges
[intlify] Not found parent scope. use the global scope.

stderr | src/components/admin/settings/forges/AdminForgeForm.test.ts > administration forge form > normalizes URL and OAuth host before emitting submit
[intlify] Not found parent scope. use the global scope.

stderr | src/components/admin/settings/forges/AdminForgeForm.test.ts > administration forge form > clears an OAuth host that exactly matches the normalized forge URL
[intlify] Not found parent scope. use the global scope.

stderr | src/views/repo/settings/General.test.ts > repository general settings > submits only the established RepoSettings payload and reloads confirmed state
[intlify] Not found parent scope. use the global scope.

stderr | src/views/repo/settings/General.test.ts > repository general settings > replaces the editable snapshot before submitting a different repository
[intlify] Not found parent scope. use the global scope.

stderr | src/views/repo/settings/General.test.ts > repository general settings > does not reload or notify when an obsolete save succeeds after returning to the same repository
[intlify] Not found parent scope. use the global scope.

stderr | src/views/repo/settings/General.test.ts > repository general settings > does not reload or notify when an obsolete save rejects after returning to the same repository
[intlify] Not found parent scope. use the global scope.

stderr | src/views/repo/RepoManualPipeline.test.ts > repository manual pipeline > reloads on repository changes and ignores an obsolete branch response
TypeError: Cannot read properties of undefined (reading 'number')
    at /Volumes/zwl/open_sources/woodpecker-main/web/src/views/repo/RepoManualPipeline.vue:199:28
    at Proxy.doSubmit (/Volumes/zwl/open_sources/woodpecker-main/web/src/compositions/useAsyncAction.ts:16:7)

stderr | src/views/user/UserGeneral.test.ts > user account preferences > renders real identity fields as read-only presentation and existing preferences only
[Vue warn]: Failed setting prop "options" on <select>: value [object Object],[object Object],[object Object],[object Object],[object Object],[object Object],[object Object],[object Object],[object Object],[object Object],[object Object],[object Object],[object Object],[object Object],[object Object],[object Object],[object Object],[object Object],[object Object],[object Object],[object Object],[object Object],[object Object],[object Object],[object Object],[object Object],[object Object] is invalid. TypeError: 'set' on proxy: trap returned falsish for property 'options'
    at patchDOMProp (/Users/wenliang_zeng/.cache/woodpecker-web-vstore/@vue+runtime-dom@3.5.41/node_modules/@vue/runtime-dom/dist/runtime-dom.cjs.js:618:13)
    at patchProp (/Users/wenliang_zeng/.cache/woodpecker-web-vstore/@vue+runtime-dom@3.5.41/node_modules/@vue/runtime-dom/dist/runtime-dom.cjs.js:739:5)
    at mountElement (/Users/wenliang_zeng/.cache/woodpecker-web-vstore/@vue+runtime-core@3.5.41/node_modules/@vue/runtime-core/dist/runtime-core.cjs.js:5711:11)
    at processElement (/Users/wenliang_zeng/.cache/woodpecker-web-vstore/@vue+runtime-core@3.5.41/node_modules/@vue/runtime-core/dist/runtime-core.cjs.js:5648:7)
    at patch (/Users/wenliang_zeng/.cache/woodpecker-web-vstore/@vue+runtime-core@3.5.41/node_modules/@vue/runtime-core/dist/runtime-core.cjs.js:5514:11)
    at ReactiveEffect.componentUpdateFn [as fn] (/Users/wenliang_zeng/.cache/woodpecker-web-vstore/@vue+runtime-core@3.5.41/node_modules/@vue/runtime-core/dist/runtime-core.cjs.js:6169:11)
    at ReactiveEffect.run (/Users/wenliang_zeng/.cache/woodpecker-web-vstore/@vue+reactivity@3.5.41/node_modules/@vue/reactivity/dist/reactivity.cjs.js:268:19)
    at setupRenderEffect (/Users/wenliang_zeng/.cache/woodpecker-web-vstore/@vue+runtime-core@3.5.41/node_modules/@vue/runtime-core/dist/runtime-core.cjs.js:6297:5)
    at mountComponent (/Users/wenliang_zeng/.cache/woodpecker-web-vstore/@vue+runtime-core@3.5.41/node_modules/@vue/runtime-core/dist/runtime-core.cjs.js:6069:7)
    at processComponent (/Users/wenliang_zeng/.cache/woodpecker-web-vstore/@vue+runtime-core@3.5.41/node_modules/@vue/runtime-core/dist/runtime-core.cjs.js:6021:9) 
  at <Anonymous modelValue="en" onUpdate:modelValue=fn class="min-w-44"  ... > 
  at <SettingsActionRow title="Language" description="Choose the language used by this browser." > 
  at <SettingsSection title="Interface preferences" description="These settings apply locally without changing your Forge profile." > 
  at <UserGeneral ref="VTU_COMPONENT" > 
  at <VTUROOT>
[Vue warn]: Failed setting prop "options" on <select>: value [object Object],[object Object],[object Object] is invalid. TypeError: 'set' on proxy: trap returned falsish for property 'options'
    at patchDOMProp (/Users/wenliang_zeng/.cache/woodpecker-web-vstore/@vue+runtime-dom@3.5.41/node_modules/@vue/runtime-dom/dist/runtime-dom.cjs.js:618:13)
    at patchProp (/Users/wenliang_zeng/.cache/woodpecker-web-vstore/@vue+runtime-dom@3.5.41/node_modules/@vue/runtime-dom/dist/runtime-dom.cjs.js:739:5)
    at mountElement (/Users/wenliang_zeng/.cache/woodpecker-web-vstore/@vue+runtime-core@3.5.41/node_modules/@vue/runtime-core/dist/runtime-core.cjs.js:5711:11)
    at processElement (/Users/wenliang_zeng/.cache/woodpecker-web-vstore/@vue+runtime-core@3.5.41/node_modules/@vue/runtime-core/dist/runtime-core.cjs.js:5648:7)
    at patch (/Users/wenliang_zeng/.cache/woodpecker-web-vstore/@vue+runtime-core@3.5.41/node_modules/@vue/runtime-core/dist/runtime-core.cjs.js:5514:11)
    at ReactiveEffect.componentUpdateFn [as fn] (/Users/wenliang_zeng/.cache/woodpecker-web-vstore/@vue+runtime-core@3.5.41/node_modules/@vue/runtime-core/dist/runtime-core.cjs.js:6169:11)
    at ReactiveEffect.run (/Users/wenliang_zeng/.cache/woodpecker-web-vstore/@vue+reactivity@3.5.41/node_modules/@vue/reactivity/dist/reactivity.cjs.js:268:19)
    at setupRenderEffect (/Users/wenliang_zeng/.cache/woodpecker-web-vstore/@vue+runtime-core@3.5.41/node_modules/@vue/runtime-core/dist/runtime-core.cjs.js:6297:5)
    at mountComponent (/Users/wenliang_zeng/.cache/woodpecker-web-vstore/@vue+runtime-core@3.5.41/node_modules/@vue/runtime-core/dist/runtime-core.cjs.js:6069:7)
    at processComponent (/Users/wenliang_zeng/.cache/woodpecker-web-vstore/@vue+runtime-core@3.5.41/node_modules/@vue/runtime-core/dist/runtime-core.cjs.js:6021:9) 
  at <Anonymous modelValue="auto" onUpdate:modelValue=fn class="min-w-36"  ... > 
  at <SettingsActionRow title="Theme" description="Follow the system theme or select a fixed appearance." > 
  at <SettingsSection title="Interface preferences" description="These settings apply locally without changing your Forge profile." > 
  at <UserGeneral ref="VTU_COMPONENT" > 
  at <VTUROOT>

stderr | src/views/admin/AdminInfo.test.ts > administration overview > shows truthful version data and links to existing administration destinations
[intlify] Not found parent scope. use the global scope.
[intlify] Not found parent scope. use the global scope.

<script src="/web-config.js"> in "/index.html" can't be bundled without type="module" attribute
<script src="/assets/custom.js"> in "/index.html" can't be bundled without type="module" attribute
[33m[PLUGIN_TIMINGS] [0mYour build spent 92% of 4.1s inside plugin hooks (3.8s).
Not measurable — 2 hooks whose calls overlap, so elapsed time covers work other calls were doing. Profile with `node --cpu-prof`:
  - @tailwindcss/vite:generate:build transform (68 calls)
  - unplugin-vue-i18n:resource load (491 calls)
See https://rolldown.rs/reference/InputOptions.checks#plugintimings for more details.


[domain] static: PASS — whole-tree Prettier/ESLint/vue-tsc/Vite build/git diff --check

## Full Vitest
1) Please add `WOODPECKER_DEV_WWW_PROXY=http://localhost:8010` to your `.env` file.
2) Start the Woodpecker server
3) If you want to run the vite dev server (`pnpm start`) within a container please set `VITE_DEV_SERVER_HOST=0.0.0.0`.

  🚀 Access the UI at http://localhost:8000/

 RUN  v4.1.10 /Volumes/zwl/open_sources/woodpecker-main/web

··································································································································································································································································································································································································································································································································································································································

 Test Files  110 passed (110)
      Tests  610 passed (610)
   Start at  15:38:18
   Duration  28.11s (transform 25.02s, setup 0ms, import 67.52s, tests 21.54s, environment 83.45s)

stderr | src/views/repo/settings/Registries.test.ts > repository registries settings > preserves repository precedence, readonly state, and inherited boundaries
[Vue warn]: Failed to resolve component: router-link
If this is a native custom element, make sure to exclude it from component resolution via compilerOptions.isCustomElement. 
  at <IconButton icon="edit" title="Edit registry" onClick=fn<onClick> > 
  at <SettingsTable key=3 min-width="660px" > 
  at <Registries ref="VTU_COMPONENT" > 
  at <VTUROOT>
[Vue warn]: Failed to resolve component: router-link
If this is a native custom element, make sure to exclude it from component resolution via compilerOptions.isCustomElement. 
  at <IconButton key=0 icon="trash" class="text-wp-error-100"  ... > 
  at <SettingsTable key=3 min-width="660px" > 
  at <Registries ref="VTU_COMPONENT" > 
  at <VTUROOT>
[Vue warn]: Failed to resolve component: router-link
If this is a native custom element, make sure to exclude it from component resolution via compilerOptions.isCustomElement. 
  at <IconButton icon="chevron-right" title="View registry" onClick=fn<onClick> > 
  at <SettingsTable key=3 min-width="660px" > 
  at <Registries ref="VTU_COMPONENT" > 
  at <VTUROOT>

stderr | src/views/repo/settings/Crons.test.ts > repository cron settings > renders real cron fields and navigates after a server-confirmed run
[Vue warn]: Failed to resolve component: router-link
If this is a native custom element, make sure to exclude it from component resolution via compilerOptions.isCustomElement. 
  at <IconButton icon="play-outline" is-loading=false title="Run now"  ... > 
  at <SettingsTable key=3 min-width="820px" > 
  at <Crons ref="VTU_COMPONENT" > 
  at <VTUROOT>
[Vue warn]: Failed to resolve component: router-link
If this is a native custom element, make sure to exclude it from component resolution via compilerOptions.isCustomElement. 
  at <IconButton icon="edit" title="Edit cron" onClick=fn<onClick> > 
  at <SettingsTable key=3 min-width="820px" > 
  at <Crons ref="VTU_COMPONENT" > 
  at <VTUROOT>
[Vue warn]: Failed to resolve component: router-link
If this is a native custom element, make sure to exclude it from component resolution via compilerOptions.isCustomElement. 
  at <IconButton icon="trash" class="text-wp-error-100" is-loading=false  ... > 
  at <SettingsTable key=3 min-width="820px" > 
  at <Crons ref="VTU_COMPONENT" > 
  at <VTUROOT>

stderr | src/views/repo/settings/Crons.test.ts > repository cron settings > renders real cron fields and navigates after a server-confirmed run
[Vue warn]: Failed to resolve component: router-link
If this is a native custom element, make sure to exclude it from component resolution via compilerOptions.isCustomElement. 
  at <IconButton icon="play-outline" is-loading=true title="Run now"  ... > 
  at <SettingsTable key=3 min-width="820px" > 
  at <Crons ref="VTU_COMPONENT" > 
  at <VTUROOT>
[Vue warn]: Failed to resolve component: router-link
If this is a native custom element, make sure to exclude it from component resolution via compilerOptions.isCustomElement. 
  at <IconButton icon="edit" title="Edit cron" onClick=fn<onClick> > 
  at <SettingsTable key=3 min-width="820px" > 
  at <Crons ref="VTU_COMPONENT" > 
  at <VTUROOT>
[Vue warn]: Failed to resolve component: router-link
If this is a native custom element, make sure to exclude it from component resolution via compilerOptions.isCustomElement. 
  at <IconButton icon="trash" class="text-wp-error-100" is-loading=false  ... > 
  at <SettingsTable key=3 min-width="820px" > 
  at <Crons ref="VTU_COMPONENT" > 
  at <VTUROOT>

stderr | src/views/repo/settings/Crons.test.ts > repository cron settings > renders real cron fields and navigates after a server-confirmed run
[Vue warn]: Failed to resolve component: router-link
If this is a native custom element, make sure to exclude it from component resolution via compilerOptions.isCustomElement. 
  at <IconButton icon="play-outline" is-loading=false title="Run now"  ... > 
  at <SettingsTable key=3 min-width="820px" > 
  at <Crons ref="VTU_COMPONENT" > 
  at <VTUROOT>
[Vue warn]: Failed to resolve component: router-link
If this is a native custom element, make sure to exclude it from component resolution via compilerOptions.isCustomElement. 
  at <IconButton icon="edit" title="Edit cron" onClick=fn<onClick> > 
  at <SettingsTable key=3 min-width="820px" > 
  at <Crons ref="VTU_COMPONENT" > 
  at <VTUROOT>
[Vue warn]: Failed to resolve component: router-link
If this is a native custom element, make sure to exclude it from component resolution via compilerOptions.isCustomElement. 
  at <IconButton icon="trash" class="text-wp-error-100" is-loading=false  ... > 
  at <SettingsTable key=3 min-width="820px" > 
  at <Crons ref="VTU_COMPONENT" > 
  at <VTUROOT>

stderr | src/views/repo/settings/Registries.test.ts > repository registries settings > preserves confirmed rows when a page-two reset starts a rejected page-one load asynchronously
[Vue warn]: Failed to resolve component: router-link
If this is a native custom element, make sure to exclude it from component resolution via compilerOptions.isCustomElement. 
  at <IconButton icon="edit" title="Edit registry" onClick=fn<onClick> > 
  at <SettingsTable key=3 min-width="660px" > 
  at <Registries ref="VTU_COMPONENT" > 
  at <VTUROOT>
[Vue warn]: Failed to resolve component: router-link
If this is a native custom element, make sure to exclude it from component resolution via compilerOptions.isCustomElement. 
  at <IconButton key=0 icon="trash" class="text-wp-error-100"  ... > 
  at <SettingsTable key=3 min-width="660px" > 
  at <Registries ref="VTU_COMPONENT" > 
  at <VTUROOT>
[Vue warn]: Failed to resolve component: router-link
If this is a native custom element, make sure to exclude it from component resolution via compilerOptions.isCustomElement. 
  at <IconButton icon="edit" title="Edit registry" onClick=fn<onClick> > 
  at <SettingsTable key=3 min-width="660px" > 
  at <Registries ref="VTU_COMPONENT" > 
  at <VTUROOT>
[Vue warn]: Failed to resolve component: router-link
If this is a native custom element, make sure to exclude it from component resolution via compilerOptions.isCustomElement. 
  at <IconButton key=0 icon="trash" class="text-wp-error-100"  ... > 
  at <SettingsTable key=3 min-width="660px" > 
  at <Registries ref="VTU_COMPONENT" > 
  at <VTUROOT>

stderr | src/views/repo/settings/Crons.test.ts > repository cron settings > preserves direct execution for an inactive cron
[Vue warn]: Failed to resolve component: router-link
If this is a native custom element, make sure to exclude it from component resolution via compilerOptions.isCustomElement. 
  at <IconButton icon="play-outline" is-loading=false title="Run now"  ... > 
  at <SettingsTable key=3 min-width="820px" > 
  at <Crons ref="VTU_COMPONENT" > 
  at <VTUROOT>
[Vue warn]: Failed to resolve component: router-link
If this is a native custom element, make sure to exclude it from component resolution via compilerOptions.isCustomElement. 
  at <IconButton icon="edit" title="Edit cron" onClick=fn<onClick> > 
  at <SettingsTable key=3 min-width="820px" > 
  at <Crons ref="VTU_COMPONENT" > 
  at <VTUROOT>
[Vue warn]: Failed to resolve component: router-link
If this is a native custom element, make sure to exclude it from component resolution via compilerOptions.isCustomElement. 
  at <IconButton icon="trash" class="text-wp-error-100" is-loading=false  ... > 
  at <SettingsTable key=3 min-width="820px" > 
  at <Crons ref="VTU_COMPONENT" > 
  at <VTUROOT>
[Vue warn]: Failed to resolve component: router-link
If this is a native custom element, make sure to exclude it from component resolution via compilerOptions.isCustomElement. 
  at <IconButton icon="play-outline" is-loading=false title="Run now"  ... > 
  at <SettingsTable key=3 min-width="820px" > 
  at <Crons ref="VTU_COMPONENT" > 
  at <VTUROOT>
[Vue warn]: Failed to resolve component: router-link
If this is a native custom element, make sure to exclude it from component resolution via compilerOptions.isCustomElement. 
  at <IconButton icon="edit" title="Edit cron" onClick=fn<onClick> > 
  at <SettingsTable key=3 min-width="820px" > 
  at <Crons ref="VTU_COMPONENT" > 
  at <VTUROOT>
[Vue warn]: Failed to resolve component: router-link
If this is a native custom element, make sure to exclude it from component resolution via compilerOptions.isCustomElement. 
  at <IconButton icon="trash" class="text-wp-error-100" is-loading=false  ... > 
  at <SettingsTable key=3 min-width="820px" > 
  at <Crons ref="VTU_COMPONENT" > 
  at <VTUROOT>
[Vue warn]: Failed to resolve component: router-link
If this is a native custom element, make sure to exclude it from component resolution via compilerOptions.isCustomElement. 
  at <IconButton icon="play-outline" is-loading=true title="Run now"  ... > 
  at <SettingsTable key=3 min-width="820px" > 
  at <Crons ref="VTU_COMPONENT" > 
  at <VTUROOT>
[Vue warn]: Failed to resolve component: router-link
If this is a native custom element, make sure to exclude it from component resolution via compilerOptions.isCustomElement. 
  at <IconButton icon="edit" title="Edit cron" onClick=fn<onClick> > 
  at <SettingsTable key=3 min-width="820px" > 
  at <Crons ref="VTU_COMPONENT" > 
  at <VTUROOT>
[Vue warn]: Failed to resolve component: router-link
If this is a native custom element, make sure to exclude it from component resolution via compilerOptions.isCustomElement. 
  at <IconButton icon="trash" class="text-wp-error-100" is-loading=false  ... > 
  at <SettingsTable key=3 min-width="820px" > 
  at <Crons ref="VTU_COMPONENT" > 
  at <VTUROOT>

stderr | src/views/repo/settings/Crons.test.ts > repository cron settings > preserves direct execution for an inactive cron
[Vue warn]: Failed to resolve component: router-link
If this is a native custom element, make sure to exclude it from component resolution via compilerOptions.isCustomElement. 
  at <IconButton icon="play-outline" is-loading=false title="Run now"  ... > 
  at <SettingsTable key=3 min-width="820px" > 
  at <Crons ref="VTU_COMPONENT" > 
  at <VTUROOT>
[Vue warn]: Failed to resolve component: router-link
If this is a native custom element, make sure to exclude it from component resolution via compilerOptions.isCustomElement. 
  at <IconButton icon="edit" title="Edit cron" onClick=fn<onClick> > 
  at <SettingsTable key=3 min-width="820px" > 
  at <Crons ref="VTU_COMPONENT" > 
  at <VTUROOT>
[Vue warn]: Failed to resolve component: router-link
If this is a native custom element, make sure to exclude it from component resolution via compilerOptions.isCustomElement. 
  at <IconButton icon="trash" class="text-wp-error-100" is-loading=false  ... > 
  at <SettingsTable key=3 min-width="820px" > 
  at <Crons ref="VTU_COMPONENT" > 
  at <VTUROOT>

stderr | src/views/repo/settings/Registries.test.ts > repository registries settings > discards an obsolete fulfilled refresh after the repository changes
[Vue warn]: Failed to resolve component: router-link
If this is a native custom element, make sure to exclude it from component resolution via compilerOptions.isCustomElement. 
  at <IconButton icon="edit" title="Edit registry" onClick=fn<onClick> > 
  at <SettingsTable key=3 min-width="660px" > 
  at <Registries ref="VTU_COMPONENT" > 
  at <VTUROOT>
[Vue warn]: Failed to resolve component: router-link
If this is a native custom element, make sure to exclude it from component resolution via compilerOptions.isCustomElement. 
  at <IconButton key=0 icon="trash" class="text-wp-error-100"  ... > 
  at <SettingsTable key=3 min-width="660px" > 
  at <Registries ref="VTU_COMPONENT" > 
  at <VTUROOT>
[Vue warn]: Failed to resolve component: router-link
If this is a native custom element, make sure to exclude it from component resolution via compilerOptions.isCustomElement. 
  at <IconButton icon="edit" title="Edit registry" onClick=fn<onClick> > 
  at <SettingsTable key=3 min-width="660px" > 
  at <Registries ref="VTU_COMPONENT" > 
  at <VTUROOT>
[Vue warn]: Failed to resolve component: router-link
If this is a native custom element, make sure to exclude it from component resolution via compilerOptions.isCustomElement. 
  at <IconButton key=0 icon="trash" class="text-wp-error-100"  ... > 
  at <SettingsTable key=3 min-width="660px" > 
  at <Registries ref="VTU_COMPONENT" > 
  at <VTUROOT>

stderr | src/views/repo/settings/Registries.test.ts > repository registries settings > discards an obsolete fulfilled refresh after the repository changes
[Vue warn]: Failed to resolve component: router-link
If this is a native custom element, make sure to exclude it from component resolution via compilerOptions.isCustomElement. 
  at <IconButton icon="edit" title="Edit registry" onClick=fn<onClick> > 
  at <SettingsTable key=3 min-width="660px" > 
  at <Registries ref="VTU_COMPONENT" > 
  at <VTUROOT>
[Vue warn]: Failed to resolve component: router-link
If this is a native custom element, make sure to exclude it from component resolution via compilerOptions.isCustomElement. 
  at <IconButton key=0 icon="trash" class="text-wp-error-100"  ... > 
  at <SettingsTable key=3 min-width="660px" > 
  at <Registries ref="VTU_COMPONENT" > 
  at <VTUROOT>
[Vue warn]: Failed to resolve component: router-link
If this is a native custom element, make sure to exclude it from component resolution via compilerOptions.isCustomElement. 
  at <IconButton icon="edit" title="Edit registry" onClick=fn<onClick> > 
  at <SettingsTable key=3 min-width="660px" > 
  at <Registries ref="VTU_COMPONENT" > 
  at <VTUROOT>
[Vue warn]: Failed to resolve component: router-link
If this is a native custom element, make sure to exclude it from component resolution via compilerOptions.isCustomElement. 
  at <IconButton key=0 icon="trash" class="text-wp-error-100"  ... > 
  at <SettingsTable key=3 min-width="660px" > 
  at <Registries ref="VTU_COMPONENT" > 
  at <VTUROOT>
[Vue warn]: Failed to resolve component: router-link
If this is a native custom element, make sure to exclude it from component resolution via compilerOptions.isCustomElement. 
  at <IconButton icon="edit" title="Edit registry" onClick=fn<onClick> > 
  at <SettingsTable key=3 min-width="660px" > 
  at <Registries ref="VTU_COMPONENT" > 
  at <VTUROOT>
[Vue warn]: Failed to resolve component: router-link
If this is a native custom element, make sure to exclude it from component resolution via compilerOptions.isCustomElement. 
  at <IconButton key=0 icon="trash" class="text-wp-error-100"  ... > 
  at <SettingsTable key=3 min-width="660px" > 
  at <Registries ref="VTU_COMPONENT" > 
  at <VTUROOT>

stderr | src/views/repo/settings/Registries.test.ts > repository registries settings > ignores an obsolete rejected refresh after the repository changes
[Vue warn]: Failed to resolve component: router-link
If this is a native custom element, make sure to exclude it from component resolution via compilerOptions.isCustomElement. 
  at <IconButton icon="edit" title="Edit registry" onClick=fn<onClick> > 
  at <SettingsTable key=3 min-width="660px" > 
  at <Registries ref="VTU_COMPONENT" > 
  at <VTUROOT>
[Vue warn]: Failed to resolve component: router-link
If this is a native custom element, make sure to exclude it from component resolution via compilerOptions.isCustomElement. 
  at <IconButton key=0 icon="trash" class="text-wp-error-100"  ... > 
  at <SettingsTable key=3 min-width="660px" > 
  at <Registries ref="VTU_COMPONENT" > 
  at <VTUROOT>
[Vue warn]: Failed to resolve component: router-link
If this is a native custom element, make sure to exclude it from component resolution via compilerOptions.isCustomElement. 
  at <IconButton icon="edit" title="Edit registry" onClick=fn<onClick> > 
  at <SettingsTable key=3 min-width="660px" > 
  at <Registries ref="VTU_COMPONENT" > 
  at <VTUROOT>
[Vue warn]: Failed to resolve component: router-link
If this is a native custom element, make sure to exclude it from component resolution via compilerOptions.isCustomElement. 
  at <IconButton key=0 icon="trash" class="text-wp-error-100"  ... > 
  at <SettingsTable key=3 min-width="660px" > 
  at <Registries ref="VTU_COMPONENT" > 
  at <VTUROOT>

stderr | src/views/repo/settings/Crons.test.ts > repository cron settings > preserves confirmed rows when a page-two reset starts a rejected page-one load asynchronously
[Vue warn]: Failed to resolve component: router-link
If this is a native custom element, make sure to exclude it from component resolution via compilerOptions.isCustomElement. 
  at <IconButton icon="play-outline" is-loading=false title="Run now"  ... > 
  at <SettingsTable key=3 min-width="820px" > 
  at <Crons ref="VTU_COMPONENT" > 
  at <VTUROOT>
[Vue warn]: Failed to resolve component: router-link
If this is a native custom element, make sure to exclude it from component resolution via compilerOptions.isCustomElement. 
  at <IconButton icon="edit" title="Edit cron" onClick=fn<onClick> > 
  at <SettingsTable key=3 min-width="820px" > 
  at <Crons ref="VTU_COMPONENT" > 
  at <VTUROOT>
[Vue warn]: Failed to resolve component: router-link
If this is a native custom element, make sure to exclude it from component resolution via compilerOptions.isCustomElement. 
  at <IconButton icon="trash" class="text-wp-error-100" is-loading=false  ... > 
  at <SettingsTable key=3 min-width="820px" > 
  at <Crons ref="VTU_COMPONENT" > 
  at <VTUROOT>
[Vue warn]: Failed to resolve component: router-link
If this is a native custom element, make sure to exclude it from component resolution via compilerOptions.isCustomElement. 
  at <IconButton icon="play-outline" is-loading=false title="Run now"  ... > 
  at <SettingsTable key=3 min-width="820px" > 
  at <Crons ref="VTU_COMPONENT" > 
  at <VTUROOT>
[Vue warn]: Failed to resolve component: router-link
If this is a native custom element, make sure to exclude it from component resolution via compilerOptions.isCustomElement. 
  at <IconButton icon="edit" title="Edit cron" onClick=fn<onClick> > 
  at <SettingsTable key=3 min-width="820px" > 
  at <Crons ref="VTU_COMPONENT" > 
  at <VTUROOT>
[Vue warn]: Failed to resolve component: router-link
If this is a native custom element, make sure to exclude it from component resolution via compilerOptions.isCustomElement. 
  at <IconButton icon="trash" class="text-wp-error-100" is-loading=false  ... > 
  at <SettingsTable key=3 min-width="820px" > 
  at <Crons ref="VTU_COMPONENT" > 
  at <VTUROOT>

stderr | src/views/repo/settings/Registries.test.ts > repository registries settings > ignores an obsolete rejected refresh after the repository changes
[Vue warn]: Failed to resolve component: router-link
If this is a native custom element, make sure to exclude it from component resolution via compilerOptions.isCustomElement. 
  at <IconButton icon="edit" title="Edit registry" onClick=fn<onClick> > 
  at <SettingsTable key=3 min-width="660px" > 
  at <Registries ref="VTU_COMPONENT" > 
  at <VTUROOT>
[Vue warn]: Failed to resolve component: router-link
If this is a native custom element, make sure to exclude it from component resolution via compilerOptions.isCustomElement. 
  at <IconButton key=0 icon="trash" class="text-wp-error-100"  ... > 
  at <SettingsTable key=3 min-width="660px" > 
  at <Registries ref="VTU_COMPONENT" > 
  at <VTUROOT>
[Vue warn]: Failed to resolve component: router-link
If this is a native custom element, make sure to exclude it from component resolution via compilerOptions.isCustomElement. 
  at <IconButton icon="edit" title="Edit registry" onClick=fn<onClick> > 
  at <SettingsTable key=3 min-width="660px" > 
  at <Registries ref="VTU_COMPONENT" > 
  at <VTUROOT>
[Vue warn]: Failed to resolve component: router-link
If this is a native custom element, make sure to exclude it from component resolution via compilerOptions.isCustomElement. 
  at <IconButton key=0 icon="trash" class="text-wp-error-100"  ... > 
  at <SettingsTable key=3 min-width="660px" > 
  at <Registries ref="VTU_COMPONENT" > 
  at <VTUROOT>
[Vue warn]: Failed to resolve component: router-link
If this is a native custom element, make sure to exclude it from component resolution via compilerOptions.isCustomElement. 
  at <IconButton icon="edit" title="Edit registry" onClick=fn<onClick> > 
  at <SettingsTable key=3 min-width="660px" > 
  at <Registries ref="VTU_COMPONENT" > 
  at <VTUROOT>
[Vue warn]: Failed to resolve component: router-link
If this is a native custom element, make sure to exclude it from component resolution via compilerOptions.isCustomElement. 
  at <IconButton key=0 icon="trash" class="text-wp-error-100"  ... > 
  at <SettingsTable key=3 min-width="660px" > 
  at <Registries ref="VTU_COMPONENT" > 
  at <VTUROOT>
[Vue warn]: Failed to resolve component: router-link
If this is a native custom element, make sure to exclude it from component resolution via compilerOptions.isCustomElement. 
  at <IconButton icon="edit" title="Edit registry" onClick=fn<onClick> > 
  at <SettingsTable key=3 min-width="660px" > 
  at <Registries ref="VTU_COMPONENT" > 
  at <VTUROOT>
[Vue warn]: Failed to resolve component: router-link
If this is a native custom element, make sure to exclude it from component resolution via compilerOptions.isCustomElement. 
  at <IconButton key=0 icon="trash" class="text-wp-error-100"  ... > 
  at <SettingsTable key=3 min-width="660px" > 
  at <Registries ref="VTU_COMPONENT" > 
  at <VTUROOT>

stderr | src/views/repo/settings/Crons.test.ts > repository cron settings > discards an obsolete fulfilled refresh after the repository changes
[Vue warn]: Failed to resolve component: router-link
If this is a native custom element, make sure to exclude it from component resolution via compilerOptions.isCustomElement. 
  at <IconButton icon="play-outline" is-loading=false title="Run now"  ... > 
  at <SettingsTable key=3 min-width="820px" > 
  at <Crons ref="VTU_COMPONENT" > 
  at <VTUROOT>
[Vue warn]: Failed to resolve component: router-link
If this is a native custom element, make sure to exclude it from component resolution via compilerOptions.isCustomElement. 
  at <IconButton icon="edit" title="Edit cron" onClick=fn<onClick> > 
  at <SettingsTable key=3 min-width="820px" > 
  at <Crons ref="VTU_COMPONENT" > 
  at <VTUROOT>
[Vue warn]: Failed to resolve component: router-link
If this is a native custom element, make sure to exclude it from component resolution via compilerOptions.isCustomElement. 
  at <IconButton icon="trash" class="text-wp-error-100" is-loading=false  ... > 
  at <SettingsTable key=3 min-width="820px" > 
  at <Crons ref="VTU_COMPONENT" > 
  at <VTUROOT>
[Vue warn]: Failed to resolve component: router-link
If this is a native custom element, make sure to exclude it from component resolution via compilerOptions.isCustomElement. 
  at <IconButton icon="play-outline" is-loading=false title="Run now"  ... > 
  at <SettingsTable key=3 min-width="820px" > 
  at <Crons ref="VTU_COMPONENT" > 
  at <VTUROOT>
[Vue warn]: Failed to resolve component: router-link
If this is a native custom element, make sure to exclude it from component resolution via compilerOptions.isCustomElement. 
  at <IconButton icon="edit" title="Edit cron" onClick=fn<onClick> > 
  at <SettingsTable key=3 min-width="820px" > 
  at <Crons ref="VTU_COMPONENT" > 
  at <VTUROOT>
[Vue warn]: Failed to resolve component: router-link
If this is a native custom element, make sure to exclude it from component resolution via compilerOptions.isCustomElement. 
  at <IconButton icon="trash" class="text-wp-error-100" is-loading=false  ... > 
  at <SettingsTable key=3 min-width="820px" > 
  at <Crons ref="VTU_COMPONENT" > 
  at <VTUROOT>

stderr | src/views/repo/settings/Registries.test.ts > repository registries settings > ignores an obsolete rejection after returning to the same repository
[Vue warn]: Failed to resolve component: router-link
If this is a native custom element, make sure to exclude it from component resolution via compilerOptions.isCustomElement. 
  at <IconButton icon="edit" title="Edit registry" onClick=fn<onClick> > 
  at <SettingsTable key=3 min-width="660px" > 
  at <Registries ref="VTU_COMPONENT" > 
  at <VTUROOT>
[Vue warn]: Failed to resolve component: router-link
If this is a native custom element, make sure to exclude it from component resolution via compilerOptions.isCustomElement. 
  at <IconButton key=0 icon="trash" class="text-wp-error-100"  ... > 
  at <SettingsTable key=3 min-width="660px" > 
  at <Registries ref="VTU_COMPONENT" > 
  at <VTUROOT>
[Vue warn]: Failed to resolve component: router-link
If this is a native custom element, make sure to exclude it from component resolution via compilerOptions.isCustomElement. 
  at <IconButton icon="edit" title="Edit registry" onClick=fn<onClick> > 
  at <SettingsTable key=3 min-width="660px" > 
  at <Registries ref="VTU_COMPONENT" > 
  at <VTUROOT>
[Vue warn]: Failed to resolve component: router-link
If this is a native custom element, make sure to exclude it from component resolution via compilerOptions.isCustomElement. 
  at <IconButton key=0 icon="trash" class="text-wp-error-100"  ... > 
  at <SettingsTable key=3 min-width="660px" > 
  at <Registries ref="VTU_COMPONENT" > 
  at <VTUROOT>

stderr | src/views/repo/settings/Registries.test.ts > repository registries settings > ignores an obsolete rejection after returning to the same repository
[Vue warn]: Failed to resolve component: router-link
If this is a native custom element, make sure to exclude it from component resolution via compilerOptions.isCustomElement. 
  at <IconButton icon="edit" title="Edit registry" onClick=fn<onClick> > 
  at <SettingsTable key=3 min-width="660px" > 
  at <Registries ref="VTU_COMPONENT" > 
  at <VTUROOT>
[Vue warn]: Failed to resolve component: router-link
If this is a native custom element, make sure to exclude it from component resolution via compilerOptions.isCustomElement. 
  at <IconButton key=0 icon="trash" class="text-wp-error-100"  ... > 
  at <SettingsTable key=3 min-width="660px" > 
  at <Registries ref="VTU_COMPONENT" > 
  at <VTUROOT>
[Vue warn]: Failed to resolve component: router-link
If this is a native custom element, make sure to exclude it from component resolution via compilerOptions.isCustomElement. 
  at <IconButton icon="edit" title="Edit registry" onClick=fn<onClick> > 
  at <SettingsTable key=3 min-width="660px" > 
  at <Registries ref="VTU_COMPONENT" > 
  at <VTUROOT>
[Vue warn]: Failed to resolve component: router-link
If this is a native custom element, make sure to exclude it from component resolution via compilerOptions.isCustomElement. 
  at <IconButton key=0 icon="trash" class="text-wp-error-100"  ... > 
  at <SettingsTable key=3 min-width="660px" > 
  at <Registries ref="VTU_COMPONENT" > 
  at <VTUROOT>
[Vue warn]: Failed to resolve component: router-link
If this is a native custom element, make sure to exclude it from component resolution via compilerOptions.isCustomElement. 
  at <IconButton icon="edit" title="Edit registry" onClick=fn<onClick> > 
  at <SettingsTable key=3 min-width="660px" > 
  at <Registries ref="VTU_COMPONENT" > 
  at <VTUROOT>
[Vue warn]: Failed to resolve component: router-link
If this is a native custom element, make sure to exclude it from component resolution via compilerOptions.isCustomElement. 
  at <IconButton key=0 icon="trash" class="text-wp-error-100"  ... > 
  at <SettingsTable key=3 min-width="660px" > 
  at <Registries ref="VTU_COMPONENT" > 
  at <VTUROOT>
[Vue warn]: Failed to resolve component: router-link
If this is a native custom element, make sure to exclude it from component resolution via compilerOptions.isCustomElement. 
  at <IconButton icon="edit" title="Edit registry" onClick=fn<onClick> > 
  at <SettingsTable key=3 min-width="660px" > 
  at <Registries ref="VTU_COMPONENT" > 
  at <VTUROOT>
[Vue warn]: Failed to resolve component: router-link
If this is a native custom element, make sure to exclude it from component resolution via compilerOptions.isCustomElement. 
  at <IconButton key=0 icon="trash" class="text-wp-error-100"  ... > 
  at <SettingsTable key=3 min-width="660px" > 
  at <Registries ref="VTU_COMPONENT" > 
  at <VTUROOT>
[Vue warn]: Failed to resolve component: router-link
If this is a native custom element, make sure to exclude it from component resolution via compilerOptions.isCustomElement. 
  at <IconButton icon="edit" title="Edit registry" onClick=fn<onClick> > 
  at <SettingsTable key=3 min-width="660px" > 
  at <Registries ref="VTU_COMPONENT" > 
  at <VTUROOT>
[Vue warn]: Failed to resolve component: router-link
If this is a native custom element, make sure to exclude it from component resolution via compilerOptions.isCustomElement. 
  at <IconButton key=0 icon="trash" class="text-wp-error-100"  ... > 
  at <SettingsTable key=3 min-width="660px" > 
  at <Registries ref="VTU_COMPONENT" > 
  at <VTUROOT>

stderr | src/views/repo/settings/Crons.test.ts > repository cron settings > discards an obsolete fulfilled refresh after the repository changes
[Vue warn]: Failed to resolve component: router-link
If this is a native custom element, make sure to exclude it from component resolution via compilerOptions.isCustomElement. 
  at <IconButton icon="play-outline" is-loading=false title="Run now"  ... > 
  at <SettingsTable key=3 min-width="820px" > 
  at <Crons ref="VTU_COMPONENT" > 
  at <VTUROOT>
[Vue warn]: Failed to resolve component: router-link
If this is a native custom element, make sure to exclude it from component resolution via compilerOptions.isCustomElement. 
  at <IconButton icon="edit" title="Edit cron" onClick=fn<onClick> > 
  at <SettingsTable key=3 min-width="820px" > 
  at <Crons ref="VTU_COMPONENT" > 
  at <VTUROOT>
[Vue warn]: Failed to resolve component: router-link
If this is a native custom element, make sure to exclude it from component resolution via compilerOptions.isCustomElement. 
  at <IconButton icon="trash" class="text-wp-error-100" is-loading=false  ... > 
  at <SettingsTable key=3 min-width="820px" > 
  at <Crons ref="VTU_COMPONENT" > 
  at <VTUROOT>
[Vue warn]: Failed to resolve component: router-link
If this is a native custom element, make sure to exclude it from component resolution via compilerOptions.isCustomElement. 
  at <IconButton icon="play-outline" is-loading=false title="Run now"  ... > 
  at <SettingsTable key=3 min-width="820px" > 
  at <Crons ref="VTU_COMPONENT" > 
  at <VTUROOT>
[Vue warn]: Failed to resolve component: router-link
If this is a native custom element, make sure to exclude it from component resolution via compilerOptions.isCustomElement. 
  at <IconButton icon="edit" title="Edit cron" onClick=fn<onClick> > 
  at <SettingsTable key=3 min-width="820px" > 
  at <Crons ref="VTU_COMPONENT" > 
  at <VTUROOT>
[Vue warn]: Failed to resolve component: router-link
If this is a native custom element, make sure to exclude it from component resolution via compilerOptions.isCustomElement. 
  at <IconButton icon="trash" class="text-wp-error-100" is-loading=false  ... > 
  at <SettingsTable key=3 min-width="820px" > 
  at <Crons ref="VTU_COMPONENT" > 
  at <VTUROOT>
[Vue warn]: Failed to resolve component: router-link
If this is a native custom element, make sure to exclude it from component resolution via compilerOptions.isCustomElement. 
  at <IconButton icon="play-outline" is-loading=false title="Run now"  ... > 
  at <SettingsTable key=3 min-width="820px" > 
  at <Crons ref="VTU_COMPONENT" > 
  at <VTUROOT>
[Vue warn]: Failed to resolve component: router-link
If this is a native custom element, make sure to exclude it from component resolution via compilerOptions.isCustomElement. 
  at <IconButton icon="edit" title="Edit cron" onClick=fn<onClick> > 
  at <SettingsTable key=3 min-width="820px" > 
  at <Crons ref="VTU_COMPONENT" > 
  at <VTUROOT>
[Vue warn]: Failed to resolve component: router-link
If this is a native custom element, make sure to exclude it from component resolution via compilerOptions.isCustomElement. 
  at <IconButton icon="trash" class="text-wp-error-100" is-loading=false  ... > 
  at <SettingsTable key=3 min-width="820px" > 
  at <Crons ref="VTU_COMPONENT" > 
  at <VTUROOT>
[Vue warn]: Failed to resolve component: router-link
If this is a native custom element, make sure to exclude it from component resolution via compilerOptions.isCustomElement. 
  at <IconButton icon="play-outline" is-loading=false title="Run now"  ... > 
  at <SettingsTable key=3 min-width="820px" > 
  at <Crons ref="VTU_COMPONENT" > 
  at <VTUROOT>
[Vue warn]: Failed to resolve component: router-link
If this is a native custom element, make sure to exclude it from component resolution via compilerOptions.isCustomElement. 
  at <IconButton icon="edit" title="Edit cron" onClick=fn<onClick> > 
  at <SettingsTable key=3 min-width="820px" > 
  at <Crons ref="VTU_COMPONENT" > 
  at <VTUROOT>
[Vue warn]: Failed to resolve component: router-link
If this is a native custom element, make sure to exclude it from component resolution via compilerOptions.isCustomElement. 
  at <IconButton icon="trash" class="text-wp-error-100" is-loading=false  ... > 
  at <SettingsTable key=3 min-width="820px" > 
  at <Crons ref="VTU_COMPONENT" > 
  at <VTUROOT>

stderr | src/views/repo/settings/Registries.test.ts > repository registries settings > ignores an obsolete rejection after returning to the same repository
[Vue warn]: Failed to resolve component: router-link
If this is a native custom element, make sure to exclude it from component resolution via compilerOptions.isCustomElement. 
  at <IconButton icon="edit" title="Edit registry" onClick=fn<onClick> > 
  at <SettingsTable key=3 min-width="660px" > 
  at <Registries ref="VTU_COMPONENT" > 
  at <VTUROOT>
[Vue warn]: Failed to resolve component: router-link
If this is a native custom element, make sure to exclude it from component resolution via compilerOptions.isCustomElement. 
  at <IconButton key=0 icon="trash" class="text-wp-error-100"  ... > 
  at <SettingsTable key=3 min-width="660px" > 
  at <Registries ref="VTU_COMPONENT" > 
  at <VTUROOT>
[Vue warn]: Failed to resolve component: router-link
If this is a native custom element, make sure to exclude it from component resolution via compilerOptions.isCustomElement. 
  at <IconButton icon="edit" title="Edit registry" onClick=fn<onClick> > 
  at <SettingsTable key=3 min-width="660px" > 
  at <Registries ref="VTU_COMPONENT" > 
  at <VTUROOT>
[Vue warn]: Failed to resolve component: router-link
If this is a native custom element, make sure to exclude it from component resolution via compilerOptions.isCustomElement. 
  at <IconButton key=0 icon="trash" class="text-wp-error-100"  ... > 
  at <SettingsTable key=3 min-width="660px" > 
  at <Registries ref="VTU_COMPONENT" > 
  at <VTUROOT>
[Vue warn]: Failed to resolve component: router-link
If this is a native custom element, make sure to exclude it from component resolution via compilerOptions.isCustomElement. 
  at <IconButton icon="edit" title="Edit registry" onClick=fn<onClick> > 
  at <SettingsTable key=3 min-width="660px" > 
  at <Registries ref="VTU_COMPONENT" > 
  at <VTUROOT>
[Vue warn]: Failed to resolve component: router-link
If this is a native custom element, make sure to exclude it from component resolution via compilerOptions.isCustomElement. 
  at <IconButton key=0 icon="trash" class="text-wp-error-100"  ... > 
  at <SettingsTable key=3 min-width="660px" > 
  at <Registries ref="VTU_COMPONENT" > 
  at <VTUROOT>
[Vue warn]: Failed to resolve component: router-link
If this is a native custom element, make sure to exclude it from component resolution via compilerOptions.isCustomElement. 
  at <IconButton icon="edit" title="Edit registry" onClick=fn<onClick> > 
  at <SettingsTable key=3 min-width="660px" > 
  at <Registries ref="VTU_COMPONENT" > 
  at <VTUROOT>
[Vue warn]: Failed to resolve component: router-link
If this is a native custom element, make sure to exclude it from component resolution via compilerOptions.isCustomElement. 
  at <IconButton key=0 icon="trash" class="text-wp-error-100"  ... > 
  at <SettingsTable key=3 min-width="660px" > 
  at <Registries ref="VTU_COMPONENT" > 
  at <VTUROOT>
[Vue warn]: Failed to resolve component: router-link
If this is a native custom element, make sure to exclude it from component resolution via compilerOptions.isCustomElement. 
  at <IconButton icon="edit" title="Edit registry" onClick=fn<onClick> > 
  at <SettingsTable key=3 min-width="660px" > 
  at <Registries ref="VTU_COMPONENT" > 
  at <VTUROOT>
[Vue warn]: Failed to resolve component: router-link
If this is a native custom element, make sure to exclude it from component resolution via compilerOptions.isCustomElement. 
  at <IconButton key=0 icon="trash" class="text-wp-error-100"  ... > 
  at <SettingsTable key=3 min-width="660px" > 
  at <Registries ref="VTU_COMPONENT" > 
  at <VTUROOT>

stderr | src/views/repo/settings/Crons.test.ts > repository cron settings > ignores an obsolete rejected refresh after the repository changes
[Vue warn]: Failed to resolve component: router-link
If this is a native custom element, make sure to exclude it from component resolution via compilerOptions.isCustomElement. 
  at <IconButton icon="play-outline" is-loading=false title="Run now"  ... > 
  at <SettingsTable key=3 min-width="820px" > 
  at <Crons ref="VTU_COMPONENT" > 
  at <VTUROOT>
[Vue warn]: Failed to resolve component: router-link
If this is a native custom element, make sure to exclude it from component resolution via compilerOptions.isCustomElement. 
  at <IconButton icon="edit" title="Edit cron" onClick=fn<onClick> > 
  at <SettingsTable key=3 min-width="820px" > 
  at <Crons ref="VTU_COMPONENT" > 
  at <VTUROOT>
[Vue warn]: Failed to resolve component: router-link
If this is a native custom element, make sure to exclude it from component resolution via compilerOptions.isCustomElement. 
  at <IconButton icon="trash" class="text-wp-error-100" is-loading=false  ... > 
  at <SettingsTable key=3 min-width="820px" > 
  at <Crons ref="VTU_COMPONENT" > 
  at <VTUROOT>
[Vue warn]: Failed to resolve component: router-link
If this is a native custom element, make sure to exclude it from component resolution via compilerOptions.isCustomElement. 
  at <IconButton icon="play-outline" is-loading=false title="Run now"  ... > 
  at <SettingsTable key=3 min-width="820px" > 
  at <Crons ref="VTU_COMPONENT" > 
  at <VTUROOT>
[Vue warn]: Failed to resolve component: router-link
If this is a native custom element, make sure to exclude it from component resolution via compilerOptions.isCustomElement. 
  at <IconButton icon="edit" title="Edit cron" onClick=fn<onClick> > 
  at <SettingsTable key=3 min-width="820px" > 
  at <Crons ref="VTU_COMPONENT" > 
  at <VTUROOT>
[Vue warn]: Failed to resolve component: router-link
If this is a native custom element, make sure to exclude it from component resolution via compilerOptions.isCustomElement. 
  at <IconButton icon="trash" class="text-wp-error-100" is-loading=false  ... > 
  at <SettingsTable key=3 min-width="820px" > 
  at <Crons ref="VTU_COMPONENT" > 
  at <VTUROOT>

stderr | src/views/repo/settings/Registries.test.ts > repository registries settings > ignores an obsolete rejection after returning to the same repository
[Vue warn]: Failed to resolve component: router-link
If this is a native custom element, make sure to exclude it from component resolution via compilerOptions.isCustomElement. 
  at <IconButton icon="edit" title="Edit registry" onClick=fn<onClick> > 
  at <SettingsTable key=3 min-width="660px" > 
  at <Registries ref="VTU_COMPONENT" > 
  at <VTUROOT>
[Vue warn]: Failed to resolve component: router-link
If this is a native custom element, make sure to exclude it from component resolution via compilerOptions.isCustomElement. 
  at <IconButton key=0 icon="trash" class="text-wp-error-100"  ... > 
  at <SettingsTable key=3 min-width="660px" > 
  at <Registries ref="VTU_COMPONENT" > 
  at <VTUROOT>
[Vue warn]: Failed to resolve component: router-link
If this is a native custom element, make sure to exclude it from component resolution via compilerOptions.isCustomElement. 
  at <IconButton icon="edit" title="Edit registry" onClick=fn<onClick> > 
  at <SettingsTable key=3 min-width="660px" > 
  at <Registries ref="VTU_COMPONENT" > 
  at <VTUROOT>
[Vue warn]: Failed to resolve component: router-link
If this is a native custom element, make sure to exclude it from component resolution via compilerOptions.isCustomElement. 
  at <IconButton key=0 icon="trash" class="text-wp-error-100"  ... > 
  at <SettingsTable key=3 min-width="660px" > 
  at <Registries ref="VTU_COMPONENT" > 
  at <VTUROOT>
[Vue warn]: Failed to resolve component: router-link
If this is a native custom element, make sure to exclude it from component resolution via compilerOptions.isCustomElement. 
  at <IconButton icon="edit" title="Edit registry" onClick=fn<onClick> > 
  at <SettingsTable key=3 min-width="660px" > 
  at <Registries ref="VTU_COMPONENT" > 
  at <VTUROOT>
[Vue warn]: Failed to resolve component: router-link
If this is a native custom element, make sure to exclude it from component resolution via compilerOptions.isCustomElement. 
  at <IconButton key=0 icon="trash" class="text-wp-error-100"  ... > 
  at <SettingsTable key=3 min-width="660px" > 
  at <Registries ref="VTU_COMPONENT" > 
  at <VTUROOT>
[Vue warn]: Failed to resolve component: router-link
If this is a native custom element, make sure to exclude it from component resolution via compilerOptions.isCustomElement. 
  at <IconButton icon="edit" title="Edit registry" onClick=fn<onClick> > 
  at <SettingsTable key=3 min-width="660px" > 
  at <Registries ref="VTU_COMPONENT" > 
  at <VTUROOT>
[Vue warn]: Failed to resolve component: router-link
If this is a native custom element, make sure to exclude it from component resolution via compilerOptions.isCustomElement. 
  at <IconButton key=0 icon="trash" class="text-wp-error-100"  ... > 
  at <SettingsTable key=3 min-width="660px" > 
  at <Registries ref="VTU_COMPONENT" > 
  at <VTUROOT>
[Vue warn]: Failed to resolve component: router-link
If this is a native custom element, make sure to exclude it from component resolution via compilerOptions.isCustomElement. 
  at <IconButton icon="edit" title="Edit registry" onClick=fn<onClick> > 
  at <SettingsTable key=3 min-width="660px" > 
  at <Registries ref="VTU_COMPONENT" > 
  at <VTUROOT>
[Vue warn]: Failed to resolve component: router-link
If this is a native custom element, make sure to exclude it from component resolution via compilerOptions.isCustomElement. 
  at <IconButton key=0 icon="trash" class="text-wp-error-100"  ... > 
  at <SettingsTable key=3 min-width="660px" > 
  at <Registries ref="VTU_COMPONENT" > 
  at <VTUROOT>

stderr | src/views/repo/settings/Crons.test.ts > repository cron settings > ignores an obsolete rejected refresh after the repository changes
[Vue warn]: Failed to resolve component: router-link
If this is a native custom element, make sure to exclude it from component resolution via compilerOptions.isCustomElement. 
  at <IconButton icon="play-outline" is-loading=false title="Run now"  ... > 
  at <SettingsTable key=3 min-width="820px" > 
  at <Crons ref="VTU_COMPONENT" > 
  at <VTUROOT>
[Vue warn]: Failed to resolve component: router-link
If this is a native custom element, make sure to exclude it from component resolution via compilerOptions.isCustomElement. 
  at <IconButton icon="edit" title="Edit cron" onClick=fn<onClick> > 
  at <SettingsTable key=3 min-width="820px" > 
  at <Crons ref="VTU_COMPONENT" > 
  at <VTUROOT>
[Vue warn]: Failed to resolve component: router-link
If this is a native custom element, make sure to exclude it from component resolution via compilerOptions.isCustomElement. 
  at <IconButton icon="trash" class="text-wp-error-100" is-loading=false  ... > 
  at <SettingsTable key=3 min-width="820px" > 
  at <Crons ref="VTU_COMPONENT" > 
  at <VTUROOT>
[Vue warn]: Failed to resolve component: router-link
If this is a native custom element, make sure to exclude it from component resolution via compilerOptions.isCustomElement. 
  at <IconButton icon="play-outline" is-loading=false title="Run now"  ... > 
  at <SettingsTable key=3 min-width="820px" > 
  at <Crons ref="VTU_COMPONENT" > 
  at <VTUROOT>
[Vue warn]: Failed to resolve component: router-link
If this is a native custom element, make sure to exclude it from component resolution via compilerOptions.isCustomElement. 
  at <IconButton icon="edit" title="Edit cron" onClick=fn<onClick> > 
  at <SettingsTable key=3 min-width="820px" > 
  at <Crons ref="VTU_COMPONENT" > 
  at <VTUROOT>
[Vue warn]: Failed to resolve component: router-link
If this is a native custom element, make sure to exclude it from component resolution via compilerOptions.isCustomElement. 
  at <IconButton icon="trash" class="text-wp-error-100" is-loading=false  ... > 
  at <SettingsTable key=3 min-width="820px" > 
  at <Crons ref="VTU_COMPONENT" > 
  at <VTUROOT>
[Vue warn]: Failed to resolve component: router-link
If this is a native custom element, make sure to exclude it from component resolution via compilerOptions.isCustomElement. 
  at <IconButton icon="play-outline" is-loading=false title="Run now"  ... > 
  at <SettingsTable key=3 min-width="820px" > 
  at <Crons ref="VTU_COMPONENT" > 
  at <VTUROOT>
[Vue warn]: Failed to resolve component: router-link
If this is a native custom element, make sure to exclude it from component resolution via compilerOptions.isCustomElement. 
  at <IconButton icon="edit" title="Edit cron" onClick=fn<onClick> > 
  at <SettingsTable key=3 min-width="820px" > 
  at <Crons ref="VTU_COMPONENT" > 
  at <VTUROOT>
[Vue warn]: Failed to resolve component: router-link
If this is a native custom element, make sure to exclude it from component resolution via compilerOptions.isCustomElement. 
  at <IconButton icon="trash" class="text-wp-error-100" is-loading=false  ... > 
  at <SettingsTable key=3 min-width="820px" > 
  at <Crons ref="VTU_COMPONENT" > 
  at <VTUROOT>
[Vue warn]: Failed to resolve component: router-link
If this is a native custom element, make sure to exclude it from component resolution via compilerOptions.isCustomElement. 
  at <IconButton icon="play-outline" is-loading=false title="Run now"  ... > 
  at <SettingsTable key=3 min-width="820px" > 
  at <Crons ref="VTU_COMPONENT" > 
  at <VTUROOT>
[Vue warn]: Failed to resolve component: router-link
If this is a native custom element, make sure to exclude it from component resolution via compilerOptions.isCustomElement. 
  at <IconButton icon="edit" title="Edit cron" onClick=fn<onClick> > 
  at <SettingsTable key=3 min-width="820px" > 
  at <Crons ref="VTU_COMPONENT" > 
  at <VTUROOT>
[Vue warn]: Failed to resolve component: router-link
If this is a native custom element, make sure to exclude it from component resolution via compilerOptions.isCustomElement. 
  at <IconButton icon="trash" class="text-wp-error-100" is-loading=false  ... > 
  at <SettingsTable key=3 min-width="820px" > 
  at <Crons ref="VTU_COMPONENT" > 
  at <VTUROOT>
[Vue warn]: Failed to resolve component: router-link
If this is a native custom element, make sure to exclude it from component resolution via compilerOptions.isCustomElement. 
  at <IconButton icon="play-outline" is-loading=false title="Run now"  ... > 
  at <SettingsTable key=3 min-width="820px" > 
  at <Crons ref="VTU_COMPONENT" > 
  at <VTUROOT>
[Vue warn]: Failed to resolve component: router-link
If this is a native custom element, make sure to exclude it from component resolution via compilerOptions.isCustomElement. 
  at <IconButton icon="edit" title="Edit cron" onClick=fn<onClick> > 
  at <SettingsTable key=3 min-width="820px" > 
  at <Crons ref="VTU_COMPONENT" > 
  at <VTUROOT>
[Vue warn]: Failed to resolve component: router-link
If this is a native custom element, make sure to exclude it from component resolution via compilerOptions.isCustomElement. 
  at <IconButton icon="trash" class="text-wp-error-100" is-loading=false  ... > 
  at <SettingsTable key=3 min-width="820px" > 
  at <Crons ref="VTU_COMPONENT" > 
  at <VTUROOT>

stderr | src/views/repo/settings/Crons.test.ts > repository cron settings > ignores an obsolete rejection after returning to the same repository
[Vue warn]: Failed to resolve component: router-link
If this is a native custom element, make sure to exclude it from component resolution via compilerOptions.isCustomElement. 
  at <IconButton icon="play-outline" is-loading=false title="Run now"  ... > 
  at <SettingsTable key=3 min-width="820px" > 
  at <Crons ref="VTU_COMPONENT" > 
  at <VTUROOT>
[Vue warn]: Failed to resolve component: router-link
If this is a native custom element, make sure to exclude it from component resolution via compilerOptions.isCustomElement. 
  at <IconButton icon="edit" title="Edit cron" onClick=fn<onClick> > 
  at <SettingsTable key=3 min-width="820px" > 
  at <Crons ref="VTU_COMPONENT" > 
  at <VTUROOT>
[Vue warn]: Failed to resolve component: router-link
If this is a native custom element, make sure to exclude it from component resolution via compilerOptions.isCustomElement. 
  at <IconButton icon="trash" class="text-wp-error-100" is-loading=false  ... > 
  at <SettingsTable key=3 min-width="820px" > 
  at <Crons ref="VTU_COMPONENT" > 
  at <VTUROOT>
[Vue warn]: Failed to resolve component: router-link
If this is a native custom element, make sure to exclude it from component resolution via compilerOptions.isCustomElement. 
  at <IconButton icon="play-outline" is-loading=false title="Run now"  ... > 
  at <SettingsTable key=3 min-width="820px" > 
  at <Crons ref="VTU_COMPONENT" > 
  at <VTUROOT>
[Vue warn]: Failed to resolve component: router-link
If this is a native custom element, make sure to exclude it from component resolution via compilerOptions.isCustomElement. 
  at <IconButton icon="edit" title="Edit cron" onClick=fn<onClick> > 
  at <SettingsTable key=3 min-width="820px" > 
  at <Crons ref="VTU_COMPONENT" > 
  at <VTUROOT>
[Vue warn]: Failed to resolve component: router-link
If this is a native custom element, make sure to exclude it from component resolution via compilerOptions.isCustomElement. 
  at <IconButton icon="trash" class="text-wp-error-100" is-loading=false  ... > 
  at <SettingsTable key=3 min-width="820px" > 
  at <Crons ref="VTU_COMPONENT" > 
  at <VTUROOT>

stderr | src/views/repo/settings/Registries.test.ts > repository registries settings > does not close or reload the current editor when an obsolete save succeeds after returning to the same repository
[Vue warn]: Failed to resolve component: router-link
If this is a native custom element, make sure to exclude it from component resolution via compilerOptions.isCustomElement. 
  at <IconButton icon="edit" title="Edit registry" onClick=fn<onClick> > 
  at <SettingsTable key=3 min-width="660px" > 
  at <Registries ref="VTU_COMPONENT" > 
  at <VTUROOT>
[Vue warn]: Failed to resolve component: router-link
If this is a native custom element, make sure to exclude it from component resolution via compilerOptions.isCustomElement. 
  at <IconButton key=0 icon="trash" class="text-wp-error-100"  ... > 
  at <SettingsTable key=3 min-width="660px" > 
  at <Registries ref="VTU_COMPONENT" > 
  at <VTUROOT>
[Vue warn]: Failed to resolve component: router-link
If this is a native custom element, make sure to exclude it from component resolution via compilerOptions.isCustomElement. 
  at <IconButton icon="edit" title="Edit registry" onClick=fn<onClick> > 
  at <SettingsTable key=3 min-width="660px" > 
  at <Registries ref="VTU_COMPONENT" > 
  at <VTUROOT>
[Vue warn]: Failed to resolve component: router-link
If this is a native custom element, make sure to exclude it from component resolution via compilerOptions.isCustomElement. 
  at <IconButton key=0 icon="trash" class="text-wp-error-100"  ... > 
  at <SettingsTable key=3 min-width="660px" > 
  at <Registries ref="VTU_COMPONENT" > 
  at <VTUROOT>
[Vue warn]: Failed to resolve component: router-link
If this is a native custom element, make sure to exclude it from component resolution via compilerOptions.isCustomElement. 
  at <IconButton icon="edit" title="Edit registry" onClick=fn<onClick> > 
  at <SettingsTable key=3 min-width="660px" > 
  at <Registries ref="VTU_COMPONENT" > 
  at <VTUROOT>
[Vue warn]: Failed to resolve component: router-link
If this is a native custom element, make sure to exclude it from component resolution via compilerOptions.isCustomElement. 
  at <IconButton key=0 icon="trash" class="text-wp-error-100"  ... > 
  at <SettingsTable key=3 min-width="660px" > 
  at <Registries ref="VTU_COMPONENT" > 
  at <VTUROOT>
[Vue warn]: Failed to resolve component: router-link
If this is a native custom element, make sure to exclude it from component resolution via compilerOptions.isCustomElement. 
  at <IconButton icon="edit" title="Edit registry" onClick=fn<onClick> > 
  at <SettingsTable key=3 min-width="660px" > 
  at <Registries ref="VTU_COMPONENT" > 
  at <VTUROOT>
[Vue warn]: Failed to resolve component: router-link
If this is a native custom element, make sure to exclude it from component resolution via compilerOptions.isCustomElement. 
  at <IconButton key=0 icon="trash" class="text-wp-error-100"  ... > 
  at <SettingsTable key=3 min-width="660px" > 
  at <Registries ref="VTU_COMPONENT" > 
  at <VTUROOT>
[Vue warn]: Failed to resolve component: router-link
If this is a native custom element, make sure to exclude it from component resolution via compilerOptions.isCustomElement. 
  at <IconButton icon="edit" title="Edit registry" onClick=fn<onClick> > 
  at <SettingsTable key=3 min-width="660px" > 
  at <Registries ref="VTU_COMPONENT" > 
  at <VTUROOT>
[Vue warn]: Failed to resolve component: router-link
If this is a native custom element, make sure to exclude it from component resolution via compilerOptions.isCustomElement. 
  at <IconButton key=0 icon="trash" class="text-wp-error-100"  ... > 
  at <SettingsTable key=3 min-width="660px" > 
  at <Registries ref="VTU_COMPONENT" > 
  at <VTUROOT>
[Vue warn]: Failed to resolve component: router-link
If this is a native custom element, make sure to exclude it from component resolution via compilerOptions.isCustomElement. 
  at <IconButton icon="edit" title="Edit registry" onClick=fn<onClick> > 
  at <SettingsTable key=3 min-width="660px" > 
  at <Registries ref="VTU_COMPONENT" > 
  at <VTUROOT>
[Vue warn]: Failed to resolve component: router-link
If this is a native custom element, make sure to exclude it from component resolution via compilerOptions.isCustomElement. 
  at <IconButton key=0 icon="trash" class="text-wp-error-100"  ... > 
  at <SettingsTable key=3 min-width="660px" > 
  at <Registries ref="VTU_COMPONENT" > 
  at <VTUROOT>

stderr | src/views/repo/settings/Crons.test.ts > repository cron settings > ignores an obsolete rejection after returning to the same repository
[Vue warn]: Failed to resolve component: router-link
If this is a native custom element, make sure to exclude it from component resolution via compilerOptions.isCustomElement. 
  at <IconButton icon="play-outline" is-loading=false title="Run now"  ... > 
  at <SettingsTable key=3 min-width="820px" > 
  at <Crons ref="VTU_COMPONENT" > 
  at <VTUROOT>
[Vue warn]: Failed to resolve component: router-link
If this is a native custom element, make sure to exclude it from component resolution via compilerOptions.isCustomElement. 
  at <IconButton icon="edit" title="Edit cron" onClick=fn<onClick> > 
  at <SettingsTable key=3 min-width="820px" > 
  at <Crons ref="VTU_COMPONENT" > 
  at <VTUROOT>
[Vue warn]: Failed to resolve component: router-link
If this is a native custom element, make sure to exclude it from component resolution via compilerOptions.isCustomElement. 
  at <IconButton icon="trash" class="text-wp-error-100" is-loading=false  ... > 
  at <SettingsTable key=3 min-width="820px" > 
  at <Crons ref="VTU_COMPONENT" > 
  at <VTUROOT>
[Vue warn]: Failed to resolve component: router-link
If this is a native custom element, make sure to exclude it from component resolution via compilerOptions.isCustomElement. 
  at <IconButton icon="play-outline" is-loading=false title="Run now"  ... > 
  at <SettingsTable key=3 min-width="820px" > 
  at <Crons ref="VTU_COMPONENT" > 
  at <VTUROOT>
[Vue warn]: Failed to resolve component: router-link
If this is a native custom element, make sure to exclude it from component resolution via compilerOptions.isCustomElement. 
  at <IconButton icon="edit" title="Edit cron" onClick=fn<onClick> > 
  at <SettingsTable key=3 min-width="820px" > 
  at <Crons ref="VTU_COMPONENT" > 
  at <VTUROOT>
[Vue warn]: Failed to resolve component: router-link
If this is a native custom element, make sure to exclude it from component resolution via compilerOptions.isCustomElement. 
  at <IconButton icon="trash" class="text-wp-error-100" is-loading=false  ... > 
  at <SettingsTable key=3 min-width="820px" > 
  at <Crons ref="VTU_COMPONENT" > 
  at <VTUROOT>
[Vue warn]: Failed to resolve component: router-link
If this is a native custom element, make sure to exclude it from component resolution via compilerOptions.isCustomElement. 
  at <IconButton icon="play-outline" is-loading=false title="Run now"  ... > 
  at <SettingsTable key=3 min-width="820px" > 
  at <Crons ref="VTU_COMPONENT" > 
  at <VTUROOT>
[Vue warn]: Failed to resolve component: router-link
If this is a native custom element, make sure to exclude it from component resolution via compilerOptions.isCustomElement. 
  at <IconButton icon="edit" title="Edit cron" onClick=fn<onClick> > 
  at <SettingsTable key=3 min-width="820px" > 
  at <Crons ref="VTU_COMPONENT" > 
  at <VTUROOT>
[Vue warn]: Failed to resolve component: router-link
If this is a native custom element, make sure to exclude it from component resolution via compilerOptions.isCustomElement. 
  at <IconButton icon="trash" class="text-wp-error-100" is-loading=false  ... > 
  at <SettingsTable key=3 min-width="820px" > 
  at <Crons ref="VTU_COMPONENT" > 
  at <VTUROOT>
[Vue warn]: Failed to resolve component: router-link
If this is a native custom element, make sure to exclude it from component resolution via compilerOptions.isCustomElement. 
  at <IconButton icon="play-outline" is-loading=false title="Run now"  ... > 
  at <SettingsTable key=3 min-width="820px" > 
  at <Crons ref="VTU_COMPONENT" > 
  at <VTUROOT>
[Vue warn]: Failed to resolve component: router-link
If this is a native custom element, make sure to exclude it from component resolution via compilerOptions.isCustomElement. 
  at <IconButton icon="edit" title="Edit cron" onClick=fn<onClick> > 
  at <SettingsTable key=3 min-width="820px" > 
  at <Crons ref="VTU_COMPONENT" > 
  at <VTUROOT>
[Vue warn]: Failed to resolve component: router-link
If this is a native custom element, make sure to exclude it from component resolution via compilerOptions.isCustomElement. 
  at <IconButton icon="trash" class="text-wp-error-100" is-loading=false  ... > 
  at <SettingsTable key=3 min-width="820px" > 
  at <Crons ref="VTU_COMPONENT" > 
  at <VTUROOT>
[Vue warn]: Failed to resolve component: router-link
If this is a native custom element, make sure to exclude it from component resolution via compilerOptions.isCustomElement. 
  at <IconButton icon="play-outline" is-loading=false title="Run now"  ... > 
  at <SettingsTable key=3 min-width="820px" > 
  at <Crons ref="VTU_COMPONENT" > 
  at <VTUROOT>
[Vue warn]: Failed to resolve component: router-link
If this is a native custom element, make sure to exclude it from component resolution via compilerOptions.isCustomElement. 
  at <IconButton icon="edit" title="Edit cron" onClick=fn<onClick> > 
  at <SettingsTable key=3 min-width="820px" > 
  at <Crons ref="VTU_COMPONENT" > 
  at <VTUROOT>
[Vue warn]: Failed to resolve component: router-link
If this is a native custom element, make sure to exclude it from component resolution via compilerOptions.isCustomElement. 
  at <IconButton icon="trash" class="text-wp-error-100" is-loading=false  ... > 
  at <SettingsTable key=3 min-width="820px" > 
  at <Crons ref="VTU_COMPONENT" > 
  at <VTUROOT>
[Vue warn]: Failed to resolve component: router-link
If this is a native custom element, make sure to exclude it from component resolution via compilerOptions.isCustomElement. 
  at <IconButton icon="play-outline" is-loading=false title="Run now"  ... > 
  at <SettingsTable key=3 min-width="820px" > 
  at <Crons ref="VTU_COMPONENT" > 
  at <VTUROOT>
[Vue warn]: Failed to resolve component: router-link
If this is a native custom element, make sure to exclude it from component resolution via compilerOptions.isCustomElement. 
  at <IconButton icon="edit" title="Edit cron" onClick=fn<onClick> > 
  at <SettingsTable key=3 min-width="820px" > 
  at <Crons ref="VTU_COMPONENT" > 
  at <VTUROOT>
[Vue warn]: Failed to resolve component: router-link
If this is a native custom element, make sure to exclude it from component resolution via compilerOptions.isCustomElement. 
  at <IconButton icon="trash" class="text-wp-error-100" is-loading=false  ... > 
  at <SettingsTable key=3 min-width="820px" > 
  at <Crons ref="VTU_COMPONENT" > 
  at <VTUROOT>

stderr | src/views/repo/settings/Crons.test.ts > repository cron settings > ignores an obsolete rejection after returning to the same repository
[Vue warn]: Failed to resolve component: router-link
If this is a native custom element, make sure to exclude it from component resolution via compilerOptions.isCustomElement. 
  at <IconButton icon="play-outline" is-loading=false title="Run now"  ... > 
  at <SettingsTable key=3 min-width="820px" > 
  at <Crons ref="VTU_COMPONENT" > 
  at <VTUROOT>
[Vue warn]: Failed to resolve component: router-link
If this is a native custom element, make sure to exclude it from component resolution via compilerOptions.isCustomElement. 
  at <IconButton icon="edit" title="Edit cron" onClick=fn<onClick> > 
  at <SettingsTable key=3 min-width="820px" > 
  at <Crons ref="VTU_COMPONENT" > 
  at <VTUROOT>
[Vue warn]: Failed to resolve component: router-link
If this is a native custom element, make sure to exclude it from component resolution via compilerOptions.isCustomElement. 
  at <IconButton icon="trash" class="text-wp-error-100" is-loading=false  ... > 
  at <SettingsTable key=3 min-width="820px" > 
  at <Crons ref="VTU_COMPONENT" > 
  at <VTUROOT>
[Vue warn]: Failed to resolve component: router-link
If this is a native custom element, make sure to exclude it from component resolution via compilerOptions.isCustomElement. 
  at <IconButton icon="play-outline" is-loading=false title="Run now"  ... > 
  at <SettingsTable key=3 min-width="820px" > 
  at <Crons ref="VTU_COMPONENT" > 
  at <VTUROOT>
[Vue warn]: Failed to resolve component: router-link
If this is a native custom element, make sure to exclude it from component resolution via compilerOptions.isCustomElement. 
  at <IconButton icon="edit" title="Edit cron" onClick=fn<onClick> > 
  at <SettingsTable key=3 min-width="820px" > 
  at <Crons ref="VTU_COMPONENT" > 
  at <VTUROOT>
[Vue warn]: Failed to resolve component: router-link
If this is a native custom element, make sure to exclude it from component resolution via compilerOptions.isCustomElement. 
  at <IconButton icon="trash" class="text-wp-error-100" is-loading=false  ... > 
  at <SettingsTable key=3 min-width="820px" > 
  at <Crons ref="VTU_COMPONENT" > 
  at <VTUROOT>
[Vue warn]: Failed to resolve component: router-link
If this is a native custom element, make sure to exclude it from component resolution via compilerOptions.isCustomElement. 
  at <IconButton icon="play-outline" is-loading=false title="Run now"  ... > 
  at <SettingsTable key=3 min-width="820px" > 
  at <Crons ref="VTU_COMPONENT" > 
  at <VTUROOT>
[Vue warn]: Failed to resolve component: router-link
If this is a native custom element, make sure to exclude it from component resolution via compilerOptions.isCustomElement. 
  at <IconButton icon="edit" title="Edit cron" onClick=fn<onClick> > 
  at <SettingsTable key=3 min-width="820px" > 
  at <Crons ref="VTU_COMPONENT" > 
  at <VTUROOT>
[Vue warn]: Failed to resolve component: router-link
If this is a native custom element, make sure to exclude it from component resolution via compilerOptions.isCustomElement. 
  at <IconButton icon="trash" class="text-wp-error-100" is-loading=false  ... > 
  at <SettingsTable key=3 min-width="820px" > 
  at <Crons ref="VTU_COMPONENT" > 
  at <VTUROOT>
[Vue warn]: Failed to resolve component: router-link
If this is a native custom element, make sure to exclude it from component resolution via compilerOptions.isCustomElement. 
  at <IconButton icon="play-outline" is-loading=false title="Run now"  ... > 
  at <SettingsTable key=3 min-width="820px" > 
  at <Crons ref="VTU_COMPONENT" > 
  at <VTUROOT>
[Vue warn]: Failed to resolve component: router-link
If this is a native custom element, make sure to exclude it from component resolution via compilerOptions.isCustomElement. 
  at <IconButton icon="edit" title="Edit cron" onClick=fn<onClick> > 
  at <SettingsTable key=3 min-width="820px" > 
  at <Crons ref="VTU_COMPONENT" > 
  at <VTUROOT>
[Vue warn]: Failed to resolve component: router-link
If this is a native custom element, make sure to exclude it from component resolution via compilerOptions.isCustomElement. 
  at <IconButton icon="trash" class="text-wp-error-100" is-loading=false  ... > 
  at <SettingsTable key=3 min-width="820px" > 
  at <Crons ref="VTU_COMPONENT" > 
  at <VTUROOT>
[Vue warn]: Failed to resolve component: router-link
If this is a native custom element, make sure to exclude it from component resolution via compilerOptions.isCustomElement. 
  at <IconButton icon="play-outline" is-loading=false title="Run now"  ... > 
  at <SettingsTable key=3 min-width="820px" > 
  at <Crons ref="VTU_COMPONENT" > 
  at <VTUROOT>
[Vue warn]: Failed to resolve component: router-link
If this is a native custom element, make sure to exclude it from component resolution via compilerOptions.isCustomElement. 
  at <IconButton icon="edit" title="Edit cron" onClick=fn<onClick> > 
  at <SettingsTable key=3 min-width="820px" > 
  at <Crons ref="VTU_COMPONENT" > 
  at <VTUROOT>
[Vue warn]: Failed to resolve component: router-link
If this is a native custom element, make sure to exclude it from component resolution via compilerOptions.isCustomElement. 
  at <IconButton icon="trash" class="text-wp-error-100" is-loading=false  ... > 
  at <SettingsTable key=3 min-width="820px" > 
  at <Crons ref="VTU_COMPONENT" > 
  at <VTUROOT>
[Vue warn]: Failed to resolve component: router-link
If this is a native custom element, make sure to exclude it from component resolution via compilerOptions.isCustomElement. 
  at <IconButton icon="play-outline" is-loading=false title="Run now"  ... > 
  at <SettingsTable key=3 min-width="820px" > 
  at <Crons ref="VTU_COMPONENT" > 
  at <VTUROOT>
[Vue warn]: Failed to resolve component: router-link
If this is a native custom element, make sure to exclude it from component resolution via compilerOptions.isCustomElement. 
  at <IconButton icon="edit" title="Edit cron" onClick=fn<onClick> > 
  at <SettingsTable key=3 min-width="820px" > 
  at <Crons ref="VTU_COMPONENT" > 
  at <VTUROOT>
[Vue warn]: Failed to resolve component: router-link
If this is a native custom element, make sure to exclude it from component resolution via compilerOptions.isCustomElement. 
  at <IconButton icon="trash" class="text-wp-error-100" is-loading=false  ... > 
  at <SettingsTable key=3 min-width="820px" > 
  at <Crons ref="VTU_COMPONENT" > 
  at <VTUROOT>

stderr | src/views/repo/settings/Registries.test.ts > repository registries settings > does not close or reload the current editor when an obsolete save rejects after returning to the same repository
[Vue warn]: Failed to resolve component: router-link
If this is a native custom element, make sure to exclude it from component resolution via compilerOptions.isCustomElement. 
  at <IconButton icon="edit" title="Edit registry" onClick=fn<onClick> > 
  at <SettingsTable key=3 min-width="660px" > 
  at <Registries ref="VTU_COMPONENT" > 
  at <VTUROOT>
[Vue warn]: Failed to resolve component: router-link
If this is a native custom element, make sure to exclude it from component resolution via compilerOptions.isCustomElement. 
  at <IconButton key=0 icon="trash" class="text-wp-error-100"  ... > 
  at <SettingsTable key=3 min-width="660px" > 
  at <Registries ref="VTU_COMPONENT" > 
  at <VTUROOT>
[Vue warn]: Failed to resolve component: router-link
If this is a native custom element, make sure to exclude it from component resolution via compilerOptions.isCustomElement. 
  at <IconButton icon="edit" title="Edit registry" onClick=fn<onClick> > 
  at <SettingsTable key=3 min-width="660px" > 
  at <Registries ref="VTU_COMPONENT" > 
  at <VTUROOT>
[Vue warn]: Failed to resolve component: router-link
If this is a native custom element, make sure to exclude it from component resolution via compilerOptions.isCustomElement. 
  at <IconButton key=0 icon="trash" class="text-wp-error-100"  ... > 
  at <SettingsTable key=3 min-width="660px" > 
  at <Registries ref="VTU_COMPONENT" > 
  at <VTUROOT>
[Vue warn]: Failed to resolve component: router-link
If this is a native custom element, make sure to exclude it from component resolution via compilerOptions.isCustomElement. 
  at <IconButton icon="edit" title="Edit registry" onClick=fn<onClick> > 
  at <SettingsTable key=3 min-width="660px" > 
  at <Registries ref="VTU_COMPONENT" > 
  at <VTUROOT>
[Vue warn]: Failed to resolve component: router-link
If this is a native custom element, make sure to exclude it from component resolution via compilerOptions.isCustomElement. 
  at <IconButton key=0 icon="trash" class="text-wp-error-100"  ... > 
  at <SettingsTable key=3 min-width="660px" > 
  at <Registries ref="VTU_COMPONENT" > 
  at <VTUROOT>
[Vue warn]: Failed to resolve component: router-link
If this is a native custom element, make sure to exclude it from component resolution via compilerOptions.isCustomElement. 
  at <IconButton icon="edit" title="Edit registry" onClick=fn<onClick> > 
  at <SettingsTable key=3 min-width="660px" > 
  at <Registries ref="VTU_COMPONENT" > 
  at <VTUROOT>
[Vue warn]: Failed to resolve component: router-link
If this is a native custom element, make sure to exclude it from component resolution via compilerOptions.isCustomElement. 
  at <IconButton key=0 icon="trash" class="text-wp-error-100"  ... > 
  at <SettingsTable key=3 min-width="660px" > 
  at <Registries ref="VTU_COMPONENT" > 
  at <VTUROOT>
[Vue warn]: Failed to resolve component: router-link
If this is a native custom element, make sure to exclude it from component resolution via compilerOptions.isCustomElement. 
  at <IconButton icon="edit" title="Edit registry" onClick=fn<onClick> > 
  at <SettingsTable key=3 min-width="660px" > 
  at <Registries ref="VTU_COMPONENT" > 
  at <VTUROOT>
[Vue warn]: Failed to resolve component: router-link
If this is a native custom element, make sure to exclude it from component resolution via compilerOptions.isCustomElement. 
  at <IconButton key=0 icon="trash" class="text-wp-error-100"  ... > 
  at <SettingsTable key=3 min-width="660px" > 
  at <Registries ref="VTU_COMPONENT" > 
  at <VTUROOT>
[Vue warn]: Failed to resolve component: router-link
If this is a native custom element, make sure to exclude it from component resolution via compilerOptions.isCustomElement. 
  at <IconButton icon="edit" title="Edit registry" onClick=fn<onClick> > 
  at <SettingsTable key=3 min-width="660px" > 
  at <Registries ref="VTU_COMPONENT" > 
  at <VTUROOT>
[Vue warn]: Failed to resolve component: router-link
If this is a native custom element, make sure to exclude it from component resolution via compilerOptions.isCustomElement. 
  at <IconButton key=0 icon="trash" class="text-wp-error-100"  ... > 
  at <SettingsTable key=3 min-width="660px" > 
  at <Registries ref="VTU_COMPONENT" > 
  at <VTUROOT>

stderr | src/views/repo/settings/Crons.test.ts > repository cron settings > ignores an obsolete rejection after returning to the same repository
[Vue warn]: Failed to resolve component: router-link
If this is a native custom element, make sure to exclude it from component resolution via compilerOptions.isCustomElement. 
  at <IconButton icon="play-outline" is-loading=false title="Run now"  ... > 
  at <SettingsTable key=3 min-width="820px" > 
  at <Crons ref="VTU_COMPONENT" > 
  at <VTUROOT>
[Vue warn]: Failed to resolve component: router-link
If this is a native custom element, make sure to exclude it from component resolution via compilerOptions.isCustomElement. 
  at <IconButton icon="edit" title="Edit cron" onClick=fn<onClick> > 
  at <SettingsTable key=3 min-width="820px" > 
  at <Crons ref="VTU_COMPONENT" > 
  at <VTUROOT>
[Vue warn]: Failed to resolve component: router-link
If this is a native custom element, make sure to exclude it from component resolution via compilerOptions.isCustomElement. 
  at <IconButton icon="trash" class="text-wp-error-100" is-loading=false  ... > 
  at <SettingsTable key=3 min-width="820px" > 
  at <Crons ref="VTU_COMPONENT" > 
  at <VTUROOT>
[Vue warn]: Failed to resolve component: router-link
If this is a native custom element, make sure to exclude it from component resolution via compilerOptions.isCustomElement. 
  at <IconButton icon="play-outline" is-loading=false title="Run now"  ... > 
  at <SettingsTable key=3 min-width="820px" > 
  at <Crons ref="VTU_COMPONENT" > 
  at <VTUROOT>
[Vue warn]: Failed to resolve component: router-link
If this is a native custom element, make sure to exclude it from component resolution via compilerOptions.isCustomElement. 
  at <IconButton icon="edit" title="Edit cron" onClick=fn<onClick> > 
  at <SettingsTable key=3 min-width="820px" > 
  at <Crons ref="VTU_COMPONENT" > 
  at <VTUROOT>
[Vue warn]: Failed to resolve component: router-link
If this is a native custom element, make sure to exclude it from component resolution via compilerOptions.isCustomElement. 
  at <IconButton icon="trash" class="text-wp-error-100" is-loading=false  ... > 
  at <SettingsTable key=3 min-width="820px" > 
  at <Crons ref="VTU_COMPONENT" > 
  at <VTUROOT>
[Vue warn]: Failed to resolve component: router-link
If this is a native custom element, make sure to exclude it from component resolution via compilerOptions.isCustomElement. 
  at <IconButton icon="play-outline" is-loading=false title="Run now"  ... > 
  at <SettingsTable key=3 min-width="820px" > 
  at <Crons ref="VTU_COMPONENT" > 
  at <VTUROOT>
[Vue warn]: Failed to resolve component: router-link
If this is a native custom element, make sure to exclude it from component resolution via compilerOptions.isCustomElement. 
  at <IconButton icon="edit" title="Edit cron" onClick=fn<onClick> > 
  at <SettingsTable key=3 min-width="820px" > 
  at <Crons ref="VTU_COMPONENT" > 
  at <VTUROOT>
[Vue warn]: Failed to resolve component: router-link
If this is a native custom element, make sure to exclude it from component resolution via compilerOptions.isCustomElement. 
  at <IconButton icon="trash" class="text-wp-error-100" is-loading=false  ... > 
  at <SettingsTable key=3 min-width="820px" > 
  at <Crons ref="VTU_COMPONENT" > 
  at <VTUROOT>
[Vue warn]: Failed to resolve component: router-link
If this is a native custom element, make sure to exclude it from component resolution via compilerOptions.isCustomElement. 
  at <IconButton icon="play-outline" is-loading=false title="Run now"  ... > 
  at <SettingsTable key=3 min-width="820px" > 
  at <Crons ref="VTU_COMPONENT" > 
  at <VTUROOT>
[Vue warn]: Failed to resolve component: router-link
If this is a native custom element, make sure to exclude it from component resolution via compilerOptions.isCustomElement. 
  at <IconButton icon="edit" title="Edit cron" onClick=fn<onClick> > 
  at <SettingsTable key=3 min-width="820px" > 
  at <Crons ref="VTU_COMPONENT" > 
  at <VTUROOT>
[Vue warn]: Failed to resolve component: router-link
If this is a native custom element, make sure to exclude it from component resolution via compilerOptions.isCustomElement. 
  at <IconButton icon="trash" class="text-wp-error-100" is-loading=false  ... > 
  at <SettingsTable key=3 min-width="820px" > 
  at <Crons ref="VTU_COMPONENT" > 
  at <VTUROOT>
[Vue warn]: Failed to resolve component: router-link
If this is a native custom element, make sure to exclude it from component resolution via compilerOptions.isCustomElement. 
  at <IconButton icon="play-outline" is-loading=false title="Run now"  ... > 
  at <SettingsTable key=3 min-width="820px" > 
  at <Crons ref="VTU_COMPONENT" > 
  at <VTUROOT>
[Vue warn]: Failed to resolve component: router-link
If this is a native custom element, make sure to exclude it from component resolution via compilerOptions.isCustomElement. 
  at <IconButton icon="edit" title="Edit cron" onClick=fn<onClick> > 
  at <SettingsTable key=3 min-width="820px" > 
  at <Crons ref="VTU_COMPONENT" > 
  at <VTUROOT>
[Vue warn]: Failed to resolve component: router-link
If this is a native custom element, make sure to exclude it from component resolution via compilerOptions.isCustomElement. 
  at <IconButton icon="trash" class="text-wp-error-100" is-loading=false  ... > 
  at <SettingsTable key=3 min-width="820px" > 
  at <Crons ref="VTU_COMPONENT" > 
  at <VTUROOT>
[Vue warn]: Failed to resolve component: router-link
If this is a native custom element, make sure to exclude it from component resolution via compilerOptions.isCustomElement. 
  at <IconButton icon="play-outline" is-loading=false title="Run now"  ... > 
  at <SettingsTable key=3 min-width="820px" > 
  at <Crons ref="VTU_COMPONENT" > 
  at <VTUROOT>
[Vue warn]: Failed to resolve component: router-link
If this is a native custom element, make sure to exclude it from component resolution via compilerOptions.isCustomElement. 
  at <IconButton icon="edit" title="Edit cron" onClick=fn<onClick> > 
  at <SettingsTable key=3 min-width="820px" > 
  at <Crons ref="VTU_COMPONENT" > 
  at <VTUROOT>
[Vue warn]: Failed to resolve component: router-link
If this is a native custom element, make sure to exclude it from component resolution via compilerOptions.isCustomElement. 
  at <IconButton icon="trash" class="text-wp-error-100" is-loading=false  ... > 
  at <SettingsTable key=3 min-width="820px" > 
  at <Crons ref="VTU_COMPONENT" > 
  at <VTUROOT>

stderr | src/views/repo/settings/Secrets.test.ts > repository secrets settings > shows repository entries as editable and inherited entries as read only
[Vue warn]: Failed to resolve component: router-link
If this is a native custom element, make sure to exclude it from component resolution via compilerOptions.isCustomElement. 
  at <IconButton icon="edit" title="Edit secret" onClick=fn<onClick> > 
  at <SettingsTable key=3 min-width="720px" > 
  at <Secrets ref="VTU_COMPONENT" > 
  at <VTUROOT>
[Vue warn]: Failed to resolve component: router-link
If this is a native custom element, make sure to exclude it from component resolution via compilerOptions.isCustomElement. 
  at <IconButton icon="trash" class="text-wp-error-100" is-loading=false  ... > 
  at <SettingsTable key=3 min-width="720px" > 
  at <Secrets ref="VTU_COMPONENT" > 
  at <VTUROOT>

stderr | src/views/repo/settings/Secrets.test.ts > repository secrets settings > preserves confirmed rows when a page-two reset starts a rejected page-one load asynchronously
[Vue warn]: Failed to resolve component: router-link
If this is a native custom element, make sure to exclude it from component resolution via compilerOptions.isCustomElement. 
  at <IconButton icon="edit" title="Edit secret" onClick=fn<onClick> > 
  at <SettingsTable key=3 min-width="720px" > 
  at <Secrets ref="VTU_COMPONENT" > 
  at <VTUROOT>
[Vue warn]: Failed to resolve component: router-link
If this is a native custom element, make sure to exclude it from component resolution via compilerOptions.isCustomElement. 
  at <IconButton icon="trash" class="text-wp-error-100" is-loading=false  ... > 
  at <SettingsTable key=3 min-width="720px" > 
  at <Secrets ref="VTU_COMPONENT" > 
  at <VTUROOT>
[Vue warn]: Failed to resolve component: router-link
If this is a native custom element, make sure to exclude it from component resolution via compilerOptions.isCustomElement. 
  at <IconButton icon="edit" title="Edit secret" onClick=fn<onClick> > 
  at <SettingsTable key=3 min-width="720px" > 
  at <Secrets ref="VTU_COMPONENT" > 
  at <VTUROOT>
[Vue warn]: Failed to resolve component: router-link
If this is a native custom element, make sure to exclude it from component resolution via compilerOptions.isCustomElement. 
  at <IconButton icon="trash" class="text-wp-error-100" is-loading=false  ... > 
  at <SettingsTable key=3 min-width="720px" > 
  at <Secrets ref="VTU_COMPONENT" > 
  at <VTUROOT>

stderr | src/views/repo/settings/Secrets.test.ts > repository secrets settings > discards an obsolete fulfilled refresh after the repository changes
[Vue warn]: Failed to resolve component: router-link
If this is a native custom element, make sure to exclude it from component resolution via compilerOptions.isCustomElement. 
  at <IconButton icon="edit" title="Edit secret" onClick=fn<onClick> > 
  at <SettingsTable key=3 min-width="720px" > 
  at <Secrets ref="VTU_COMPONENT" > 
  at <VTUROOT>
[Vue warn]: Failed to resolve component: router-link
If this is a native custom element, make sure to exclude it from component resolution via compilerOptions.isCustomElement. 
  at <IconButton icon="trash" class="text-wp-error-100" is-loading=false  ... > 
  at <SettingsTable key=3 min-width="720px" > 
  at <Secrets ref="VTU_COMPONENT" > 
  at <VTUROOT>
[Vue warn]: Failed to resolve component: router-link
If this is a native custom element, make sure to exclude it from component resolution via compilerOptions.isCustomElement. 
  at <IconButton icon="edit" title="Edit secret" onClick=fn<onClick> > 
  at <SettingsTable key=3 min-width="720px" > 
  at <Secrets ref="VTU_COMPONENT" > 
  at <VTUROOT>
[Vue warn]: Failed to resolve component: router-link
If this is a native custom element, make sure to exclude it from component resolution via compilerOptions.isCustomElement. 
  at <IconButton icon="trash" class="text-wp-error-100" is-loading=false  ... > 
  at <SettingsTable key=3 min-width="720px" > 
  at <Secrets ref="VTU_COMPONENT" > 
  at <VTUROOT>

stderr | src/views/repo/settings/Registries.test.ts > repository registries settings > does not announce or reload when an obsolete deletion completes after returning to the same repository
[Vue warn]: Failed to resolve component: router-link
If this is a native custom element, make sure to exclude it from component resolution via compilerOptions.isCustomElement. 
  at <IconButton icon="edit" title="Edit registry" onClick=fn<onClick> > 
  at <SettingsTable key=3 min-width="660px" > 
  at <Registries ref="VTU_COMPONENT" > 
  at <VTUROOT>
[Vue warn]: Failed to resolve component: router-link
If this is a native custom element, make sure to exclude it from component resolution via compilerOptions.isCustomElement. 
  at <IconButton key=0 icon="trash" class="text-wp-error-100"  ... > 
  at <SettingsTable key=3 min-width="660px" > 
  at <Registries ref="VTU_COMPONENT" > 
  at <VTUROOT>
[Vue warn]: Failed to resolve component: router-link
If this is a native custom element, make sure to exclude it from component resolution via compilerOptions.isCustomElement. 
  at <IconButton icon="edit" title="Edit registry" onClick=fn<onClick> > 
  at <SettingsTable key=3 min-width="660px" > 
  at <Registries ref="VTU_COMPONENT" > 
  at <VTUROOT>
[Vue warn]: Failed to resolve component: router-link
If this is a native custom element, make sure to exclude it from component resolution via compilerOptions.isCustomElement. 
  at <IconButton key=0 icon="trash" class="text-wp-error-100"  ... > 
  at <SettingsTable key=3 min-width="660px" > 
  at <Registries ref="VTU_COMPONENT" > 
  at <VTUROOT>
[Vue warn]: Failed to resolve component: router-link
If this is a native custom element, make sure to exclude it from component resolution via compilerOptions.isCustomElement. 
  at <IconButton icon="edit" title="Edit registry" onClick=fn<onClick> > 
  at <SettingsTable key=3 min-width="660px" > 
  at <Registries ref="VTU_COMPONENT" > 
  at <VTUROOT>
[Vue warn]: Failed to resolve component: router-link
If this is a native custom element, make sure to exclude it from component resolution via compilerOptions.isCustomElement. 
  at <IconButton key=0 icon="trash" class="text-wp-error-100"  ... > 
  at <SettingsTable key=3 min-width="660px" > 
  at <Registries ref="VTU_COMPONENT" > 
  at <VTUROOT>
[Vue warn]: Failed to resolve component: router-link
If this is a native custom element, make sure to exclude it from component resolution via compilerOptions.isCustomElement. 
  at <IconButton icon="edit" title="Edit registry" onClick=fn<onClick> > 
  at <SettingsTable key=3 min-width="660px" > 
  at <Registries ref="VTU_COMPONENT" > 
  at <VTUROOT>
[Vue warn]: Failed to resolve component: router-link
If this is a native custom element, make sure to exclude it from component resolution via compilerOptions.isCustomElement. 
  at <IconButton key=0 icon="trash" class="text-wp-error-100"  ... > 
  at <SettingsTable key=3 min-width="660px" > 
  at <Registries ref="VTU_COMPONENT" > 
  at <VTUROOT>
[Vue warn]: Failed to resolve component: router-link
If this is a native custom element, make sure to exclude it from component resolution via compilerOptions.isCustomElement. 
  at <IconButton icon="edit" title="Edit registry" onClick=fn<onClick> > 
  at <SettingsTable key=3 min-width="660px" > 
  at <Registries ref="VTU_COMPONENT" > 
  at <VTUROOT>
[Vue warn]: Failed to resolve component: router-link
If this is a native custom element, make sure to exclude it from component resolution via compilerOptions.isCustomElement. 
  at <IconButton key=0 icon="trash" class="text-wp-error-100"  ... > 
  at <SettingsTable key=3 min-width="660px" > 
  at <Registries ref="VTU_COMPONENT" > 
  at <VTUROOT>
[Vue warn]: Failed to resolve component: router-link
If this is a native custom element, make sure to exclude it from component resolution via compilerOptions.isCustomElement. 
  at <IconButton icon="edit" title="Edit registry" onClick=fn<onClick> > 
  at <SettingsTable key=3 min-width="660px" > 
  at <Registries ref="VTU_COMPONENT" > 
  at <VTUROOT>
[Vue warn]: Failed to resolve component: router-link
If this is a native custom element, make sure to exclude it from component resolution via compilerOptions.isCustomElement. 
  at <IconButton key=0 icon="trash" class="text-wp-error-100"  ... > 
  at <SettingsTable key=3 min-width="660px" > 
  at <Registries ref="VTU_COMPONENT" > 
  at <VTUROOT>

stderr | src/views/repo/settings/Secrets.test.ts > repository secrets settings > discards an obsolete fulfilled refresh after the repository changes
[Vue warn]: Failed to resolve component: router-link
If this is a native custom element, make sure to exclude it from component resolution via compilerOptions.isCustomElement. 
  at <IconButton icon="edit" title="Edit secret" onClick=fn<onClick> > 
  at <SettingsTable key=3 min-width="720px" > 
  at <Secrets ref="VTU_COMPONENT" > 
  at <VTUROOT>
[Vue warn]: Failed to resolve component: router-link
If this is a native custom element, make sure to exclude it from component resolution via compilerOptions.isCustomElement. 
  at <IconButton icon="trash" class="text-wp-error-100" is-loading=false  ... > 
  at <SettingsTable key=3 min-width="720px" > 
  at <Secrets ref="VTU_COMPONENT" > 
  at <VTUROOT>
[Vue warn]: Failed to resolve component: router-link
If this is a native custom element, make sure to exclude it from component resolution via compilerOptions.isCustomElement. 
  at <IconButton icon="edit" title="Edit secret" onClick=fn<onClick> > 
  at <SettingsTable key=3 min-width="720px" > 
  at <Secrets ref="VTU_COMPONENT" > 
  at <VTUROOT>
[Vue warn]: Failed to resolve component: router-link
If this is a native custom element, make sure to exclude it from component resolution via compilerOptions.isCustomElement. 
  at <IconButton icon="trash" class="text-wp-error-100" is-loading=false  ... > 
  at <SettingsTable key=3 min-width="720px" > 
  at <Secrets ref="VTU_COMPONENT" > 
  at <VTUROOT>
[Vue warn]: Failed to resolve component: router-link
If this is a native custom element, make sure to exclude it from component resolution via compilerOptions.isCustomElement. 
  at <IconButton icon="edit" title="Edit secret" onClick=fn<onClick> > 
  at <SettingsTable key=3 min-width="720px" > 
  at <Secrets ref="VTU_COMPONENT" > 
  at <VTUROOT>
[Vue warn]: Failed to resolve component: router-link
If this is a native custom element, make sure to exclude it from component resolution via compilerOptions.isCustomElement. 
  at <IconButton icon="trash" class="text-wp-error-100" is-loading=false  ... > 
  at <SettingsTable key=3 min-width="720px" > 
  at <Secrets ref="VTU_COMPONENT" > 
  at <VTUROOT>
[Vue warn]: Failed to resolve component: router-link
If this is a native custom element, make sure to exclude it from component resolution via compilerOptions.isCustomElement. 
  at <IconButton icon="edit" title="Edit secret" onClick=fn<onClick> > 
  at <SettingsTable key=3 min-width="720px" > 
  at <Secrets ref="VTU_COMPONENT" > 
  at <VTUROOT>
[Vue warn]: Failed to resolve component: router-link
If this is a native custom element, make sure to exclude it from component resolution via compilerOptions.isCustomElement. 
  at <IconButton icon="trash" class="text-wp-error-100" is-loading=false  ... > 
  at <SettingsTable key=3 min-width="720px" > 
  at <Secrets ref="VTU_COMPONENT" > 
  at <VTUROOT>

stderr | src/views/repo/settings/Secrets.test.ts > repository secrets settings > ignores an obsolete rejected refresh after the repository changes
[Vue warn]: Failed to resolve component: router-link
If this is a native custom element, make sure to exclude it from component resolution via compilerOptions.isCustomElement. 
  at <IconButton icon="edit" title="Edit secret" onClick=fn<onClick> > 
  at <SettingsTable key=3 min-width="720px" > 
  at <Secrets ref="VTU_COMPONENT" > 
  at <VTUROOT>
[Vue warn]: Failed to resolve component: router-link
If this is a native custom element, make sure to exclude it from component resolution via compilerOptions.isCustomElement. 
  at <IconButton icon="trash" class="text-wp-error-100" is-loading=false  ... > 
  at <SettingsTable key=3 min-width="720px" > 
  at <Secrets ref="VTU_COMPONENT" > 
  at <VTUROOT>
[Vue warn]: Failed to resolve component: router-link
If this is a native custom element, make sure to exclude it from component resolution via compilerOptions.isCustomElement. 
  at <IconButton icon="edit" title="Edit secret" onClick=fn<onClick> > 
  at <SettingsTable key=3 min-width="720px" > 
  at <Secrets ref="VTU_COMPONENT" > 
  at <VTUROOT>
[Vue warn]: Failed to resolve component: router-link
If this is a native custom element, make sure to exclude it from component resolution via compilerOptions.isCustomElement. 
  at <IconButton icon="trash" class="text-wp-error-100" is-loading=false  ... > 
  at <SettingsTable key=3 min-width="720px" > 
  at <Secrets ref="VTU_COMPONENT" > 
  at <VTUROOT>

stderr | src/views/repo/settings/Registries.test.ts > repository registries settings > clears editor state and reloads when the repository changes
[Vue warn]: Failed to resolve component: router-link
If this is a native custom element, make sure to exclude it from component resolution via compilerOptions.isCustomElement. 
  at <IconButton icon="edit" title="Edit registry" onClick=fn<onClick> > 
  at <SettingsTable key=3 min-width="660px" > 
  at <Registries ref="VTU_COMPONENT" > 
  at <VTUROOT>
[Vue warn]: Failed to resolve component: router-link
If this is a native custom element, make sure to exclude it from component resolution via compilerOptions.isCustomElement. 
  at <IconButton key=0 icon="trash" class="text-wp-error-100"  ... > 
  at <SettingsTable key=3 min-width="660px" > 
  at <Registries ref="VTU_COMPONENT" > 
  at <VTUROOT>
[Vue warn]: Failed to resolve component: router-link
If this is a native custom element, make sure to exclude it from component resolution via compilerOptions.isCustomElement. 
  at <IconButton icon="edit" title="Edit registry" onClick=fn<onClick> > 
  at <SettingsTable key=3 min-width="660px" > 
  at <Registries ref="VTU_COMPONENT" > 
  at <VTUROOT>
[Vue warn]: Failed to resolve component: router-link
If this is a native custom element, make sure to exclude it from component resolution via compilerOptions.isCustomElement. 
  at <IconButton key=0 icon="trash" class="text-wp-error-100"  ... > 
  at <SettingsTable key=3 min-width="660px" > 
  at <Registries ref="VTU_COMPONENT" > 
  at <VTUROOT>
[Vue warn]: Failed to resolve component: router-link
If this is a native custom element, make sure to exclude it from component resolution via compilerOptions.isCustomElement. 
  at <IconButton icon="edit" title="Edit registry" onClick=fn<onClick> > 
  at <SettingsTable key=3 min-width="660px" > 
  at <Registries ref="VTU_COMPONENT" > 
  at <VTUROOT>
[Vue warn]: Failed to resolve component: router-link
If this is a native custom element, make sure to exclude it from component resolution via compilerOptions.isCustomElement. 
  at <IconButton key=0 icon="trash" class="text-wp-error-100"  ... > 
  at <SettingsTable key=3 min-width="660px" > 
  at <Registries ref="VTU_COMPONENT" > 
  at <VTUROOT>
[Vue warn]: Failed to resolve component: router-link
If this is a native custom element, make sure to exclude it from component resolution via compilerOptions.isCustomElement. 
  at <IconButton icon="edit" title="Edit registry" onClick=fn<onClick> > 
  at <SettingsTable key=3 min-width="660px" > 
  at <Registries ref="VTU_COMPONENT" > 
  at <VTUROOT>
[Vue warn]: Failed to resolve component: router-link
If this is a native custom element, make sure to exclude it from component resolution via compilerOptions.isCustomElement. 
  at <IconButton key=0 icon="trash" class="text-wp-error-100"  ... > 
  at <SettingsTable key=3 min-width="660px" > 
  at <Registries ref="VTU_COMPONENT" > 
  at <VTUROOT>
[Vue warn]: Failed to resolve component: router-link
If this is a native custom element, make sure to exclude it from component resolution via compilerOptions.isCustomElement. 
  at <IconButton icon="edit" title="Edit registry" onClick=fn<onClick> > 
  at <SettingsTable key=3 min-width="660px" > 
  at <Registries ref="VTU_COMPONENT" > 
  at <VTUROOT>
[Vue warn]: Failed to resolve component: router-link
If this is a native custom element, make sure to exclude it from component resolution via compilerOptions.isCustomElement. 
  at <IconButton key=0 icon="trash" class="text-wp-error-100"  ... > 
  at <SettingsTable key=3 min-width="660px" > 
  at <Registries ref="VTU_COMPONENT" > 
  at <VTUROOT>
[Vue warn]: Failed to resolve component: router-link
If this is a native custom element, make sure to exclude it from component resolution via compilerOptions.isCustomElement. 
  at <IconButton icon="edit" title="Edit registry" onClick=fn<onClick> > 
  at <SettingsTable key=3 min-width="660px" > 
  at <Registries ref="VTU_COMPONENT" > 
  at <VTUROOT>
[Vue warn]: Failed to resolve component: router-link
If this is a native custom element, make sure to exclude it from component resolution via compilerOptions.isCustomElement. 
  at <IconButton key=0 icon="trash" class="text-wp-error-100"  ... > 
  at <SettingsTable key=3 min-width="660px" > 
  at <Registries ref="VTU_COMPONENT" > 
  at <VTUROOT>
[Vue warn]: Failed to resolve component: router-link
If this is a native custom element, make sure to exclude it from component resolution via compilerOptions.isCustomElement. 
  at <IconButton icon="edit" title="Edit registry" onClick=fn<onClick> > 
  at <SettingsTable key=3 min-width="660px" > 
  at <Registries ref="VTU_COMPONENT" > 
  at <VTUROOT>
[Vue warn]: Failed to resolve component: router-link
If this is a native custom element, make sure to exclude it from component resolution via compilerOptions.isCustomElement. 
  at <IconButton key=0 icon="trash" class="text-wp-error-100"  ... > 
  at <SettingsTable key=3 min-width="660px" > 
  at <Registries ref="VTU_COMPONENT" > 
  at <VTUROOT>

stderr | src/views/repo/settings/Crons.test.ts > repository cron settings > keeps confirmed cron rows unchanged after canceling or failing an edit
[Vue warn]: Failed to resolve component: router-link
If this is a native custom element, make sure to exclude it from component resolution via compilerOptions.isCustomElement. 
  at <IconButton icon="play-outline" is-loading=false title="Run now"  ... > 
  at <SettingsTable key=3 min-width="820px" > 
  at <Crons ref="VTU_COMPONENT" > 
  at <VTUROOT>
[Vue warn]: Failed to resolve component: router-link
If this is a native custom element, make sure to exclude it from component resolution via compilerOptions.isCustomElement. 
  at <IconButton icon="edit" title="Edit cron" onClick=fn<onClick> > 
  at <SettingsTable key=3 min-width="820px" > 
  at <Crons ref="VTU_COMPONENT" > 
  at <VTUROOT>
[Vue warn]: Failed to resolve component: router-link
If this is a native custom element, make sure to exclude it from component resolution via compilerOptions.isCustomElement. 
  at <IconButton icon="trash" class="text-wp-error-100" is-loading=false  ... > 
  at <SettingsTable key=3 min-width="820px" > 
  at <Crons ref="VTU_COMPONENT" > 
  at <VTUROOT>
[Vue warn]: Failed to resolve component: router-link
If this is a native custom element, make sure to exclude it from component resolution via compilerOptions.isCustomElement. 
  at <IconButton icon="play-outline" is-loading=false title="Run now"  ... > 
  at <SettingsTable key=3 min-width="820px" > 
  at <Crons ref="VTU_COMPONENT" > 
  at <VTUROOT>
[Vue warn]: Failed to resolve component: router-link
If this is a native custom element, make sure to exclude it from component resolution via compilerOptions.isCustomElement. 
  at <IconButton icon="edit" title="Edit cron" onClick=fn<onClick> > 
  at <SettingsTable key=3 min-width="820px" > 
  at <Crons ref="VTU_COMPONENT" > 
  at <VTUROOT>
[Vue warn]: Failed to resolve component: router-link
If this is a native custom element, make sure to exclude it from component resolution via compilerOptions.isCustomElement. 
  at <IconButton icon="trash" class="text-wp-error-100" is-loading=false  ... > 
  at <SettingsTable key=3 min-width="820px" > 
  at <Crons ref="VTU_COMPONENT" > 
  at <VTUROOT>
[Vue warn]: Failed to resolve component: router-link
If this is a native custom element, make sure to exclude it from component resolution via compilerOptions.isCustomElement. 
  at <IconButton icon="play-outline" is-loading=false title="Run now"  ... > 
  at <SettingsTable key=3 min-width="820px" > 
  at <Crons ref="VTU_COMPONENT" > 
  at <VTUROOT>
[Vue warn]: Failed to resolve component: router-link
If this is a native custom element, make sure to exclude it from component resolution via compilerOptions.isCustomElement. 
  at <IconButton icon="edit" title="Edit cron" onClick=fn<onClick> > 
  at <SettingsTable key=3 min-width="820px" > 
  at <Crons ref="VTU_COMPONENT" > 
  at <VTUROOT>
[Vue warn]: Failed to resolve component: router-link
If this is a native custom element, make sure to exclude it from component resolution via compilerOptions.isCustomElement. 
  at <IconButton icon="trash" class="text-wp-error-100" is-loading=false  ... > 
  at <SettingsTable key=3 min-width="820px" > 
  at <Crons ref="VTU_COMPONENT" > 
  at <VTUROOT>
[Vue warn]: Failed to resolve component: router-link
If this is a native custom element, make sure to exclude it from component resolution via compilerOptions.isCustomElement. 
  at <IconButton icon="play-outline" is-loading=false title="Run now"  ... > 
  at <SettingsTable key=3 min-width="820px" > 
  at <Crons ref="VTU_COMPONENT" > 
  at <VTUROOT>
[Vue warn]: Failed to resolve component: router-link
If this is a native custom element, make sure to exclude it from component resolution via compilerOptions.isCustomElement. 
  at <IconButton icon="edit" title="Edit cron" onClick=fn<onClick> > 
  at <SettingsTable key=3 min-width="820px" > 
  at <Crons ref="VTU_COMPONENT" > 
  at <VTUROOT>
[Vue warn]: Failed to resolve component: router-link
If this is a native custom element, make sure to exclude it from component resolution via compilerOptions.isCustomElement. 
  at <IconButton icon="trash" class="text-wp-error-100" is-loading=false  ... > 
  at <SettingsTable key=3 min-width="820px" > 
  at <Crons ref="VTU_COMPONENT" > 
  at <VTUROOT>
[Vue warn]: Failed to resolve component: router-link
If this is a native custom element, make sure to exclude it from component resolution via compilerOptions.isCustomElement. 
  at <IconButton icon="play-outline" is-loading=false title="Run now"  ... > 
  at <SettingsTable key=3 min-width="820px" > 
  at <Crons ref="VTU_COMPONENT" > 
  at <VTUROOT>
[Vue warn]: Failed to resolve component: router-link
If this is a native custom element, make sure to exclude it from component resolution via compilerOptions.isCustomElement. 
  at <IconButton icon="edit" title="Edit cron" onClick=fn<onClick> > 
  at <SettingsTable key=3 min-width="820px" > 
  at <Crons ref="VTU_COMPONENT" > 
  at <VTUROOT>
[Vue warn]: Failed to resolve component: router-link
If this is a native custom element, make sure to exclude it from component resolution via compilerOptions.isCustomElement. 
  at <IconButton icon="trash" class="text-wp-error-100" is-loading=false  ... > 
  at <SettingsTable key=3 min-width="820px" > 
  at <Crons ref="VTU_COMPONENT" > 
  at <VTUROOT>
[Vue warn]: Failed to resolve component: router-link
If this is a native custom element, make sure to exclude it from component resolution via compilerOptions.isCustomElement. 
  at <IconButton icon="play-outline" is-loading=false title="Run now"  ... > 
  at <SettingsTable key=3 min-width="820px" > 
  at <Crons ref="VTU_COMPONENT" > 
  at <VTUROOT>
[Vue warn]: Failed to resolve component: router-link
If this is a native custom element, make sure to exclude it from component resolution via compilerOptions.isCustomElement. 
  at <IconButton icon="edit" title="Edit cron" onClick=fn<onClick> > 
  at <SettingsTable key=3 min-width="820px" > 
  at <Crons ref="VTU_COMPONENT" > 
  at <VTUROOT>
[Vue warn]: Failed to resolve component: router-link
If this is a native custom element, make sure to exclude it from component resolution via compilerOptions.isCustomElement. 
  at <IconButton icon="trash" class="text-wp-error-100" is-loading=false  ... > 
  at <SettingsTable key=3 min-width="820px" > 
  at <Crons ref="VTU_COMPONENT" > 
  at <VTUROOT>
[Vue warn]: Failed to resolve component: router-link
If this is a native custom element, make sure to exclude it from component resolution via compilerOptions.isCustomElement. 
  at <IconButton icon="play-outline" is-loading=false title="Run now"  ... > 
  at <SettingsTable key=3 min-width="820px" > 
  at <Crons ref="VTU_COMPONENT" > 
  at <VTUROOT>
[Vue warn]: Failed to resolve component: router-link
If this is a native custom element, make sure to exclude it from component resolution via compilerOptions.isCustomElement. 
  at <IconButton icon="edit" title="Edit cron" onClick=fn<onClick> > 
  at <SettingsTable key=3 min-width="820px" > 
  at <Crons ref="VTU_COMPONENT" > 
  at <VTUROOT>
[Vue warn]: Failed to resolve component: router-link
If this is a native custom element, make sure to exclude it from component resolution via compilerOptions.isCustomElement. 
  at <IconButton icon="trash" class="text-wp-error-100" is-loading=false  ... > 
  at <SettingsTable key=3 min-width="820px" > 
  at <Crons ref="VTU_COMPONENT" > 
  at <VTUROOT>

stderr | src/views/repo/settings/Secrets.test.ts > repository secrets settings > ignores an obsolete rejected refresh after the repository changes
[Vue warn]: Failed to resolve component: router-link
If this is a native custom element, make sure to exclude it from component resolution via compilerOptions.isCustomElement. 
  at <IconButton icon="edit" title="Edit secret" onClick=fn<onClick> > 
  at <SettingsTable key=3 min-width="720px" > 
  at <Secrets ref="VTU_COMPONENT" > 
  at <VTUROOT>
[Vue warn]: Failed to resolve component: router-link
If this is a native custom element, make sure to exclude it from component resolution via compilerOptions.isCustomElement. 
  at <IconButton icon="trash" class="text-wp-error-100" is-loading=false  ... > 
  at <SettingsTable key=3 min-width="720px" > 
  at <Secrets ref="VTU_COMPONENT" > 
  at <VTUROOT>
[Vue warn]: Failed to resolve component: router-link
If this is a native custom element, make sure to exclude it from component resolution via compilerOptions.isCustomElement. 
  at <IconButton icon="edit" title="Edit secret" onClick=fn<onClick> > 
  at <SettingsTable key=3 min-width="720px" > 
  at <Secrets ref="VTU_COMPONENT" > 
  at <VTUROOT>
[Vue warn]: Failed to resolve component: router-link
If this is a native custom element, make sure to exclude it from component resolution via compilerOptions.isCustomElement. 
  at <IconButton icon="trash" class="text-wp-error-100" is-loading=false  ... > 
  at <SettingsTable key=3 min-width="720px" > 
  at <Secrets ref="VTU_COMPONENT" > 
  at <VTUROOT>
[Vue warn]: Failed to resolve component: router-link
If this is a native custom element, make sure to exclude it from component resolution via compilerOptions.isCustomElement. 
  at <IconButton icon="edit" title="Edit secret" onClick=fn<onClick> > 
  at <SettingsTable key=3 min-width="720px" > 
  at <Secrets ref="VTU_COMPONENT" > 
  at <VTUROOT>
[Vue warn]: Failed to resolve component: router-link
If this is a native custom element, make sure to exclude it from component resolution via compilerOptions.isCustomElement. 
  at <IconButton icon="trash" class="text-wp-error-100" is-loading=false  ... > 
  at <SettingsTable key=3 min-width="720px" > 
  at <Secrets ref="VTU_COMPONENT" > 
  at <VTUROOT>
[Vue warn]: Failed to resolve component: router-link
If this is a native custom element, make sure to exclude it from component resolution via compilerOptions.isCustomElement. 
  at <IconButton icon="edit" title="Edit secret" onClick=fn<onClick> > 
  at <SettingsTable key=3 min-width="720px" > 
  at <Secrets ref="VTU_COMPONENT" > 
  at <VTUROOT>
[Vue warn]: Failed to resolve component: router-link
If this is a native custom element, make sure to exclude it from component resolution via compilerOptions.isCustomElement. 
  at <IconButton icon="trash" class="text-wp-error-100" is-loading=false  ... > 
  at <SettingsTable key=3 min-width="720px" > 
  at <Secrets ref="VTU_COMPONENT" > 
  at <VTUROOT>
[Vue warn]: Failed to resolve component: router-link
If this is a native custom element, make sure to exclude it from component resolution via compilerOptions.isCustomElement. 
  at <IconButton icon="edit" title="Edit secret" onClick=fn<onClick> > 
  at <SettingsTable key=3 min-width="720px" > 
  at <Secrets ref="VTU_COMPONENT" > 
  at <VTUROOT>
[Vue warn]: Failed to resolve component: router-link
If this is a native custom element, make sure to exclude it from component resolution via compilerOptions.isCustomElement. 
  at <IconButton icon="trash" class="text-wp-error-100" is-loading=false  ... > 
  at <SettingsTable key=3 min-width="720px" > 
  at <Secrets ref="VTU_COMPONENT" > 
  at <VTUROOT>

stderr | src/views/repo/settings/Crons.test.ts > repository cron settings > keeps confirmed cron rows unchanged after canceling or failing an edit
[Vue warn]: Failed to resolve component: router-link
If this is a native custom element, make sure to exclude it from component resolution via compilerOptions.isCustomElement. 
  at <IconButton icon="play-outline" is-loading=false title="Run now"  ... > 
  at <SettingsTable key=3 min-width="820px" > 
  at <Crons ref="VTU_COMPONENT" > 
  at <VTUROOT>
[Vue warn]: Failed to resolve component: router-link
If this is a native custom element, make sure to exclude it from component resolution via compilerOptions.isCustomElement. 
  at <IconButton icon="edit" title="Edit cron" onClick=fn<onClick> > 
  at <SettingsTable key=3 min-width="820px" > 
  at <Crons ref="VTU_COMPONENT" > 
  at <VTUROOT>
[Vue warn]: Failed to resolve component: router-link
If this is a native custom element, make sure to exclude it from component resolution via compilerOptions.isCustomElement. 
  at <IconButton icon="trash" class="text-wp-error-100" is-loading=false  ... > 
  at <SettingsTable key=3 min-width="820px" > 
  at <Crons ref="VTU_COMPONENT" > 
  at <VTUROOT>

stderr | src/views/repo/settings/Secrets.test.ts > repository secrets settings > ignores an obsolete rejection after returning to the same repository
[Vue warn]: Failed to resolve component: router-link
If this is a native custom element, make sure to exclude it from component resolution via compilerOptions.isCustomElement. 
  at <IconButton icon="edit" title="Edit secret" onClick=fn<onClick> > 
  at <SettingsTable key=3 min-width="720px" > 
  at <Secrets ref="VTU_COMPONENT" > 
  at <VTUROOT>
[Vue warn]: Failed to resolve component: router-link
If this is a native custom element, make sure to exclude it from component resolution via compilerOptions.isCustomElement. 
  at <IconButton icon="trash" class="text-wp-error-100" is-loading=false  ... > 
  at <SettingsTable key=3 min-width="720px" > 
  at <Secrets ref="VTU_COMPONENT" > 
  at <VTUROOT>
[Vue warn]: Failed to resolve component: router-link
If this is a native custom element, make sure to exclude it from component resolution via compilerOptions.isCustomElement. 
  at <IconButton icon="edit" title="Edit secret" onClick=fn<onClick> > 
  at <SettingsTable key=3 min-width="720px" > 
  at <Secrets ref="VTU_COMPONENT" > 
  at <VTUROOT>
[Vue warn]: Failed to resolve component: router-link
If this is a native custom element, make sure to exclude it from component resolution via compilerOptions.isCustomElement. 
  at <IconButton icon="trash" class="text-wp-error-100" is-loading=false  ... > 
  at <SettingsTable key=3 min-width="720px" > 
  at <Secrets ref="VTU_COMPONENT" > 
  at <VTUROOT>

stderr | src/views/repo/settings/Secrets.test.ts > repository secrets settings > ignores an obsolete rejection after returning to the same repository
[Vue warn]: Failed to resolve component: router-link
If this is a native custom element, make sure to exclude it from component resolution via compilerOptions.isCustomElement. 
  at <IconButton icon="edit" title="Edit secret" onClick=fn<onClick> > 
  at <SettingsTable key=3 min-width="720px" > 
  at <Secrets ref="VTU_COMPONENT" > 
  at <VTUROOT>
[Vue warn]: Failed to resolve component: router-link
If this is a native custom element, make sure to exclude it from component resolution via compilerOptions.isCustomElement. 
  at <IconButton icon="trash" class="text-wp-error-100" is-loading=false  ... > 
  at <SettingsTable key=3 min-width="720px" > 
  at <Secrets ref="VTU_COMPONENT" > 
  at <VTUROOT>
[Vue warn]: Failed to resolve component: router-link
If this is a native custom element, make sure to exclude it from component resolution via compilerOptions.isCustomElement. 
  at <IconButton icon="edit" title="Edit secret" onClick=fn<onClick> > 
  at <SettingsTable key=3 min-width="720px" > 
  at <Secrets ref="VTU_COMPONENT" > 
  at <VTUROOT>
[Vue warn]: Failed to resolve component: router-link
If this is a native custom element, make sure to exclude it from component resolution via compilerOptions.isCustomElement. 
  at <IconButton icon="trash" class="text-wp-error-100" is-loading=false  ... > 
  at <SettingsTable key=3 min-width="720px" > 
  at <Secrets ref="VTU_COMPONENT" > 
  at <VTUROOT>
[Vue warn]: Failed to resolve component: router-link
If this is a native custom element, make sure to exclude it from component resolution via compilerOptions.isCustomElement. 
  at <IconButton icon="edit" title="Edit secret" onClick=fn<onClick> > 
  at <SettingsTable key=3 min-width="720px" > 
  at <Secrets ref="VTU_COMPONENT" > 
  at <VTUROOT>
[Vue warn]: Failed to resolve component: router-link
If this is a native custom element, make sure to exclude it from component resolution via compilerOptions.isCustomElement. 
  at <IconButton icon="trash" class="text-wp-error-100" is-loading=false  ... > 
  at <SettingsTable key=3 min-width="720px" > 
  at <Secrets ref="VTU_COMPONENT" > 
  at <VTUROOT>
[Vue warn]: Failed to resolve component: router-link
If this is a native custom element, make sure to exclude it from component resolution via compilerOptions.isCustomElement. 
  at <IconButton icon="edit" title="Edit secret" onClick=fn<onClick> > 
  at <SettingsTable key=3 min-width="720px" > 
  at <Secrets ref="VTU_COMPONENT" > 
  at <VTUROOT>
[Vue warn]: Failed to resolve component: router-link
If this is a native custom element, make sure to exclude it from component resolution via compilerOptions.isCustomElement. 
  at <IconButton icon="trash" class="text-wp-error-100" is-loading=false  ... > 
  at <SettingsTable key=3 min-width="720px" > 
  at <Secrets ref="VTU_COMPONENT" > 
  at <VTUROOT>
[Vue warn]: Failed to resolve component: router-link
If this is a native custom element, make sure to exclude it from component resolution via compilerOptions.isCustomElement. 
  at <IconButton icon="edit" title="Edit secret" onClick=fn<onClick> > 
  at <SettingsTable key=3 min-width="720px" > 
  at <Secrets ref="VTU_COMPONENT" > 
  at <VTUROOT>
[Vue warn]: Failed to resolve component: router-link
If this is a native custom element, make sure to exclude it from component resolution via compilerOptions.isCustomElement. 
  at <IconButton icon="trash" class="text-wp-error-100" is-loading=false  ... > 
  at <SettingsTable key=3 min-width="720px" > 
  at <Secrets ref="VTU_COMPONENT" > 
  at <VTUROOT>
[Vue warn]: Failed to resolve component: router-link
If this is a native custom element, make sure to exclude it from component resolution via compilerOptions.isCustomElement. 
  at <IconButton icon="edit" title="Edit secret" onClick=fn<onClick> > 
  at <SettingsTable key=3 min-width="720px" > 
  at <Secrets ref="VTU_COMPONENT" > 
  at <VTUROOT>
[Vue warn]: Failed to resolve component: router-link
If this is a native custom element, make sure to exclude it from component resolution via compilerOptions.isCustomElement. 
  at <IconButton icon="trash" class="text-wp-error-100" is-loading=false  ... > 
  at <SettingsTable key=3 min-width="720px" > 
  at <Secrets ref="VTU_COMPONENT" > 
  at <VTUROOT>

stderr | src/views/repo/settings/Secrets.test.ts > repository secrets settings > ignores an obsolete rejection after returning to the same repository
[Vue warn]: Failed to resolve component: router-link
If this is a native custom element, make sure to exclude it from component resolution via compilerOptions.isCustomElement. 
  at <IconButton icon="edit" title="Edit secret" onClick=fn<onClick> > 
  at <SettingsTable key=3 min-width="720px" > 
  at <Secrets ref="VTU_COMPONENT" > 
  at <VTUROOT>
[Vue warn]: Failed to resolve component: router-link
If this is a native custom element, make sure to exclude it from component resolution via compilerOptions.isCustomElement. 
  at <IconButton icon="trash" class="text-wp-error-100" is-loading=false  ... > 
  at <SettingsTable key=3 min-width="720px" > 
  at <Secrets ref="VTU_COMPONENT" > 
  at <VTUROOT>
[Vue warn]: Failed to resolve component: router-link
If this is a native custom element, make sure to exclude it from component resolution via compilerOptions.isCustomElement. 
  at <IconButton icon="edit" title="Edit secret" onClick=fn<onClick> > 
  at <SettingsTable key=3 min-width="720px" > 
  at <Secrets ref="VTU_COMPONENT" > 
  at <VTUROOT>
[Vue warn]: Failed to resolve component: router-link
If this is a native custom element, make sure to exclude it from component resolution via compilerOptions.isCustomElement. 
  at <IconButton icon="trash" class="text-wp-error-100" is-loading=false  ... > 
  at <SettingsTable key=3 min-width="720px" > 
  at <Secrets ref="VTU_COMPONENT" > 
  at <VTUROOT>
[Vue warn]: Failed to resolve component: router-link
If this is a native custom element, make sure to exclude it from component resolution via compilerOptions.isCustomElement. 
  at <IconButton icon="edit" title="Edit secret" onClick=fn<onClick> > 
  at <SettingsTable key=3 min-width="720px" > 
  at <Secrets ref="VTU_COMPONENT" > 
  at <VTUROOT>
[Vue warn]: Failed to resolve component: router-link
If this is a native custom element, make sure to exclude it from component resolution via compilerOptions.isCustomElement. 
  at <IconButton icon="trash" class="text-wp-error-100" is-loading=false  ... > 
  at <SettingsTable key=3 min-width="720px" > 
  at <Secrets ref="VTU_COMPONENT" > 
  at <VTUROOT>
[Vue warn]: Failed to resolve component: router-link
If this is a native custom element, make sure to exclude it from component resolution via compilerOptions.isCustomElement. 
  at <IconButton icon="edit" title="Edit secret" onClick=fn<onClick> > 
  at <SettingsTable key=3 min-width="720px" > 
  at <Secrets ref="VTU_COMPONENT" > 
  at <VTUROOT>
[Vue warn]: Failed to resolve component: router-link
If this is a native custom element, make sure to exclude it from component resolution via compilerOptions.isCustomElement. 
  at <IconButton icon="trash" class="text-wp-error-100" is-loading=false  ... > 
  at <SettingsTable key=3 min-width="720px" > 
  at <Secrets ref="VTU_COMPONENT" > 
  at <VTUROOT>
[Vue warn]: Failed to resolve component: router-link
If this is a native custom element, make sure to exclude it from component resolution via compilerOptions.isCustomElement. 
  at <IconButton icon="edit" title="Edit secret" onClick=fn<onClick> > 
  at <SettingsTable key=3 min-width="720px" > 
  at <Secrets ref="VTU_COMPONENT" > 
  at <VTUROOT>
[Vue warn]: Failed to resolve component: router-link
If this is a native custom element, make sure to exclude it from component resolution via compilerOptions.isCustomElement. 
  at <IconButton icon="trash" class="text-wp-error-100" is-loading=false  ... > 
  at <SettingsTable key=3 min-width="720px" > 
  at <Secrets ref="VTU_COMPONENT" > 
  at <VTUROOT>
[Vue warn]: Failed to resolve component: router-link
If this is a native custom element, make sure to exclude it from component resolution via compilerOptions.isCustomElement. 
  at <IconButton icon="edit" title="Edit secret" onClick=fn<onClick> > 
  at <SettingsTable key=3 min-width="720px" > 
  at <Secrets ref="VTU_COMPONENT" > 
  at <VTUROOT>
[Vue warn]: Failed to resolve component: router-link
If this is a native custom element, make sure to exclude it from component resolution via compilerOptions.isCustomElement. 
  at <IconButton icon="trash" class="text-wp-error-100" is-loading=false  ... > 
  at <SettingsTable key=3 min-width="720px" > 
  at <Secrets ref="VTU_COMPONENT" > 
  at <VTUROOT>

stderr | src/views/repo/settings/Crons.test.ts > repository cron settings > clears editor state and reloads when the repository changes
[Vue warn]: Failed to resolve component: router-link
If this is a native custom element, make sure to exclude it from component resolution via compilerOptions.isCustomElement. 
  at <IconButton icon="play-outline" is-loading=false title="Run now"  ... > 
  at <SettingsTable key=3 min-width="820px" > 
  at <Crons ref="VTU_COMPONENT" > 
  at <VTUROOT>
[Vue warn]: Failed to resolve component: router-link
If this is a native custom element, make sure to exclude it from component resolution via compilerOptions.isCustomElement. 
  at <IconButton icon="edit" title="Edit cron" onClick=fn<onClick> > 
  at <SettingsTable key=3 min-width="820px" > 
  at <Crons ref="VTU_COMPONENT" > 
  at <VTUROOT>
[Vue warn]: Failed to resolve component: router-link
If this is a native custom element, make sure to exclude it from component resolution via compilerOptions.isCustomElement. 
  at <IconButton icon="trash" class="text-wp-error-100" is-loading=false  ... > 
  at <SettingsTable key=3 min-width="820px" > 
  at <Crons ref="VTU_COMPONENT" > 
  at <VTUROOT>
[Vue warn]: Failed to resolve component: router-link
If this is a native custom element, make sure to exclude it from component resolution via compilerOptions.isCustomElement. 
  at <IconButton icon="play-outline" is-loading=false title="Run now"  ... > 
  at <SettingsTable key=3 min-width="820px" > 
  at <Crons ref="VTU_COMPONENT" > 
  at <VTUROOT>
[Vue warn]: Failed to resolve component: router-link
If this is a native custom element, make sure to exclude it from component resolution via compilerOptions.isCustomElement. 
  at <IconButton icon="edit" title="Edit cron" onClick=fn<onClick> > 
  at <SettingsTable key=3 min-width="820px" > 
  at <Crons ref="VTU_COMPONENT" > 
  at <VTUROOT>
[Vue warn]: Failed to resolve component: router-link
If this is a native custom element, make sure to exclude it from component resolution via compilerOptions.isCustomElement. 
  at <IconButton icon="trash" class="text-wp-error-100" is-loading=false  ... > 
  at <SettingsTable key=3 min-width="820px" > 
  at <Crons ref="VTU_COMPONENT" > 
  at <VTUROOT>
[Vue warn]: Failed to resolve component: router-link
If this is a native custom element, make sure to exclude it from component resolution via compilerOptions.isCustomElement. 
  at <IconButton icon="play-outline" is-loading=false title="Run now"  ... > 
  at <SettingsTable key=3 min-width="820px" > 
  at <Crons ref="VTU_COMPONENT" > 
  at <VTUROOT>
[Vue warn]: Failed to resolve component: router-link
If this is a native custom element, make sure to exclude it from component resolution via compilerOptions.isCustomElement. 
  at <IconButton icon="edit" title="Edit cron" onClick=fn<onClick> > 
  at <SettingsTable key=3 min-width="820px" > 
  at <Crons ref="VTU_COMPONENT" > 
  at <VTUROOT>
[Vue warn]: Failed to resolve component: router-link
If this is a native custom element, make sure to exclude it from component resolution via compilerOptions.isCustomElement. 
  at <IconButton icon="trash" class="text-wp-error-100" is-loading=false  ... > 
  at <SettingsTable key=3 min-width="820px" > 
  at <Crons ref="VTU_COMPONENT" > 
  at <VTUROOT>
[Vue warn]: Failed to resolve component: router-link
If this is a native custom element, make sure to exclude it from component resolution via compilerOptions.isCustomElement. 
  at <IconButton icon="play-outline" is-loading=false title="Run now"  ... > 
  at <SettingsTable key=3 min-width="820px" > 
  at <Crons ref="VTU_COMPONENT" > 
  at <VTUROOT>
[Vue warn]: Failed to resolve component: router-link
If this is a native custom element, make sure to exclude it from component resolution via compilerOptions.isCustomElement. 
  at <IconButton icon="edit" title="Edit cron" onClick=fn<onClick> > 
  at <SettingsTable key=3 min-width="820px" > 
  at <Crons ref="VTU_COMPONENT" > 
  at <VTUROOT>
[Vue warn]: Failed to resolve component: router-link
If this is a native custom element, make sure to exclude it from component resolution via compilerOptions.isCustomElement. 
  at <IconButton icon="trash" class="text-wp-error-100" is-loading=false  ... > 
  at <SettingsTable key=3 min-width="820px" > 
  at <Crons ref="VTU_COMPONENT" > 
  at <VTUROOT>
[Vue warn]: Failed to resolve component: router-link
If this is a native custom element, make sure to exclude it from component resolution via compilerOptions.isCustomElement. 
  at <IconButton icon="play-outline" is-loading=false title="Run now"  ... > 
  at <SettingsTable key=3 min-width="820px" > 
  at <Crons ref="VTU_COMPONENT" > 
  at <VTUROOT>
[Vue warn]: Failed to resolve component: router-link
If this is a native custom element, make sure to exclude it from component resolution via compilerOptions.isCustomElement. 
  at <IconButton icon="edit" title="Edit cron" onClick=fn<onClick> > 
  at <SettingsTable key=3 min-width="820px" > 
  at <Crons ref="VTU_COMPONENT" > 
  at <VTUROOT>
[Vue warn]: Failed to resolve component: router-link
If this is a native custom element, make sure to exclude it from component resolution via compilerOptions.isCustomElement. 
  at <IconButton icon="trash" class="text-wp-error-100" is-loading=false  ... > 
  at <SettingsTable key=3 min-width="820px" > 
  at <Crons ref="VTU_COMPONENT" > 
  at <VTUROOT>
[Vue warn]: Failed to resolve component: router-link
If this is a native custom element, make sure to exclude it from component resolution via compilerOptions.isCustomElement. 
  at <IconButton icon="play-outline" is-loading=false title="Run now"  ... > 
  at <SettingsTable key=3 min-width="820px" > 
  at <Crons ref="VTU_COMPONENT" > 
  at <VTUROOT>
[Vue warn]: Failed to resolve component: router-link
If this is a native custom element, make sure to exclude it from component resolution via compilerOptions.isCustomElement. 
  at <IconButton icon="edit" title="Edit cron" onClick=fn<onClick> > 
  at <SettingsTable key=3 min-width="820px" > 
  at <Crons ref="VTU_COMPONENT" > 
  at <VTUROOT>
[Vue warn]: Failed to resolve component: router-link
If this is a native custom element, make sure to exclude it from component resolution via compilerOptions.isCustomElement. 
  at <IconButton icon="trash" class="text-wp-error-100" is-loading=false  ... > 
  at <SettingsTable key=3 min-width="820px" > 
  at <Crons ref="VTU_COMPONENT" > 
  at <VTUROOT>
[Vue warn]: Failed to resolve component: router-link
If this is a native custom element, make sure to exclude it from component resolution via compilerOptions.isCustomElement. 
  at <IconButton icon="play-outline" is-loading=false title="Run now"  ... > 
  at <SettingsTable key=3 min-width="820px" > 
  at <Crons ref="VTU_COMPONENT" > 
  at <VTUROOT>
[Vue warn]: Failed to resolve component: router-link
If this is a native custom element, make sure to exclude it from component resolution via compilerOptions.isCustomElement. 
  at <IconButton icon="edit" title="Edit cron" onClick=fn<onClick> > 
  at <SettingsTable key=3 min-width="820px" > 
  at <Crons ref="VTU_COMPONENT" > 
  at <VTUROOT>
[Vue warn]: Failed to resolve component: router-link
If this is a native custom element, make sure to exclude it from component resolution via compilerOptions.isCustomElement. 
  at <IconButton icon="trash" class="text-wp-error-100" is-loading=false  ... > 
  at <SettingsTable key=3 min-width="820px" > 
  at <Crons ref="VTU_COMPONENT" > 
  at <VTUROOT>
[Vue warn]: Failed to resolve component: router-link
If this is a native custom element, make sure to exclude it from component resolution via compilerOptions.isCustomElement. 
  at <IconButton icon="play-outline" is-loading=false title="Run now"  ... > 
  at <SettingsTable key=3 min-width="820px" > 
  at <Crons ref="VTU_COMPONENT" > 
  at <VTUROOT>
[Vue warn]: Failed to resolve component: router-link
If this is a native custom element, make sure to exclude it from component resolution via compilerOptions.isCustomElement. 
  at <IconButton icon="edit" title="Edit cron" onClick=fn<onClick> > 
  at <SettingsTable key=3 min-width="820px" > 
  at <Crons ref="VTU_COMPONENT" > 
  at <VTUROOT>
[Vue warn]: Failed to resolve component: router-link
If this is a native custom element, make sure to exclude it from component resolution via compilerOptions.isCustomElement. 
  at <IconButton icon="trash" class="text-wp-error-100" is-loading=false  ... > 
  at <SettingsTable key=3 min-width="820px" > 
  at <Crons ref="VTU_COMPONENT" > 
  at <VTUROOT>

stderr | src/views/repo/settings/Secrets.test.ts > repository secrets settings > ignores an obsolete rejection after returning to the same repository
[Vue warn]: Failed to resolve component: router-link
If this is a native custom element, make sure to exclude it from component resolution via compilerOptions.isCustomElement. 
  at <IconButton icon="edit" title="Edit secret" onClick=fn<onClick> > 
  at <SettingsTable key=3 min-width="720px" > 
  at <Secrets ref="VTU_COMPONENT" > 
  at <VTUROOT>
[Vue warn]: Failed to resolve component: router-link
If this is a native custom element, make sure to exclude it from component resolution via compilerOptions.isCustomElement. 
  at <IconButton icon="trash" class="text-wp-error-100" is-loading=false  ... > 
  at <SettingsTable key=3 min-width="720px" > 
  at <Secrets ref="VTU_COMPONENT" > 
  at <VTUROOT>
[Vue warn]: Failed to resolve component: router-link
If this is a native custom element, make sure to exclude it from component resolution via compilerOptions.isCustomElement. 
  at <IconButton icon="edit" title="Edit secret" onClick=fn<onClick> > 
  at <SettingsTable key=3 min-width="720px" > 
  at <Secrets ref="VTU_COMPONENT" > 
  at <VTUROOT>
[Vue warn]: Failed to resolve component: router-link
If this is a native custom element, make sure to exclude it from component resolution via compilerOptions.isCustomElement. 
  at <IconButton icon="trash" class="text-wp-error-100" is-loading=false  ... > 
  at <SettingsTable key=3 min-width="720px" > 
  at <Secrets ref="VTU_COMPONENT" > 
  at <VTUROOT>
[Vue warn]: Failed to resolve component: router-link
If this is a native custom element, make sure to exclude it from component resolution via compilerOptions.isCustomElement. 
  at <IconButton icon="edit" title="Edit secret" onClick=fn<onClick> > 
  at <SettingsTable key=3 min-width="720px" > 
  at <Secrets ref="VTU_COMPONENT" > 
  at <VTUROOT>
[Vue warn]: Failed to resolve component: router-link
If this is a native custom element, make sure to exclude it from component resolution via compilerOptions.isCustomElement. 
  at <IconButton icon="trash" class="text-wp-error-100" is-loading=false  ... > 
  at <SettingsTable key=3 min-width="720px" > 
  at <Secrets ref="VTU_COMPONENT" > 
  at <VTUROOT>
[Vue warn]: Failed to resolve component: router-link
If this is a native custom element, make sure to exclude it from component resolution via compilerOptions.isCustomElement. 
  at <IconButton icon="edit" title="Edit secret" onClick=fn<onClick> > 
  at <SettingsTable key=3 min-width="720px" > 
  at <Secrets ref="VTU_COMPONENT" > 
  at <VTUROOT>
[Vue warn]: Failed to resolve component: router-link
If this is a native custom element, make sure to exclude it from component resolution via compilerOptions.isCustomElement. 
  at <IconButton icon="trash" class="text-wp-error-100" is-loading=false  ... > 
  at <SettingsTable key=3 min-width="720px" > 
  at <Secrets ref="VTU_COMPONENT" > 
  at <VTUROOT>
[Vue warn]: Failed to resolve component: router-link
If this is a native custom element, make sure to exclude it from component resolution via compilerOptions.isCustomElement. 
  at <IconButton icon="edit" title="Edit secret" onClick=fn<onClick> > 
  at <SettingsTable key=3 min-width="720px" > 
  at <Secrets ref="VTU_COMPONENT" > 
  at <VTUROOT>
[Vue warn]: Failed to resolve component: router-link
If this is a native custom element, make sure to exclude it from component resolution via compilerOptions.isCustomElement. 
  at <IconButton icon="trash" class="text-wp-error-100" is-loading=false  ... > 
  at <SettingsTable key=3 min-width="720px" > 
  at <Secrets ref="VTU_COMPONENT" > 
  at <VTUROOT>
[Vue warn]: Failed to resolve component: router-link
If this is a native custom element, make sure to exclude it from component resolution via compilerOptions.isCustomElement. 
  at <IconButton icon="edit" title="Edit secret" onClick=fn<onClick> > 
  at <SettingsTable key=3 min-width="720px" > 
  at <Secrets ref="VTU_COMPONENT" > 
  at <VTUROOT>
[Vue warn]: Failed to resolve component: router-link
If this is a native custom element, make sure to exclude it from component resolution via compilerOptions.isCustomElement. 
  at <IconButton icon="trash" class="text-wp-error-100" is-loading=false  ... > 
  at <SettingsTable key=3 min-width="720px" > 
  at <Secrets ref="VTU_COMPONENT" > 
  at <VTUROOT>

stderr | src/views/repo/settings/Secrets.test.ts > repository secrets settings > does not close or reload the current editor when an obsolete save succeeds after returning to the same repository
[Vue warn]: Failed to resolve component: router-link
If this is a native custom element, make sure to exclude it from component resolution via compilerOptions.isCustomElement. 
  at <IconButton icon="edit" title="Edit secret" onClick=fn<onClick> > 
  at <SettingsTable key=3 min-width="720px" > 
  at <Secrets ref="VTU_COMPONENT" > 
  at <VTUROOT>
[Vue warn]: Failed to resolve component: router-link
If this is a native custom element, make sure to exclude it from component resolution via compilerOptions.isCustomElement. 
  at <IconButton icon="trash" class="text-wp-error-100" is-loading=false  ... > 
  at <SettingsTable key=3 min-width="720px" > 
  at <Secrets ref="VTU_COMPONENT" > 
  at <VTUROOT>
[Vue warn]: Failed to resolve component: router-link
If this is a native custom element, make sure to exclude it from component resolution via compilerOptions.isCustomElement. 
  at <IconButton icon="edit" title="Edit secret" onClick=fn<onClick> > 
  at <SettingsTable key=3 min-width="720px" > 
  at <Secrets ref="VTU_COMPONENT" > 
  at <VTUROOT>
[Vue warn]: Failed to resolve component: router-link
If this is a native custom element, make sure to exclude it from component resolution via compilerOptions.isCustomElement. 
  at <IconButton icon="trash" class="text-wp-error-100" is-loading=false  ... > 
  at <SettingsTable key=3 min-width="720px" > 
  at <Secrets ref="VTU_COMPONENT" > 
  at <VTUROOT>
[Vue warn]: Failed to resolve component: router-link
If this is a native custom element, make sure to exclude it from component resolution via compilerOptions.isCustomElement. 
  at <IconButton icon="edit" title="Edit secret" onClick=fn<onClick> > 
  at <SettingsTable key=3 min-width="720px" > 
  at <Secrets ref="VTU_COMPONENT" > 
  at <VTUROOT>
[Vue warn]: Failed to resolve component: router-link
If this is a native custom element, make sure to exclude it from component resolution via compilerOptions.isCustomElement. 
  at <IconButton icon="trash" class="text-wp-error-100" is-loading=false  ... > 
  at <SettingsTable key=3 min-width="720px" > 
  at <Secrets ref="VTU_COMPONENT" > 
  at <VTUROOT>
[Vue warn]: Failed to resolve component: router-link
If this is a native custom element, make sure to exclude it from component resolution via compilerOptions.isCustomElement. 
  at <IconButton icon="edit" title="Edit secret" onClick=fn<onClick> > 
  at <SettingsTable key=3 min-width="720px" > 
  at <Secrets ref="VTU_COMPONENT" > 
  at <VTUROOT>
[Vue warn]: Failed to resolve component: router-link
If this is a native custom element, make sure to exclude it from component resolution via compilerOptions.isCustomElement. 
  at <IconButton icon="trash" class="text-wp-error-100" is-loading=false  ... > 
  at <SettingsTable key=3 min-width="720px" > 
  at <Secrets ref="VTU_COMPONENT" > 
  at <VTUROOT>
[Vue warn]: Failed to resolve component: router-link
If this is a native custom element, make sure to exclude it from component resolution via compilerOptions.isCustomElement. 
  at <IconButton icon="edit" title="Edit secret" onClick=fn<onClick> > 
  at <SettingsTable key=3 min-width="720px" > 
  at <Secrets ref="VTU_COMPONENT" > 
  at <VTUROOT>
[Vue warn]: Failed to resolve component: router-link
If this is a native custom element, make sure to exclude it from component resolution via compilerOptions.isCustomElement. 
  at <IconButton icon="trash" class="text-wp-error-100" is-loading=false  ... > 
  at <SettingsTable key=3 min-width="720px" > 
  at <Secrets ref="VTU_COMPONENT" > 
  at <VTUROOT>
[Vue warn]: Failed to resolve component: router-link
If this is a native custom element, make sure to exclude it from component resolution via compilerOptions.isCustomElement. 
  at <IconButton icon="edit" title="Edit secret" onClick=fn<onClick> > 
  at <SettingsTable key=3 min-width="720px" > 
  at <Secrets ref="VTU_COMPONENT" > 
  at <VTUROOT>
[Vue warn]: Failed to resolve component: router-link
If this is a native custom element, make sure to exclude it from component resolution via compilerOptions.isCustomElement. 
  at <IconButton icon="trash" class="text-wp-error-100" is-loading=false  ... > 
  at <SettingsTable key=3 min-width="720px" > 
  at <Secrets ref="VTU_COMPONENT" > 
  at <VTUROOT>
[Vue warn]: Failed to resolve component: router-link
If this is a native custom element, make sure to exclude it from component resolution via compilerOptions.isCustomElement. 
  at <IconButton icon="edit" title="Edit secret" onClick=fn<onClick> > 
  at <SettingsTable key=3 min-width="720px" > 
  at <Secrets ref="VTU_COMPONENT" > 
  at <VTUROOT>
[Vue warn]: Failed to resolve component: router-link
If this is a native custom element, make sure to exclude it from component resolution via compilerOptions.isCustomElement. 
  at <IconButton icon="trash" class="text-wp-error-100" is-loading=false  ... > 
  at <SettingsTable key=3 min-width="720px" > 
  at <Secrets ref="VTU_COMPONENT" > 
  at <VTUROOT>

stderr | src/views/repo/settings/Crons.test.ts > repository cron settings > does not navigate when an obsolete cron run completes after returning to the same repository
[Vue warn]: Failed to resolve component: router-link
If this is a native custom element, make sure to exclude it from component resolution via compilerOptions.isCustomElement. 
  at <IconButton icon="play-outline" is-loading=false title="Run now"  ... > 
  at <SettingsTable key=3 min-width="820px" > 
  at <Crons ref="VTU_COMPONENT" > 
  at <VTUROOT>
[Vue warn]: Failed to resolve component: router-link
If this is a native custom element, make sure to exclude it from component resolution via compilerOptions.isCustomElement. 
  at <IconButton icon="edit" title="Edit cron" onClick=fn<onClick> > 
  at <SettingsTable key=3 min-width="820px" > 
  at <Crons ref="VTU_COMPONENT" > 
  at <VTUROOT>
[Vue warn]: Failed to resolve component: router-link
If this is a native custom element, make sure to exclude it from component resolution via compilerOptions.isCustomElement. 
  at <IconButton icon="trash" class="text-wp-error-100" is-loading=false  ... > 
  at <SettingsTable key=3 min-width="820px" > 
  at <Crons ref="VTU_COMPONENT" > 
  at <VTUROOT>
[Vue warn]: Failed to resolve component: router-link
If this is a native custom element, make sure to exclude it from component resolution via compilerOptions.isCustomElement. 
  at <IconButton icon="play-outline" is-loading=false title="Run now"  ... > 
  at <SettingsTable key=3 min-width="820px" > 
  at <Crons ref="VTU_COMPONENT" > 
  at <VTUROOT>
[Vue warn]: Failed to resolve component: router-link
If this is a native custom element, make sure to exclude it from component resolution via compilerOptions.isCustomElement. 
  at <IconButton icon="edit" title="Edit cron" onClick=fn<onClick> > 
  at <SettingsTable key=3 min-width="820px" > 
  at <Crons ref="VTU_COMPONENT" > 
  at <VTUROOT>
[Vue warn]: Failed to resolve component: router-link
If this is a native custom element, make sure to exclude it from component resolution via compilerOptions.isCustomElement. 
  at <IconButton icon="trash" class="text-wp-error-100" is-loading=false  ... > 
  at <SettingsTable key=3 min-width="820px" > 
  at <Crons ref="VTU_COMPONENT" > 
  at <VTUROOT>
[Vue warn]: Failed to resolve component: router-link
If this is a native custom element, make sure to exclude it from component resolution via compilerOptions.isCustomElement. 
  at <IconButton icon="play-outline" is-loading=false title="Run now"  ... > 
  at <SettingsTable key=3 min-width="820px" > 
  at <Crons ref="VTU_COMPONENT" > 
  at <VTUROOT>
[Vue warn]: Failed to resolve component: router-link
If this is a native custom element, make sure to exclude it from component resolution via compilerOptions.isCustomElement. 
  at <IconButton icon="edit" title="Edit cron" onClick=fn<onClick> > 
  at <SettingsTable key=3 min-width="820px" > 
  at <Crons ref="VTU_COMPONENT" > 
  at <VTUROOT>
[Vue warn]: Failed to resolve component: router-link
If this is a native custom element, make sure to exclude it from component resolution via compilerOptions.isCustomElement. 
  at <IconButton icon="trash" class="text-wp-error-100" is-loading=false  ... > 
  at <SettingsTable key=3 min-width="820px" > 
  at <Crons ref="VTU_COMPONENT" > 
  at <VTUROOT>
[Vue warn]: Failed to resolve component: router-link
If this is a native custom element, make sure to exclude it from component resolution via compilerOptions.isCustomElement. 
  at <IconButton icon="play-outline" is-loading=false title="Run now"  ... > 
  at <SettingsTable key=3 min-width="820px" > 
  at <Crons ref="VTU_COMPONENT" > 
  at <VTUROOT>
[Vue warn]: Failed to resolve component: router-link
If this is a native custom element, make sure to exclude it from component resolution via compilerOptions.isCustomElement. 
  at <IconButton icon="edit" title="Edit cron" onClick=fn<onClick> > 
  at <SettingsTable key=3 min-width="820px" > 
  at <Crons ref="VTU_COMPONENT" > 
  at <VTUROOT>
[Vue warn]: Failed to resolve component: router-link
If this is a native custom element, make sure to exclude it from component resolution via compilerOptions.isCustomElement. 
  at <IconButton icon="trash" class="text-wp-error-100" is-loading=false  ... > 
  at <SettingsTable key=3 min-width="820px" > 
  at <Crons ref="VTU_COMPONENT" > 
  at <VTUROOT>
[Vue warn]: Failed to resolve component: router-link
If this is a native custom element, make sure to exclude it from component resolution via compilerOptions.isCustomElement. 
  at <IconButton icon="play-outline" is-loading=false title="Run now"  ... > 
  at <SettingsTable key=3 min-width="820px" > 
  at <Crons ref="VTU_COMPONENT" > 
  at <VTUROOT>
[Vue warn]: Failed to resolve component: router-link
If this is a native custom element, make sure to exclude it from component resolution via compilerOptions.isCustomElement. 
  at <IconButton icon="edit" title="Edit cron" onClick=fn<onClick> > 
  at <SettingsTable key=3 min-width="820px" > 
  at <Crons ref="VTU_COMPONENT" > 
  at <VTUROOT>
[Vue warn]: Failed to resolve component: router-link
If this is a native custom element, make sure to exclude it from component resolution via compilerOptions.isCustomElement. 
  at <IconButton icon="trash" class="text-wp-error-100" is-loading=false  ... > 
  at <SettingsTable key=3 min-width="820px" > 
  at <Crons ref="VTU_COMPONENT" > 
  at <VTUROOT>
[Vue warn]: Failed to resolve component: router-link
If this is a native custom element, make sure to exclude it from component resolution via compilerOptions.isCustomElement. 
  at <IconButton icon="play-outline" is-loading=false title="Run now"  ... > 
  at <SettingsTable key=3 min-width="820px" > 
  at <Crons ref="VTU_COMPONENT" > 
  at <VTUROOT>
[Vue warn]: Failed to resolve component: router-link
If this is a native custom element, make sure to exclude it from component resolution via compilerOptions.isCustomElement. 
  at <IconButton icon="edit" title="Edit cron" onClick=fn<onClick> > 
  at <SettingsTable key=3 min-width="820px" > 
  at <Crons ref="VTU_COMPONENT" > 
  at <VTUROOT>
[Vue warn]: Failed to resolve component: router-link
If this is a native custom element, make sure to exclude it from component resolution via compilerOptions.isCustomElement. 
  at <IconButton icon="trash" class="text-wp-error-100" is-loading=false  ... > 
  at <SettingsTable key=3 min-width="820px" > 
  at <Crons ref="VTU_COMPONENT" > 
  at <VTUROOT>
[Vue warn]: Failed to resolve component: router-link
If this is a native custom element, make sure to exclude it from component resolution via compilerOptions.isCustomElement. 
  at <IconButton icon="play-outline" is-loading=false title="Run now"  ... > 
  at <SettingsTable key=3 min-width="820px" > 
  at <Crons ref="VTU_COMPONENT" > 
  at <VTUROOT>
[Vue warn]: Failed to resolve component: router-link
If this is a native custom element, make sure to exclude it from component resolution via compilerOptions.isCustomElement. 
  at <IconButton icon="edit" title="Edit cron" onClick=fn<onClick> > 
  at <SettingsTable key=3 min-width="820px" > 
  at <Crons ref="VTU_COMPONENT" > 
  at <VTUROOT>
[Vue warn]: Failed to resolve component: router-link
If this is a native custom element, make sure to exclude it from component resolution via compilerOptions.isCustomElement. 
  at <IconButton icon="trash" class="text-wp-error-100" is-loading=false  ... > 
  at <SettingsTable key=3 min-width="820px" > 
  at <Crons ref="VTU_COMPONENT" > 
  at <VTUROOT>
[Vue warn]: Failed to resolve component: router-link
If this is a native custom element, make sure to exclude it from component resolution via compilerOptions.isCustomElement. 
  at <IconButton icon="play-outline" is-loading=false title="Run now"  ... > 
  at <SettingsTable key=3 min-width="820px" > 
  at <Crons ref="VTU_COMPONENT" > 
  at <VTUROOT>
[Vue warn]: Failed to resolve component: router-link
If this is a native custom element, make sure to exclude it from component resolution via compilerOptions.isCustomElement. 
  at <IconButton icon="edit" title="Edit cron" onClick=fn<onClick> > 
  at <SettingsTable key=3 min-width="820px" > 
  at <Crons ref="VTU_COMPONENT" > 
  at <VTUROOT>
[Vue warn]: Failed to resolve component: router-link
If this is a native custom element, make sure to exclude it from component resolution via compilerOptions.isCustomElement. 
  at <IconButton icon="trash" class="text-wp-error-100" is-loading=false  ... > 
  at <SettingsTable key=3 min-width="820px" > 
  at <Crons ref="VTU_COMPONENT" > 
  at <VTUROOT>
[Vue warn]: Failed to resolve component: router-link
If this is a native custom element, make sure to exclude it from component resolution via compilerOptions.isCustomElement. 
  at <IconButton icon="play-outline" is-loading=false title="Run now"  ... > 
  at <SettingsTable key=3 min-width="820px" > 
  at <Crons ref="VTU_COMPONENT" > 
  at <VTUROOT>
[Vue warn]: Failed to resolve component: router-link
If this is a native custom element, make sure to exclude it from component resolution via compilerOptions.isCustomElement. 
  at <IconButton icon="edit" title="Edit cron" onClick=fn<onClick> > 
  at <SettingsTable key=3 min-width="820px" > 
  at <Crons ref="VTU_COMPONENT" > 
  at <VTUROOT>
[Vue warn]: Failed to resolve component: router-link
If this is a native custom element, make sure to exclude it from component resolution via compilerOptions.isCustomElement. 
  at <IconButton icon="trash" class="text-wp-error-100" is-loading=false  ... > 
  at <SettingsTable key=3 min-width="820px" > 
  at <Crons ref="VTU_COMPONENT" > 
  at <VTUROOT>
[Vue warn]: Failed to resolve component: router-link
If this is a native custom element, make sure to exclude it from component resolution via compilerOptions.isCustomElement. 
  at <IconButton icon="play-outline" is-loading=true title="Run now"  ... > 
  at <SettingsTable key=3 min-width="820px" > 
  at <Crons ref="VTU_COMPONENT" > 
  at <VTUROOT>
[Vue warn]: Failed to resolve component: router-link
If this is a native custom element, make sure to exclude it from component resolution via compilerOptions.isCustomElement. 
  at <IconButton icon="edit" title="Edit cron" onClick=fn<onClick> > 
  at <SettingsTable key=3 min-width="820px" > 
  at <Crons ref="VTU_COMPONENT" > 
  at <VTUROOT>
[Vue warn]: Failed to resolve component: router-link
If this is a native custom element, make sure to exclude it from component resolution via compilerOptions.isCustomElement. 
  at <IconButton icon="trash" class="text-wp-error-100" is-loading=false  ... > 
  at <SettingsTable key=3 min-width="820px" > 
  at <Crons ref="VTU_COMPONENT" > 
  at <VTUROOT>

stderr | src/views/repo/settings/Secrets.test.ts > repository secrets settings > does not close or reload the current editor when an obsolete save rejects after returning to the same repository
[Vue warn]: Failed to resolve component: router-link
If this is a native custom element, make sure to exclude it from component resolution via compilerOptions.isCustomElement. 
  at <IconButton icon="edit" title="Edit secret" onClick=fn<onClick> > 
  at <SettingsTable key=3 min-width="720px" > 
  at <Secrets ref="VTU_COMPONENT" > 
  at <VTUROOT>
[Vue warn]: Failed to resolve component: router-link
If this is a native custom element, make sure to exclude it from component resolution via compilerOptions.isCustomElement. 
  at <IconButton icon="trash" class="text-wp-error-100" is-loading=false  ... > 
  at <SettingsTable key=3 min-width="720px" > 
  at <Secrets ref="VTU_COMPONENT" > 
  at <VTUROOT>
[Vue warn]: Failed to resolve component: router-link
If this is a native custom element, make sure to exclude it from component resolution via compilerOptions.isCustomElement. 
  at <IconButton icon="edit" title="Edit secret" onClick=fn<onClick> > 
  at <SettingsTable key=3 min-width="720px" > 
  at <Secrets ref="VTU_COMPONENT" > 
  at <VTUROOT>
[Vue warn]: Failed to resolve component: router-link
If this is a native custom element, make sure to exclude it from component resolution via compilerOptions.isCustomElement. 
  at <IconButton icon="trash" class="text-wp-error-100" is-loading=false  ... > 
  at <SettingsTable key=3 min-width="720px" > 
  at <Secrets ref="VTU_COMPONENT" > 
  at <VTUROOT>
[Vue warn]: Failed to resolve component: router-link
If this is a native custom element, make sure to exclude it from component resolution via compilerOptions.isCustomElement. 
  at <IconButton icon="edit" title="Edit secret" onClick=fn<onClick> > 
  at <SettingsTable key=3 min-width="720px" > 
  at <Secrets ref="VTU_COMPONENT" > 
  at <VTUROOT>
[Vue warn]: Failed to resolve component: router-link
If this is a native custom element, make sure to exclude it from component resolution via compilerOptions.isCustomElement. 
  at <IconButton icon="trash" class="text-wp-error-100" is-loading=false  ... > 
  at <SettingsTable key=3 min-width="720px" > 
  at <Secrets ref="VTU_COMPONENT" > 
  at <VTUROOT>
[Vue warn]: Failed to resolve component: router-link
If this is a native custom element, make sure to exclude it from component resolution via compilerOptions.isCustomElement. 
  at <IconButton icon="edit" title="Edit secret" onClick=fn<onClick> > 
  at <SettingsTable key=3 min-width="720px" > 
  at <Secrets ref="VTU_COMPONENT" > 
  at <VTUROOT>
[Vue warn]: Failed to resolve component: router-link
If this is a native custom element, make sure to exclude it from component resolution via compilerOptions.isCustomElement. 
  at <IconButton icon="trash" class="text-wp-error-100" is-loading=false  ... > 
  at <SettingsTable key=3 min-width="720px" > 
  at <Secrets ref="VTU_COMPONENT" > 
  at <VTUROOT>
[Vue warn]: Failed to resolve component: router-link
If this is a native custom element, make sure to exclude it from component resolution via compilerOptions.isCustomElement. 
  at <IconButton icon="edit" title="Edit secret" onClick=fn<onClick> > 
  at <SettingsTable key=3 min-width="720px" > 
  at <Secrets ref="VTU_COMPONENT" > 
  at <VTUROOT>
[Vue warn]: Failed to resolve component: router-link
If this is a native custom element, make sure to exclude it from component resolution via compilerOptions.isCustomElement. 
  at <IconButton icon="trash" class="text-wp-error-100" is-loading=false  ... > 
  at <SettingsTable key=3 min-width="720px" > 
  at <Secrets ref="VTU_COMPONENT" > 
  at <VTUROOT>
[Vue warn]: Failed to resolve component: router-link
If this is a native custom element, make sure to exclude it from component resolution via compilerOptions.isCustomElement. 
  at <IconButton icon="edit" title="Edit secret" onClick=fn<onClick> > 
  at <SettingsTable key=3 min-width="720px" > 
  at <Secrets ref="VTU_COMPONENT" > 
  at <VTUROOT>
[Vue warn]: Failed to resolve component: router-link
If this is a native custom element, make sure to exclude it from component resolution via compilerOptions.isCustomElement. 
  at <IconButton icon="trash" class="text-wp-error-100" is-loading=false  ... > 
  at <SettingsTable key=3 min-width="720px" > 
  at <Secrets ref="VTU_COMPONENT" > 
  at <VTUROOT>
[Vue warn]: Failed to resolve component: router-link
If this is a native custom element, make sure to exclude it from component resolution via compilerOptions.isCustomElement. 
  at <IconButton icon="edit" title="Edit secret" onClick=fn<onClick> > 
  at <SettingsTable key=3 min-width="720px" > 
  at <Secrets ref="VTU_COMPONENT" > 
  at <VTUROOT>
[Vue warn]: Failed to resolve component: router-link
If this is a native custom element, make sure to exclude it from component resolution via compilerOptions.isCustomElement. 
  at <IconButton icon="trash" class="text-wp-error-100" is-loading=false  ... > 
  at <SettingsTable key=3 min-width="720px" > 
  at <Secrets ref="VTU_COMPONENT" > 
  at <VTUROOT>

stderr | src/views/repo/settings/Crons.test.ts > repository cron settings > does not navigate when an obsolete cron rejection completes after returning to the same repository
[Vue warn]: Failed to resolve component: router-link
If this is a native custom element, make sure to exclude it from component resolution via compilerOptions.isCustomElement. 
  at <IconButton icon="play-outline" is-loading=false title="Run now"  ... > 
  at <SettingsTable key=3 min-width="820px" > 
  at <Crons ref="VTU_COMPONENT" > 
  at <VTUROOT>
[Vue warn]: Failed to resolve component: router-link
If this is a native custom element, make sure to exclude it from component resolution via compilerOptions.isCustomElement. 
  at <IconButton icon="edit" title="Edit cron" onClick=fn<onClick> > 
  at <SettingsTable key=3 min-width="820px" > 
  at <Crons ref="VTU_COMPONENT" > 
  at <VTUROOT>
[Vue warn]: Failed to resolve component: router-link
If this is a native custom element, make sure to exclude it from component resolution via compilerOptions.isCustomElement. 
  at <IconButton icon="trash" class="text-wp-error-100" is-loading=false  ... > 
  at <SettingsTable key=3 min-width="820px" > 
  at <Crons ref="VTU_COMPONENT" > 
  at <VTUROOT>
[Vue warn]: Failed to resolve component: router-link
If this is a native custom element, make sure to exclude it from component resolution via compilerOptions.isCustomElement. 
  at <IconButton icon="play-outline" is-loading=false title="Run now"  ... > 
  at <SettingsTable key=3 min-width="820px" > 
  at <Crons ref="VTU_COMPONENT" > 
  at <VTUROOT>
[Vue warn]: Failed to resolve component: router-link
If this is a native custom element, make sure to exclude it from component resolution via compilerOptions.isCustomElement. 
  at <IconButton icon="edit" title="Edit cron" onClick=fn<onClick> > 
  at <SettingsTable key=3 min-width="820px" > 
  at <Crons ref="VTU_COMPONENT" > 
  at <VTUROOT>
[Vue warn]: Failed to resolve component: router-link
If this is a native custom element, make sure to exclude it from component resolution via compilerOptions.isCustomElement. 
  at <IconButton icon="trash" class="text-wp-error-100" is-loading=false  ... > 
  at <SettingsTable key=3 min-width="820px" > 
  at <Crons ref="VTU_COMPONENT" > 
  at <VTUROOT>
[Vue warn]: Failed to resolve component: router-link
If this is a native custom element, make sure to exclude it from component resolution via compilerOptions.isCustomElement. 
  at <IconButton icon="play-outline" is-loading=false title="Run now"  ... > 
  at <SettingsTable key=3 min-width="820px" > 
  at <Crons ref="VTU_COMPONENT" > 
  at <VTUROOT>
[Vue warn]: Failed to resolve component: router-link
If this is a native custom element, make sure to exclude it from component resolution via compilerOptions.isCustomElement. 
  at <IconButton icon="edit" title="Edit cron" onClick=fn<onClick> > 
  at <SettingsTable key=3 min-width="820px" > 
  at <Crons ref="VTU_COMPONENT" > 
  at <VTUROOT>
[Vue warn]: Failed to resolve component: router-link
If this is a native custom element, make sure to exclude it from component resolution via compilerOptions.isCustomElement. 
  at <IconButton icon="trash" class="text-wp-error-100" is-loading=false  ... > 
  at <SettingsTable key=3 min-width="820px" > 
  at <Crons ref="VTU_COMPONENT" > 
  at <VTUROOT>
[Vue warn]: Failed to resolve component: router-link
If this is a native custom element, make sure to exclude it from component resolution via compilerOptions.isCustomElement. 
  at <IconButton icon="play-outline" is-loading=false title="Run now"  ... > 
  at <SettingsTable key=3 min-width="820px" > 
  at <Crons ref="VTU_COMPONENT" > 
  at <VTUROOT>
[Vue warn]: Failed to resolve component: router-link
If this is a native custom element, make sure to exclude it from component resolution via compilerOptions.isCustomElement. 
  at <IconButton icon="edit" title="Edit cron" onClick=fn<onClick> > 
  at <SettingsTable key=3 min-width="820px" > 
  at <Crons ref="VTU_COMPONENT" > 
  at <VTUROOT>
[Vue warn]: Failed to resolve component: router-link
If this is a native custom element, make sure to exclude it from component resolution via compilerOptions.isCustomElement. 
  at <IconButton icon="trash" class="text-wp-error-100" is-loading=false  ... > 
  at <SettingsTable key=3 min-width="820px" > 
  at <Crons ref="VTU_COMPONENT" > 
  at <VTUROOT>
[Vue warn]: Failed to resolve component: router-link
If this is a native custom element, make sure to exclude it from component resolution via compilerOptions.isCustomElement. 
  at <IconButton icon="play-outline" is-loading=false title="Run now"  ... > 
  at <SettingsTable key=3 min-width="820px" > 
  at <Crons ref="VTU_COMPONENT" > 
  at <VTUROOT>
[Vue warn]: Failed to resolve component: router-link
If this is a native custom element, make sure to exclude it from component resolution via compilerOptions.isCustomElement. 
  at <IconButton icon="edit" title="Edit cron" onClick=fn<onClick> > 
  at <SettingsTable key=3 min-width="820px" > 
  at <Crons ref="VTU_COMPONENT" > 
  at <VTUROOT>
[Vue warn]: Failed to resolve component: router-link
If this is a native custom element, make sure to exclude it from component resolution via compilerOptions.isCustomElement. 
  at <IconButton icon="trash" class="text-wp-error-100" is-loading=false  ... > 
  at <SettingsTable key=3 min-width="820px" > 
  at <Crons ref="VTU_COMPONENT" > 
  at <VTUROOT>
[Vue warn]: Failed to resolve component: router-link
If this is a native custom element, make sure to exclude it from component resolution via compilerOptions.isCustomElement. 
  at <IconButton icon="play-outline" is-loading=false title="Run now"  ... > 
  at <SettingsTable key=3 min-width="820px" > 
  at <Crons ref="VTU_COMPONENT" > 
  at <VTUROOT>
[Vue warn]: Failed to resolve component: router-link
If this is a native custom element, make sure to exclude it from component resolution via compilerOptions.isCustomElement. 
  at <IconButton icon="edit" title="Edit cron" onClick=fn<onClick> > 
  at <SettingsTable key=3 min-width="820px" > 
  at <Crons ref="VTU_COMPONENT" > 
  at <VTUROOT>
[Vue warn]: Failed to resolve component: router-link
If this is a native custom element, make sure to exclude it from component resolution via compilerOptions.isCustomElement. 
  at <IconButton icon="trash" class="text-wp-error-100" is-loading=false  ... > 
  at <SettingsTable key=3 min-width="820px" > 
  at <Crons ref="VTU_COMPONENT" > 
  at <VTUROOT>
[Vue warn]: Failed to resolve component: router-link
If this is a native custom element, make sure to exclude it from component resolution via compilerOptions.isCustomElement. 
  at <IconButton icon="play-outline" is-loading=false title="Run now"  ... > 
  at <SettingsTable key=3 min-width="820px" > 
  at <Crons ref="VTU_COMPONENT" > 
  at <VTUROOT>
[Vue warn]: Failed to resolve component: router-link
If this is a native custom element, make sure to exclude it from component resolution via compilerOptions.isCustomElement. 
  at <IconButton icon="edit" title="Edit cron" onClick=fn<onClick> > 
  at <SettingsTable key=3 min-width="820px" > 
  at <Crons ref="VTU_COMPONENT" > 
  at <VTUROOT>
[Vue warn]: Failed to resolve component: router-link
If this is a native custom element, make sure to exclude it from component resolution via compilerOptions.isCustomElement. 
  at <IconButton icon="trash" class="text-wp-error-100" is-loading=false  ... > 
  at <SettingsTable key=3 min-width="820px" > 
  at <Crons ref="VTU_COMPONENT" > 
  at <VTUROOT>
[Vue warn]: Failed to resolve component: router-link
If this is a native custom element, make sure to exclude it from component resolution via compilerOptions.isCustomElement. 
  at <IconButton icon="play-outline" is-loading=false title="Run now"  ... > 
  at <SettingsTable key=3 min-width="820px" > 
  at <Crons ref="VTU_COMPONENT" > 
  at <VTUROOT>
[Vue warn]: Failed to resolve component: router-link
If this is a native custom element, make sure to exclude it from component resolution via compilerOptions.isCustomElement. 
  at <IconButton icon="edit" title="Edit cron" onClick=fn<onClick> > 
  at <SettingsTable key=3 min-width="820px" > 
  at <Crons ref="VTU_COMPONENT" > 
  at <VTUROOT>
[Vue warn]: Failed to resolve component: router-link
If this is a native custom element, make sure to exclude it from component resolution via compilerOptions.isCustomElement. 
  at <IconButton icon="trash" class="text-wp-error-100" is-loading=false  ... > 
  at <SettingsTable key=3 min-width="820px" > 
  at <Crons ref="VTU_COMPONENT" > 
  at <VTUROOT>
[Vue warn]: Failed to resolve component: router-link
If this is a native custom element, make sure to exclude it from component resolution via compilerOptions.isCustomElement. 
  at <IconButton icon="play-outline" is-loading=false title="Run now"  ... > 
  at <SettingsTable key=3 min-width="820px" > 
  at <Crons ref="VTU_COMPONENT" > 
  at <VTUROOT>
[Vue warn]: Failed to resolve component: router-link
If this is a native custom element, make sure to exclude it from component resolution via compilerOptions.isCustomElement. 
  at <IconButton icon="edit" title="Edit cron" onClick=fn<onClick> > 
  at <SettingsTable key=3 min-width="820px" > 
  at <Crons ref="VTU_COMPONENT" > 
  at <VTUROOT>
[Vue warn]: Failed to resolve component: router-link
If this is a native custom element, make sure to exclude it from component resolution via compilerOptions.isCustomElement. 
  at <IconButton icon="trash" class="text-wp-error-100" is-loading=false  ... > 
  at <SettingsTable key=3 min-width="820px" > 
  at <Crons ref="VTU_COMPONENT" > 
  at <VTUROOT>
[Vue warn]: Failed to resolve component: router-link
If this is a native custom element, make sure to exclude it from component resolution via compilerOptions.isCustomElement. 
  at <IconButton icon="play-outline" is-loading=false title="Run now"  ... > 
  at <SettingsTable key=3 min-width="820px" > 
  at <Crons ref="VTU_COMPONENT" > 
  at <VTUROOT>
[Vue warn]: Failed to resolve component: router-link
If this is a native custom element, make sure to exclude it from component resolution via compilerOptions.isCustomElement. 
  at <IconButton icon="edit" title="Edit cron" onClick=fn<onClick> > 
  at <SettingsTable key=3 min-width="820px" > 
  at <Crons ref="VTU_COMPONENT" > 
  at <VTUROOT>
[Vue warn]: Failed to resolve component: router-link
If this is a native custom element, make sure to exclude it from component resolution via compilerOptions.isCustomElement. 
  at <IconButton icon="trash" class="text-wp-error-100" is-loading=false  ... > 
  at <SettingsTable key=3 min-width="820px" > 
  at <Crons ref="VTU_COMPONENT" > 
  at <VTUROOT>
[Vue warn]: Failed to resolve component: router-link
If this is a native custom element, make sure to exclude it from component resolution via compilerOptions.isCustomElement. 
  at <IconButton icon="play-outline" is-loading=true title="Run now"  ... > 
  at <SettingsTable key=3 min-width="820px" > 
  at <Crons ref="VTU_COMPONENT" > 
  at <VTUROOT>
[Vue warn]: Failed to resolve component: router-link
If this is a native custom element, make sure to exclude it from component resolution via compilerOptions.isCustomElement. 
  at <IconButton icon="edit" title="Edit cron" onClick=fn<onClick> > 
  at <SettingsTable key=3 min-width="820px" > 
  at <Crons ref="VTU_COMPONENT" > 
  at <VTUROOT>
[Vue warn]: Failed to resolve component: router-link
If this is a native custom element, make sure to exclude it from component resolution via compilerOptions.isCustomElement. 
  at <IconButton icon="trash" class="text-wp-error-100" is-loading=false  ... > 
  at <SettingsTable key=3 min-width="820px" > 
  at <Crons ref="VTU_COMPONENT" > 
  at <VTUROOT>

stderr | src/views/repo/settings/Secrets.test.ts > repository secrets settings > does not announce or reload when an obsolete deletion completes after returning to the same repository
[Vue warn]: Failed to resolve component: router-link
If this is a native custom element, make sure to exclude it from component resolution via compilerOptions.isCustomElement. 
  at <IconButton icon="edit" title="Edit secret" onClick=fn<onClick> > 
  at <SettingsTable key=3 min-width="720px" > 
  at <Secrets ref="VTU_COMPONENT" > 
  at <VTUROOT>
[Vue warn]: Failed to resolve component: router-link
If this is a native custom element, make sure to exclude it from component resolution via compilerOptions.isCustomElement. 
  at <IconButton icon="trash" class="text-wp-error-100" is-loading=false  ... > 
  at <SettingsTable key=3 min-width="720px" > 
  at <Secrets ref="VTU_COMPONENT" > 
  at <VTUROOT>
[Vue warn]: Failed to resolve component: router-link
If this is a native custom element, make sure to exclude it from component resolution via compilerOptions.isCustomElement. 
  at <IconButton icon="edit" title="Edit secret" onClick=fn<onClick> > 
  at <SettingsTable key=3 min-width="720px" > 
  at <Secrets ref="VTU_COMPONENT" > 
  at <VTUROOT>
[Vue warn]: Failed to resolve component: router-link
If this is a native custom element, make sure to exclude it from component resolution via compilerOptions.isCustomElement. 
  at <IconButton icon="trash" class="text-wp-error-100" is-loading=false  ... > 
  at <SettingsTable key=3 min-width="720px" > 
  at <Secrets ref="VTU_COMPONENT" > 
  at <VTUROOT>
[Vue warn]: Failed to resolve component: router-link
If this is a native custom element, make sure to exclude it from component resolution via compilerOptions.isCustomElement. 
  at <IconButton icon="edit" title="Edit secret" onClick=fn<onClick> > 
  at <SettingsTable key=3 min-width="720px" > 
  at <Secrets ref="VTU_COMPONENT" > 
  at <VTUROOT>
[Vue warn]: Failed to resolve component: router-link
If this is a native custom element, make sure to exclude it from component resolution via compilerOptions.isCustomElement. 
  at <IconButton icon="trash" class="text-wp-error-100" is-loading=false  ... > 
  at <SettingsTable key=3 min-width="720px" > 
  at <Secrets ref="VTU_COMPONENT" > 
  at <VTUROOT>
[Vue warn]: Failed to resolve component: router-link
If this is a native custom element, make sure to exclude it from component resolution via compilerOptions.isCustomElement. 
  at <IconButton icon="edit" title="Edit secret" onClick=fn<onClick> > 
  at <SettingsTable key=3 min-width="720px" > 
  at <Secrets ref="VTU_COMPONENT" > 
  at <VTUROOT>
[Vue warn]: Failed to resolve component: router-link
If this is a native custom element, make sure to exclude it from component resolution via compilerOptions.isCustomElement. 
  at <IconButton icon="trash" class="text-wp-error-100" is-loading=false  ... > 
  at <SettingsTable key=3 min-width="720px" > 
  at <Secrets ref="VTU_COMPONENT" > 
  at <VTUROOT>
[Vue warn]: Failed to resolve component: router-link
If this is a native custom element, make sure to exclude it from component resolution via compilerOptions.isCustomElement. 
  at <IconButton icon="edit" title="Edit secret" onClick=fn<onClick> > 
  at <SettingsTable key=3 min-width="720px" > 
  at <Secrets ref="VTU_COMPONENT" > 
  at <VTUROOT>
[Vue warn]: Failed to resolve component: router-link
If this is a native custom element, make sure to exclude it from component resolution via compilerOptions.isCustomElement. 
  at <IconButton icon="trash" class="text-wp-error-100" is-loading=false  ... > 
  at <SettingsTable key=3 min-width="720px" > 
  at <Secrets ref="VTU_COMPONENT" > 
  at <VTUROOT>
[Vue warn]: Failed to resolve component: router-link
If this is a native custom element, make sure to exclude it from component resolution via compilerOptions.isCustomElement. 
  at <IconButton icon="edit" title="Edit secret" onClick=fn<onClick> > 
  at <SettingsTable key=3 min-width="720px" > 
  at <Secrets ref="VTU_COMPONENT" > 
  at <VTUROOT>
[Vue warn]: Failed to resolve component: router-link
If this is a native custom element, make sure to exclude it from component resolution via compilerOptions.isCustomElement. 
  at <IconButton icon="trash" class="text-wp-error-100" is-loading=false  ... > 
  at <SettingsTable key=3 min-width="720px" > 
  at <Secrets ref="VTU_COMPONENT" > 
  at <VTUROOT>
[Vue warn]: Failed to resolve component: router-link
If this is a native custom element, make sure to exclude it from component resolution via compilerOptions.isCustomElement. 
  at <IconButton icon="edit" title="Edit secret" onClick=fn<onClick> > 
  at <SettingsTable key=3 min-width="720px" > 
  at <Secrets ref="VTU_COMPONENT" > 
  at <VTUROOT>
[Vue warn]: Failed to resolve component: router-link
If this is a native custom element, make sure to exclude it from component resolution via compilerOptions.isCustomElement. 
  at <IconButton icon="trash" class="text-wp-error-100" is-loading=false  ... > 
  at <SettingsTable key=3 min-width="720px" > 
  at <Secrets ref="VTU_COMPONENT" > 
  at <VTUROOT>

stderr | src/views/repo/settings/Secrets.test.ts > repository secrets settings > clears editor state and reloads when the repository changes
[Vue warn]: Failed to resolve component: router-link
If this is a native custom element, make sure to exclude it from component resolution via compilerOptions.isCustomElement. 
  at <IconButton icon="edit" title="Edit secret" onClick=fn<onClick> > 
  at <SettingsTable key=3 min-width="720px" > 
  at <Secrets ref="VTU_COMPONENT" > 
  at <VTUROOT>
[Vue warn]: Failed to resolve component: router-link
If this is a native custom element, make sure to exclude it from component resolution via compilerOptions.isCustomElement. 
  at <IconButton icon="trash" class="text-wp-error-100" is-loading=false  ... > 
  at <SettingsTable key=3 min-width="720px" > 
  at <Secrets ref="VTU_COMPONENT" > 
  at <VTUROOT>
[Vue warn]: Failed to resolve component: router-link
If this is a native custom element, make sure to exclude it from component resolution via compilerOptions.isCustomElement. 
  at <IconButton icon="edit" title="Edit secret" onClick=fn<onClick> > 
  at <SettingsTable key=3 min-width="720px" > 
  at <Secrets ref="VTU_COMPONENT" > 
  at <VTUROOT>
[Vue warn]: Failed to resolve component: router-link
If this is a native custom element, make sure to exclude it from component resolution via compilerOptions.isCustomElement. 
  at <IconButton icon="trash" class="text-wp-error-100" is-loading=false  ... > 
  at <SettingsTable key=3 min-width="720px" > 
  at <Secrets ref="VTU_COMPONENT" > 
  at <VTUROOT>
[Vue warn]: Failed to resolve component: router-link
If this is a native custom element, make sure to exclude it from component resolution via compilerOptions.isCustomElement. 
  at <IconButton icon="edit" title="Edit secret" onClick=fn<onClick> > 
  at <SettingsTable key=3 min-width="720px" > 
  at <Secrets ref="VTU_COMPONENT" > 
  at <VTUROOT>
[Vue warn]: Failed to resolve component: router-link
If this is a native custom element, make sure to exclude it from component resolution via compilerOptions.isCustomElement. 
  at <IconButton icon="trash" class="text-wp-error-100" is-loading=false  ... > 
  at <SettingsTable key=3 min-width="720px" > 
  at <Secrets ref="VTU_COMPONENT" > 
  at <VTUROOT>
[Vue warn]: Failed to resolve component: router-link
If this is a native custom element, make sure to exclude it from component resolution via compilerOptions.isCustomElement. 
  at <IconButton icon="edit" title="Edit secret" onClick=fn<onClick> > 
  at <SettingsTable key=3 min-width="720px" > 
  at <Secrets ref="VTU_COMPONENT" > 
  at <VTUROOT>
[Vue warn]: Failed to resolve component: router-link
If this is a native custom element, make sure to exclude it from component resolution via compilerOptions.isCustomElement. 
  at <IconButton icon="trash" class="text-wp-error-100" is-loading=false  ... > 
  at <SettingsTable key=3 min-width="720px" > 
  at <Secrets ref="VTU_COMPONENT" > 
  at <VTUROOT>
[Vue warn]: Failed to resolve component: router-link
If this is a native custom element, make sure to exclude it from component resolution via compilerOptions.isCustomElement. 
  at <IconButton icon="edit" title="Edit secret" onClick=fn<onClick> > 
  at <SettingsTable key=3 min-width="720px" > 
  at <Secrets ref="VTU_COMPONENT" > 
  at <VTUROOT>
[Vue warn]: Failed to resolve component: router-link
If this is a native custom element, make sure to exclude it from component resolution via compilerOptions.isCustomElement. 
  at <IconButton icon="trash" class="text-wp-error-100" is-loading=false  ... > 
  at <SettingsTable key=3 min-width="720px" > 
  at <Secrets ref="VTU_COMPONENT" > 
  at <VTUROOT>
[Vue warn]: Failed to resolve component: router-link
If this is a native custom element, make sure to exclude it from component resolution via compilerOptions.isCustomElement. 
  at <IconButton icon="edit" title="Edit secret" onClick=fn<onClick> > 
  at <SettingsTable key=3 min-width="720px" > 
  at <Secrets ref="VTU_COMPONENT" > 
  at <VTUROOT>
[Vue warn]: Failed to resolve component: router-link
If this is a native custom element, make sure to exclude it from component resolution via compilerOptions.isCustomElement. 
  at <IconButton icon="trash" class="text-wp-error-100" is-loading=false  ... > 
  at <SettingsTable key=3 min-width="720px" > 
  at <Secrets ref="VTU_COMPONENT" > 
  at <VTUROOT>
[Vue warn]: Failed to resolve component: router-link
If this is a native custom element, make sure to exclude it from component resolution via compilerOptions.isCustomElement. 
  at <IconButton icon="edit" title="Edit secret" onClick=fn<onClick> > 
  at <SettingsTable key=3 min-width="720px" > 
  at <Secrets ref="VTU_COMPONENT" > 
  at <VTUROOT>
[Vue warn]: Failed to resolve component: router-link
If this is a native custom element, make sure to exclude it from component resolution via compilerOptions.isCustomElement. 
  at <IconButton icon="trash" class="text-wp-error-100" is-loading=false  ... > 
  at <SettingsTable key=3 min-width="720px" > 
  at <Secrets ref="VTU_COMPONENT" > 
  at <VTUROOT>
[Vue warn]: Failed to resolve component: router-link
If this is a native custom element, make sure to exclude it from component resolution via compilerOptions.isCustomElement. 
  at <IconButton icon="edit" title="Edit secret" onClick=fn<onClick> > 
  at <SettingsTable key=3 min-width="720px" > 
  at <Secrets ref="VTU_COMPONENT" > 
  at <VTUROOT>
[Vue warn]: Failed to resolve component: router-link
If this is a native custom element, make sure to exclude it from component resolution via compilerOptions.isCustomElement. 
  at <IconButton icon="trash" class="text-wp-error-100" is-loading=false  ... > 
  at <SettingsTable key=3 min-width="720px" > 
  at <Secrets ref="VTU_COMPONENT" > 
  at <VTUROOT>

stderr | src/views/repo/settings/Crons.test.ts > repository cron settings > does not close, announce, or reload when an obsolete cron save completes after returning to the same repository
[Vue warn]: Failed to resolve component: router-link
If this is a native custom element, make sure to exclude it from component resolution via compilerOptions.isCustomElement. 
  at <IconButton icon="play-outline" is-loading=false title="Run now"  ... > 
  at <SettingsTable key=3 min-width="820px" > 
  at <Crons ref="VTU_COMPONENT" > 
  at <VTUROOT>
[Vue warn]: Failed to resolve component: router-link
If this is a native custom element, make sure to exclude it from component resolution via compilerOptions.isCustomElement. 
  at <IconButton icon="edit" title="Edit cron" onClick=fn<onClick> > 
  at <SettingsTable key=3 min-width="820px" > 
  at <Crons ref="VTU_COMPONENT" > 
  at <VTUROOT>
[Vue warn]: Failed to resolve component: router-link
If this is a native custom element, make sure to exclude it from component resolution via compilerOptions.isCustomElement. 
  at <IconButton icon="trash" class="text-wp-error-100" is-loading=false  ... > 
  at <SettingsTable key=3 min-width="820px" > 
  at <Crons ref="VTU_COMPONENT" > 
  at <VTUROOT>
[Vue warn]: Failed to resolve component: router-link
If this is a native custom element, make sure to exclude it from component resolution via compilerOptions.isCustomElement. 
  at <IconButton icon="play-outline" is-loading=false title="Run now"  ... > 
  at <SettingsTable key=3 min-width="820px" > 
  at <Crons ref="VTU_COMPONENT" > 
  at <VTUROOT>
[Vue warn]: Failed to resolve component: router-link
If this is a native custom element, make sure to exclude it from component resolution via compilerOptions.isCustomElement. 
  at <IconButton icon="edit" title="Edit cron" onClick=fn<onClick> > 
  at <SettingsTable key=3 min-width="820px" > 
  at <Crons ref="VTU_COMPONENT" > 
  at <VTUROOT>
[Vue warn]: Failed to resolve component: router-link
If this is a native custom element, make sure to exclude it from component resolution via compilerOptions.isCustomElement. 
  at <IconButton icon="trash" class="text-wp-error-100" is-loading=false  ... > 
  at <SettingsTable key=3 min-width="820px" > 
  at <Crons ref="VTU_COMPONENT" > 
  at <VTUROOT>
[Vue warn]: Failed to resolve component: router-link
If this is a native custom element, make sure to exclude it from component resolution via compilerOptions.isCustomElement. 
  at <IconButton icon="play-outline" is-loading=false title="Run now"  ... > 
  at <SettingsTable key=3 min-width="820px" > 
  at <Crons ref="VTU_COMPONENT" > 
  at <VTUROOT>
[Vue warn]: Failed to resolve component: router-link
If this is a native custom element, make sure to exclude it from component resolution via compilerOptions.isCustomElement. 
  at <IconButton icon="edit" title="Edit cron" onClick=fn<onClick> > 
  at <SettingsTable key=3 min-width="820px" > 
  at <Crons ref="VTU_COMPONENT" > 
  at <VTUROOT>
[Vue warn]: Failed to resolve component: router-link
If this is a native custom element, make sure to exclude it from component resolution via compilerOptions.isCustomElement. 
  at <IconButton icon="trash" class="text-wp-error-100" is-loading=false  ... > 
  at <SettingsTable key=3 min-width="820px" > 
  at <Crons ref="VTU_COMPONENT" > 
  at <VTUROOT>
[Vue warn]: Failed to resolve component: router-link
If this is a native custom element, make sure to exclude it from component resolution via compilerOptions.isCustomElement. 
  at <IconButton icon="play-outline" is-loading=false title="Run now"  ... > 
  at <SettingsTable key=3 min-width="820px" > 
  at <Crons ref="VTU_COMPONENT" > 
  at <VTUROOT>
[Vue warn]: Failed to resolve component: router-link
If this is a native custom element, make sure to exclude it from component resolution via compilerOptions.isCustomElement. 
  at <IconButton icon="edit" title="Edit cron" onClick=fn<onClick> > 
  at <SettingsTable key=3 min-width="820px" > 
  at <Crons ref="VTU_COMPONENT" > 
  at <VTUROOT>
[Vue warn]: Failed to resolve component: router-link
If this is a native custom element, make sure to exclude it from component resolution via compilerOptions.isCustomElement. 
  at <IconButton icon="trash" class="text-wp-error-100" is-loading=false  ... > 
  at <SettingsTable key=3 min-width="820px" > 
  at <Crons ref="VTU_COMPONENT" > 
  at <VTUROOT>
[Vue warn]: Failed to resolve component: router-link
If this is a native custom element, make sure to exclude it from component resolution via compilerOptions.isCustomElement. 
  at <IconButton icon="play-outline" is-loading=false title="Run now"  ... > 
  at <SettingsTable key=3 min-width="820px" > 
  at <Crons ref="VTU_COMPONENT" > 
  at <VTUROOT>
[Vue warn]: Failed to resolve component: router-link
If this is a native custom element, make sure to exclude it from component resolution via compilerOptions.isCustomElement. 
  at <IconButton icon="edit" title="Edit cron" onClick=fn<onClick> > 
  at <SettingsTable key=3 min-width="820px" > 
  at <Crons ref="VTU_COMPONENT" > 
  at <VTUROOT>
[Vue warn]: Failed to resolve component: router-link
If this is a native custom element, make sure to exclude it from component resolution via compilerOptions.isCustomElement. 
  at <IconButton icon="trash" class="text-wp-error-100" is-loading=false  ... > 
  at <SettingsTable key=3 min-width="820px" > 
  at <Crons ref="VTU_COMPONENT" > 
  at <VTUROOT>
[Vue warn]: Failed to resolve component: router-link
If this is a native custom element, make sure to exclude it from component resolution via compilerOptions.isCustomElement. 
  at <IconButton icon="play-outline" is-loading=false title="Run now"  ... > 
  at <SettingsTable key=3 min-width="820px" > 
  at <Crons ref="VTU_COMPONENT" > 
  at <VTUROOT>
[Vue warn]: Failed to resolve component: router-link
If this is a native custom element, make sure to exclude it from component resolution via compilerOptions.isCustomElement. 
  at <IconButton icon="edit" title="Edit cron" onClick=fn<onClick> > 
  at <SettingsTable key=3 min-width="820px" > 
  at <Crons ref="VTU_COMPONENT" > 
  at <VTUROOT>
[Vue warn]: Failed to resolve component: router-link
If this is a native custom element, make sure to exclude it from component resolution via compilerOptions.isCustomElement. 
  at <IconButton icon="trash" class="text-wp-error-100" is-loading=false  ... > 
  at <SettingsTable key=3 min-width="820px" > 
  at <Crons ref="VTU_COMPONENT" > 
  at <VTUROOT>
[Vue warn]: Failed to resolve component: router-link
If this is a native custom element, make sure to exclude it from component resolution via compilerOptions.isCustomElement. 
  at <IconButton icon="play-outline" is-loading=false title="Run now"  ... > 
  at <SettingsTable key=3 min-width="820px" > 
  at <Crons ref="VTU_COMPONENT" > 
  at <VTUROOT>
[Vue warn]: Failed to resolve component: router-link
If this is a native custom element, make sure to exclude it from component resolution via compilerOptions.isCustomElement. 
  at <IconButton icon="edit" title="Edit cron" onClick=fn<onClick> > 
  at <SettingsTable key=3 min-width="820px" > 
  at <Crons ref="VTU_COMPONENT" > 
  at <VTUROOT>
[Vue warn]: Failed to resolve component: router-link
If this is a native custom element, make sure to exclude it from component resolution via compilerOptions.isCustomElement. 
  at <IconButton icon="trash" class="text-wp-error-100" is-loading=false  ... > 
  at <SettingsTable key=3 min-width="820px" > 
  at <Crons ref="VTU_COMPONENT" > 
  at <VTUROOT>
[Vue warn]: Failed to resolve component: router-link
If this is a native custom element, make sure to exclude it from component resolution via compilerOptions.isCustomElement. 
  at <IconButton icon="play-outline" is-loading=false title="Run now"  ... > 
  at <SettingsTable key=3 min-width="820px" > 
  at <Crons ref="VTU_COMPONENT" > 
  at <VTUROOT>
[Vue warn]: Failed to resolve component: router-link
If this is a native custom element, make sure to exclude it from component resolution via compilerOptions.isCustomElement. 
  at <IconButton icon="edit" title="Edit cron" onClick=fn<onClick> > 
  at <SettingsTable key=3 min-width="820px" > 
  at <Crons ref="VTU_COMPONENT" > 
  at <VTUROOT>
[Vue warn]: Failed to resolve component: router-link
If this is a native custom element, make sure to exclude it from component resolution via compilerOptions.isCustomElement. 
  at <IconButton icon="trash" class="text-wp-error-100" is-loading=false  ... > 
  at <SettingsTable key=3 min-width="820px" > 
  at <Crons ref="VTU_COMPONENT" > 
  at <VTUROOT>
[Vue warn]: Failed to resolve component: router-link
If this is a native custom element, make sure to exclude it from component resolution via compilerOptions.isCustomElement. 
  at <IconButton icon="play-outline" is-loading=false title="Run now"  ... > 
  at <SettingsTable key=3 min-width="820px" > 
  at <Crons ref="VTU_COMPONENT" > 
  at <VTUROOT>
[Vue warn]: Failed to resolve component: router-link
If this is a native custom element, make sure to exclude it from component resolution via compilerOptions.isCustomElement. 
  at <IconButton icon="edit" title="Edit cron" onClick=fn<onClick> > 
  at <SettingsTable key=3 min-width="820px" > 
  at <Crons ref="VTU_COMPONENT" > 
  at <VTUROOT>
[Vue warn]: Failed to resolve component: router-link
If this is a native custom element, make sure to exclude it from component resolution via compilerOptions.isCustomElement. 
  at <IconButton icon="trash" class="text-wp-error-100" is-loading=false  ... > 
  at <SettingsTable key=3 min-width="820px" > 
  at <Crons ref="VTU_COMPONENT" > 
  at <VTUROOT>
[Vue warn]: Failed to resolve component: router-link
If this is a native custom element, make sure to exclude it from component resolution via compilerOptions.isCustomElement. 
  at <IconButton icon="play-outline" is-loading=false title="Run now"  ... > 
  at <SettingsTable key=3 min-width="820px" > 
  at <Crons ref="VTU_COMPONENT" > 
  at <VTUROOT>
[Vue warn]: Failed to resolve component: router-link
If this is a native custom element, make sure to exclude it from component resolution via compilerOptions.isCustomElement. 
  at <IconButton icon="edit" title="Edit cron" onClick=fn<onClick> > 
  at <SettingsTable key=3 min-width="820px" > 
  at <Crons ref="VTU_COMPONENT" > 
  at <VTUROOT>
[Vue warn]: Failed to resolve component: router-link
If this is a native custom element, make sure to exclude it from component resolution via compilerOptions.isCustomElement. 
  at <IconButton icon="trash" class="text-wp-error-100" is-loading=false  ... > 
  at <SettingsTable key=3 min-width="820px" > 
  at <Crons ref="VTU_COMPONENT" > 
  at <VTUROOT>
[Vue warn]: Failed to resolve component: router-link
If this is a native custom element, make sure to exclude it from component resolution via compilerOptions.isCustomElement. 
  at <IconButton icon="play-outline" is-loading=false title="Run now"  ... > 
  at <SettingsTable key=3 min-width="820px" > 
  at <Crons ref="VTU_COMPONENT" > 
  at <VTUROOT>
[Vue warn]: Failed to resolve component: router-link
If this is a native custom element, make sure to exclude it from component resolution via compilerOptions.isCustomElement. 
  at <IconButton icon="edit" title="Edit cron" onClick=fn<onClick> > 
  at <SettingsTable key=3 min-width="820px" > 
  at <Crons ref="VTU_COMPONENT" > 
  at <VTUROOT>
[Vue warn]: Failed to resolve component: router-link
If this is a native custom element, make sure to exclude it from component resolution via compilerOptions.isCustomElement. 
  at <IconButton icon="trash" class="text-wp-error-100" is-loading=false  ... > 
  at <SettingsTable key=3 min-width="820px" > 
  at <Crons ref="VTU_COMPONENT" > 
  at <VTUROOT>

stderr | src/views/repo/settings/Crons.test.ts > repository cron settings > does not announce or reload when an obsolete cron deletion completes after returning to the same repository
[Vue warn]: Failed to resolve component: router-link
If this is a native custom element, make sure to exclude it from component resolution via compilerOptions.isCustomElement. 
  at <IconButton icon="play-outline" is-loading=false title="Run now"  ... > 
  at <SettingsTable key=3 min-width="820px" > 
  at <Crons ref="VTU_COMPONENT" > 
  at <VTUROOT>
[Vue warn]: Failed to resolve component: router-link
If this is a native custom element, make sure to exclude it from component resolution via compilerOptions.isCustomElement. 
  at <IconButton icon="edit" title="Edit cron" onClick=fn<onClick> > 
  at <SettingsTable key=3 min-width="820px" > 
  at <Crons ref="VTU_COMPONENT" > 
  at <VTUROOT>
[Vue warn]: Failed to resolve component: router-link
If this is a native custom element, make sure to exclude it from component resolution via compilerOptions.isCustomElement. 
  at <IconButton icon="trash" class="text-wp-error-100" is-loading=false  ... > 
  at <SettingsTable key=3 min-width="820px" > 
  at <Crons ref="VTU_COMPONENT" > 
  at <VTUROOT>
[Vue warn]: Failed to resolve component: router-link
If this is a native custom element, make sure to exclude it from component resolution via compilerOptions.isCustomElement. 
  at <IconButton icon="play-outline" is-loading=false title="Run now"  ... > 
  at <SettingsTable key=3 min-width="820px" > 
  at <Crons ref="VTU_COMPONENT" > 
  at <VTUROOT>
[Vue warn]: Failed to resolve component: router-link
If this is a native custom element, make sure to exclude it from component resolution via compilerOptions.isCustomElement. 
  at <IconButton icon="edit" title="Edit cron" onClick=fn<onClick> > 
  at <SettingsTable key=3 min-width="820px" > 
  at <Crons ref="VTU_COMPONENT" > 
  at <VTUROOT>
[Vue warn]: Failed to resolve component: router-link
If this is a native custom element, make sure to exclude it from component resolution via compilerOptions.isCustomElement. 
  at <IconButton icon="trash" class="text-wp-error-100" is-loading=false  ... > 
  at <SettingsTable key=3 min-width="820px" > 
  at <Crons ref="VTU_COMPONENT" > 
  at <VTUROOT>
[Vue warn]: Failed to resolve component: router-link
If this is a native custom element, make sure to exclude it from component resolution via compilerOptions.isCustomElement. 
  at <IconButton icon="play-outline" is-loading=false title="Run now"  ... > 
  at <SettingsTable key=3 min-width="820px" > 
  at <Crons ref="VTU_COMPONENT" > 
  at <VTUROOT>
[Vue warn]: Failed to resolve component: router-link
If this is a native custom element, make sure to exclude it from component resolution via compilerOptions.isCustomElement. 
  at <IconButton icon="edit" title="Edit cron" onClick=fn<onClick> > 
  at <SettingsTable key=3 min-width="820px" > 
  at <Crons ref="VTU_COMPONENT" > 
  at <VTUROOT>
[Vue warn]: Failed to resolve component: router-link
If this is a native custom element, make sure to exclude it from component resolution via compilerOptions.isCustomElement. 
  at <IconButton icon="trash" class="text-wp-error-100" is-loading=false  ... > 
  at <SettingsTable key=3 min-width="820px" > 
  at <Crons ref="VTU_COMPONENT" > 
  at <VTUROOT>
[Vue warn]: Failed to resolve component: router-link
If this is a native custom element, make sure to exclude it from component resolution via compilerOptions.isCustomElement. 
  at <IconButton icon="play-outline" is-loading=false title="Run now"  ... > 
  at <SettingsTable key=3 min-width="820px" > 
  at <Crons ref="VTU_COMPONENT" > 
  at <VTUROOT>
[Vue warn]: Failed to resolve component: router-link
If this is a native custom element, make sure to exclude it from component resolution via compilerOptions.isCustomElement. 
  at <IconButton icon="edit" title="Edit cron" onClick=fn<onClick> > 
  at <SettingsTable key=3 min-width="820px" > 
  at <Crons ref="VTU_COMPONENT" > 
  at <VTUROOT>
[Vue warn]: Failed to resolve component: router-link
If this is a native custom element, make sure to exclude it from component resolution via compilerOptions.isCustomElement. 
  at <IconButton icon="trash" class="text-wp-error-100" is-loading=false  ... > 
  at <SettingsTable key=3 min-width="820px" > 
  at <Crons ref="VTU_COMPONENT" > 
  at <VTUROOT>
[Vue warn]: Failed to resolve component: router-link
If this is a native custom element, make sure to exclude it from component resolution via compilerOptions.isCustomElement. 
  at <IconButton icon="play-outline" is-loading=false title="Run now"  ... > 
  at <SettingsTable key=3 min-width="820px" > 
  at <Crons ref="VTU_COMPONENT" > 
  at <VTUROOT>
[Vue warn]: Failed to resolve component: router-link
If this is a native custom element, make sure to exclude it from component resolution via compilerOptions.isCustomElement. 
  at <IconButton icon="edit" title="Edit cron" onClick=fn<onClick> > 
  at <SettingsTable key=3 min-width="820px" > 
  at <Crons ref="VTU_COMPONENT" > 
  at <VTUROOT>
[Vue warn]: Failed to resolve component: router-link
If this is a native custom element, make sure to exclude it from component resolution via compilerOptions.isCustomElement. 
  at <IconButton icon="trash" class="text-wp-error-100" is-loading=false  ... > 
  at <SettingsTable key=3 min-width="820px" > 
  at <Crons ref="VTU_COMPONENT" > 
  at <VTUROOT>
[Vue warn]: Failed to resolve component: router-link
If this is a native custom element, make sure to exclude it from component resolution via compilerOptions.isCustomElement. 
  at <IconButton icon="play-outline" is-loading=false title="Run now"  ... > 
  at <SettingsTable key=3 min-width="820px" > 
  at <Crons ref="VTU_COMPONENT" > 
  at <VTUROOT>
[Vue warn]: Failed to resolve component: router-link
If this is a native custom element, make sure to exclude it from component resolution via compilerOptions.isCustomElement. 
  at <IconButton icon="edit" title="Edit cron" onClick=fn<onClick> > 
  at <SettingsTable key=3 min-width="820px" > 
  at <Crons ref="VTU_COMPONENT" > 
  at <VTUROOT>
[Vue warn]: Failed to resolve component: router-link
If this is a native custom element, make sure to exclude it from component resolution via compilerOptions.isCustomElement. 
  at <IconButton icon="trash" class="text-wp-error-100" is-loading=false  ... > 
  at <SettingsTable key=3 min-width="820px" > 
  at <Crons ref="VTU_COMPONENT" > 
  at <VTUROOT>
[Vue warn]: Failed to resolve component: router-link
If this is a native custom element, make sure to exclude it from component resolution via compilerOptions.isCustomElement. 
  at <IconButton icon="play-outline" is-loading=false title="Run now"  ... > 
  at <SettingsTable key=3 min-width="820px" > 
  at <Crons ref="VTU_COMPONENT" > 
  at <VTUROOT>
[Vue warn]: Failed to resolve component: router-link
If this is a native custom element, make sure to exclude it from component resolution via compilerOptions.isCustomElement. 
  at <IconButton icon="edit" title="Edit cron" onClick=fn<onClick> > 
  at <SettingsTable key=3 min-width="820px" > 
  at <Crons ref="VTU_COMPONENT" > 
  at <VTUROOT>
[Vue warn]: Failed to resolve component: router-link
If this is a native custom element, make sure to exclude it from component resolution via compilerOptions.isCustomElement. 
  at <IconButton icon="trash" class="text-wp-error-100" is-loading=false  ... > 
  at <SettingsTable key=3 min-width="820px" > 
  at <Crons ref="VTU_COMPONENT" > 
  at <VTUROOT>
[Vue warn]: Failed to resolve component: router-link
If this is a native custom element, make sure to exclude it from component resolution via compilerOptions.isCustomElement. 
  at <IconButton icon="play-outline" is-loading=false title="Run now"  ... > 
  at <SettingsTable key=3 min-width="820px" > 
  at <Crons ref="VTU_COMPONENT" > 
  at <VTUROOT>
[Vue warn]: Failed to resolve component: router-link
If this is a native custom element, make sure to exclude it from component resolution via compilerOptions.isCustomElement. 
  at <IconButton icon="edit" title="Edit cron" onClick=fn<onClick> > 
  at <SettingsTable key=3 min-width="820px" > 
  at <Crons ref="VTU_COMPONENT" > 
  at <VTUROOT>
[Vue warn]: Failed to resolve component: router-link
If this is a native custom element, make sure to exclude it from component resolution via compilerOptions.isCustomElement. 
  at <IconButton icon="trash" class="text-wp-error-100" is-loading=false  ... > 
  at <SettingsTable key=3 min-width="820px" > 
  at <Crons ref="VTU_COMPONENT" > 
  at <VTUROOT>
[Vue warn]: Failed to resolve component: router-link
If this is a native custom element, make sure to exclude it from component resolution via compilerOptions.isCustomElement. 
  at <IconButton icon="play-outline" is-loading=false title="Run now"  ... > 
  at <SettingsTable key=3 min-width="820px" > 
  at <Crons ref="VTU_COMPONENT" > 
  at <VTUROOT>
[Vue warn]: Failed to resolve component: router-link
If this is a native custom element, make sure to exclude it from component resolution via compilerOptions.isCustomElement. 
  at <IconButton icon="edit" title="Edit cron" onClick=fn<onClick> > 
  at <SettingsTable key=3 min-width="820px" > 
  at <Crons ref="VTU_COMPONENT" > 
  at <VTUROOT>
[Vue warn]: Failed to resolve component: router-link
If this is a native custom element, make sure to exclude it from component resolution via compilerOptions.isCustomElement. 
  at <IconButton icon="trash" class="text-wp-error-100" is-loading=false  ... > 
  at <SettingsTable key=3 min-width="820px" > 
  at <Crons ref="VTU_COMPONENT" > 
  at <VTUROOT>
[Vue warn]: Failed to resolve component: router-link
If this is a native custom element, make sure to exclude it from component resolution via compilerOptions.isCustomElement. 
  at <IconButton icon="play-outline" is-loading=false title="Run now"  ... > 
  at <SettingsTable key=3 min-width="820px" > 
  at <Crons ref="VTU_COMPONENT" > 
  at <VTUROOT>
[Vue warn]: Failed to resolve component: router-link
If this is a native custom element, make sure to exclude it from component resolution via compilerOptions.isCustomElement. 
  at <IconButton icon="edit" title="Edit cron" onClick=fn<onClick> > 
  at <SettingsTable key=3 min-width="820px" > 
  at <Crons ref="VTU_COMPONENT" > 
  at <VTUROOT>
[Vue warn]: Failed to resolve component: router-link
If this is a native custom element, make sure to exclude it from component resolution via compilerOptions.isCustomElement. 
  at <IconButton icon="trash" class="text-wp-error-100" is-loading=false  ... > 
  at <SettingsTable key=3 min-width="820px" > 
  at <Crons ref="VTU_COMPONENT" > 
  at <VTUROOT>
[Vue warn]: Failed to resolve component: router-link
If this is a native custom element, make sure to exclude it from component resolution via compilerOptions.isCustomElement. 
  at <IconButton icon="play-outline" is-loading=false title="Run now"  ... > 
  at <SettingsTable key=3 min-width="820px" > 
  at <Crons ref="VTU_COMPONENT" > 
  at <VTUROOT>
[Vue warn]: Failed to resolve component: router-link
If this is a native custom element, make sure to exclude it from component resolution via compilerOptions.isCustomElement. 
  at <IconButton icon="edit" title="Edit cron" onClick=fn<onClick> > 
  at <SettingsTable key=3 min-width="820px" > 
  at <Crons ref="VTU_COMPONENT" > 
  at <VTUROOT>
[Vue warn]: Failed to resolve component: router-link
If this is a native custom element, make sure to exclude it from component resolution via compilerOptions.isCustomElement. 
  at <IconButton icon="trash" class="text-wp-error-100" is-loading=false  ... > 
  at <SettingsTable key=3 min-width="820px" > 
  at <Crons ref="VTU_COMPONENT" > 
  at <VTUROOT>

stderr | src/views/repo/settings/General.test.ts > repository general settings > submits only the established RepoSettings payload and reloads confirmed state
[intlify] Not found parent scope. use the global scope.

stderr | src/views/repo/settings/General.test.ts > repository general settings > replaces the editable snapshot before submitting a different repository
[intlify] Not found parent scope. use the global scope.

stderr | src/views/repo/settings/General.test.ts > repository general settings > does not reload or notify when an obsolete save succeeds after returning to the same repository
[intlify] Not found parent scope. use the global scope.

stderr | src/views/repo/settings/General.test.ts > repository general settings > does not reload or notify when an obsolete save rejects after returning to the same repository
[intlify] Not found parent scope. use the global scope.

stderr | src/i18nVisibleStrings.test.ts > visible-string localization > falls back to English when the active locale has no message
[intlify] Not found 'ops.server.cpu' key in 'zh' locale messages.
[intlify] Fall back to translate 'ops.server.cpu' key with 'en' locale.
[intlify] Not found 'cancel' key in 'zh' locale messages.
[intlify] Fall back to translate 'cancel' key with 'en' locale.

stderr | src/components/admin/settings/forges/AdminForgeForm.test.ts > administration forge form > preserves the current fields and applies the existing type defaults
[intlify] Not found parent scope. use the global scope.

stderr | src/components/admin/settings/forges/AdminForgeForm.test.ts > administration forge form > keeps a customized URL when the forge type changes
[intlify] Not found parent scope. use the global scope.

stderr | src/components/admin/settings/forges/AdminForgeForm.test.ts > administration forge form > preserves existing additional options for GitHub and addon forges
[intlify] Not found parent scope. use the global scope.

stderr | src/components/admin/settings/forges/AdminForgeForm.test.ts > administration forge form > normalizes URL and OAuth host before emitting submit
[intlify] Not found parent scope. use the global scope.

stderr | src/components/admin/settings/forges/AdminForgeForm.test.ts > administration forge form > clears an OAuth host that exactly matches the normalized forge URL
[intlify] Not found parent scope. use the global scope.

stderr | src/views/repo/RepoManualPipeline.test.ts > repository manual pipeline > reloads on repository changes and ignores an obsolete branch response
TypeError: Cannot read properties of undefined (reading 'number')
    at /Volumes/zwl/open_sources/woodpecker-main/web/src/views/repo/RepoManualPipeline.vue:199:28
    at Proxy.doSubmit (/Volumes/zwl/open_sources/woodpecker-main/web/src/compositions/useAsyncAction.ts:16:7)

stderr | src/views/user/UserGeneral.test.ts > user account preferences > renders real identity fields as read-only presentation and existing preferences only
[Vue warn]: Failed setting prop "options" on <select>: value [object Object],[object Object],[object Object],[object Object],[object Object],[object Object],[object Object],[object Object],[object Object],[object Object],[object Object],[object Object],[object Object],[object Object],[object Object],[object Object],[object Object],[object Object],[object Object],[object Object],[object Object],[object Object],[object Object],[object Object],[object Object],[object Object],[object Object] is invalid. TypeError: 'set' on proxy: trap returned falsish for property 'options'
    at patchDOMProp (/Users/wenliang_zeng/.cache/woodpecker-web-vstore/@vue+runtime-dom@3.5.41/node_modules/@vue/runtime-dom/dist/runtime-dom.cjs.js:618:13)
    at patchProp (/Users/wenliang_zeng/.cache/woodpecker-web-vstore/@vue+runtime-dom@3.5.41/node_modules/@vue/runtime-dom/dist/runtime-dom.cjs.js:739:5)
    at mountElement (/Users/wenliang_zeng/.cache/woodpecker-web-vstore/@vue+runtime-core@3.5.41/node_modules/@vue/runtime-core/dist/runtime-core.cjs.js:5711:11)
    at processElement (/Users/wenliang_zeng/.cache/woodpecker-web-vstore/@vue+runtime-core@3.5.41/node_modules/@vue/runtime-core/dist/runtime-core.cjs.js:5648:7)
    at patch (/Users/wenliang_zeng/.cache/woodpecker-web-vstore/@vue+runtime-core@3.5.41/node_modules/@vue/runtime-core/dist/runtime-core.cjs.js:5514:11)
    at ReactiveEffect.componentUpdateFn [as fn] (/Users/wenliang_zeng/.cache/woodpecker-web-vstore/@vue+runtime-core@3.5.41/node_modules/@vue/runtime-core/dist/runtime-core.cjs.js:6169:11)
    at ReactiveEffect.run (/Users/wenliang_zeng/.cache/woodpecker-web-vstore/@vue+reactivity@3.5.41/node_modules/@vue/reactivity/dist/reactivity.cjs.js:268:19)
    at setupRenderEffect (/Users/wenliang_zeng/.cache/woodpecker-web-vstore/@vue+runtime-core@3.5.41/node_modules/@vue/runtime-core/dist/runtime-core.cjs.js:6297:5)
    at mountComponent (/Users/wenliang_zeng/.cache/woodpecker-web-vstore/@vue+runtime-core@3.5.41/node_modules/@vue/runtime-core/dist/runtime-core.cjs.js:6069:7)
    at processComponent (/Users/wenliang_zeng/.cache/woodpecker-web-vstore/@vue+runtime-core@3.5.41/node_modules/@vue/runtime-core/dist/runtime-core.cjs.js:6021:9) 
  at <Anonymous modelValue="en" onUpdate:modelValue=fn class="min-w-44"  ... > 
  at <SettingsActionRow title="Language" description="Choose the language used by this browser." > 
  at <SettingsSection title="Interface preferences" description="These settings apply locally without changing your Forge profile." > 
  at <UserGeneral ref="VTU_COMPONENT" > 
  at <VTUROOT>
[Vue warn]: Failed setting prop "options" on <select>: value [object Object],[object Object],[object Object] is invalid. TypeError: 'set' on proxy: trap returned falsish for property 'options'
    at patchDOMProp (/Users/wenliang_zeng/.cache/woodpecker-web-vstore/@vue+runtime-dom@3.5.41/node_modules/@vue/runtime-dom/dist/runtime-dom.cjs.js:618:13)
    at patchProp (/Users/wenliang_zeng/.cache/woodpecker-web-vstore/@vue+runtime-dom@3.5.41/node_modules/@vue/runtime-dom/dist/runtime-dom.cjs.js:739:5)
    at mountElement (/Users/wenliang_zeng/.cache/woodpecker-web-vstore/@vue+runtime-core@3.5.41/node_modules/@vue/runtime-core/dist/runtime-core.cjs.js:5711:11)
    at processElement (/Users/wenliang_zeng/.cache/woodpecker-web-vstore/@vue+runtime-core@3.5.41/node_modules/@vue/runtime-core/dist/runtime-core.cjs.js:5648:7)
    at patch (/Users/wenliang_zeng/.cache/woodpecker-web-vstore/@vue+runtime-core@3.5.41/node_modules/@vue/runtime-core/dist/runtime-core.cjs.js:5514:11)
    at ReactiveEffect.componentUpdateFn [as fn] (/Users/wenliang_zeng/.cache/woodpecker-web-vstore/@vue+runtime-core@3.5.41/node_modules/@vue/runtime-core/dist/runtime-core.cjs.js:6169:11)
    at ReactiveEffect.run (/Users/wenliang_zeng/.cache/woodpecker-web-vstore/@vue+reactivity@3.5.41/node_modules/@vue/reactivity/dist/reactivity.cjs.js:268:19)
    at setupRenderEffect (/Users/wenliang_zeng/.cache/woodpecker-web-vstore/@vue+runtime-core@3.5.41/node_modules/@vue/runtime-core/dist/runtime-core.cjs.js:6297:5)
    at mountComponent (/Users/wenliang_zeng/.cache/woodpecker-web-vstore/@vue+runtime-core@3.5.41/node_modules/@vue/runtime-core/dist/runtime-core.cjs.js:6069:7)
    at processComponent (/Users/wenliang_zeng/.cache/woodpecker-web-vstore/@vue+runtime-core@3.5.41/node_modules/@vue/runtime-core/dist/runtime-core.cjs.js:6021:9) 
  at <Anonymous modelValue="auto" onUpdate:modelValue=fn class="min-w-36"  ... > 
  at <SettingsActionRow title="Theme" description="Follow the system theme or select a fixed appearance." > 
  at <SettingsSection title="Interface preferences" description="These settings apply locally without changing your Forge profile." > 
  at <UserGeneral ref="VTU_COMPONENT" > 
  at <VTUROOT>

stderr | src/views/admin/AdminInfo.test.ts > administration overview > shows truthful version data and links to existing administration destinations
[intlify] Not found parent scope. use the global scope.
[intlify] Not found parent scope. use the global scope.


[domain] unit: PASS — full Vitest 610 tests

## Responsive red-team (027)
Red-team: baseline passed; 9/9 mutations rejected.
{
  "schema": "woodpecker.task027-redteam.v1",
  "runId": "b9894081-81e5-4b79-a9e3-2e2c6d0f5297",
  "rejected": 9,
  "results": [
    {
      "name": "run-id-tamper",
      "rejected": true
    },
    {
      "name": "overflow-injected",
      "rejected": true
    },
    {
      "name": "uncontained-dense-injected",
      "rejected": true
    },
    {
      "name": "raw-i18n-injected",
      "rejected": true
    },
    {
      "name": "health-injected",
      "rejected": true
    },
    {
      "name": "png-corrupted",
      "rejected": true
    },
    {
      "name": "viewport-tamper",
      "rejected": true
    },
    {
      "name": "state-count-tamper",
      "rejected": true
    },
    {
      "name": "evidence-file-removed",
      "rejected": true
    }
  ]
}

[domain] redteam: PASS — 027 responsive red-team 9/9 mutations rejected

## 023 closure worktree
HEAD is now at f9f0bab docs(specnav): close operations residual audit
Preparing worktree (detached HEAD f9f0bab)
Updating files:   7% (250/3214)Updating files:   8% (258/3214)Updating files:   9% (290/3214)Updating files:  10% (322/3214)Updating files:  11% (354/3214)Updating files:  12% (386/3214)Updating files:  13% (418/3214)Updating files:  14% (450/3214)Updating files:  15% (483/3214)Updating files:  16% (515/3214)Updating files:  17% (547/3214)Updating files:  18% (579/3214)Updating files:  19% (611/3214)Updating files:  20% (643/3214)Updating files:  21% (675/3214)Updating files:  22% (708/3214)Updating files:  23% (740/3214)Updating files:  24% (772/3214)Updating files:  24% (803/3214)Updating files:  25% (804/3214)Updating files:  26% (836/3214)Updating files:  27% (868/3214)Updating files:  28% (900/3214)Updating files:  29% (933/3214)Updating files:  30% (965/3214)Updating files:  31% (997/3214)Updating files:  32% (1029/3214)Updating files:  33% (1061/3214)Updating files:  34% (1093/3214)Updating files:  35% (1125/3214)Updating files:  36% (1158/3214)Updating files:  37% (1190/3214)Updating files:  38% (1222/3214)Updating files:  39% (1254/3214)Updating files:  39% (1264/3214)Updating files:  40% (1286/3214)Updating files:  41% (1318/3214)Updating files:  42% (1350/3214)Updating files:  43% (1383/3214)Updating files:  44% (1415/3214)Updating files:  45% (1447/3214)Updating files:  46% (1479/3214)Updating files:  47% (1511/3214)Updating files:  48% (1543/3214)Updating files:  48% (1562/3214)Updating files:  49% (1575/3214)Updating files:  50% (1607/3214)Updating files:  51% (1640/3214)Updating files:  52% (1672/3214)Updating files:  53% (1704/3214)Updating files:  54% (1736/3214)Updating files:  55% (1768/3214)Updating files:  56% (1800/3214)Updating files:  57% (1832/3214)Updating files:  58% (1865/3214)Updating files:  58% (1872/3214)Updating files:  59% (1897/3214)Updating files:  60% (1929/3214)Updating files:  61% (1961/3214)Updating files:  62% (1993/3214)Updating files:  63% (2025/3214)Updating files:  64% (2057/3214)Updating files:  65% (2090/3214)Updating files:  66% (2122/3214)Updating files:  67% (2154/3214)Updating files:  68% (2186/3214)Updating files:  68% (2199/3214)Updating files:  69% (2218/3214)Updating files:  70% (2250/3214)Updating files:  71% (2282/3214)Updating files:  72% (2315/3214)Updating files:  73% (2347/3214)Updating files:  74% (2379/3214)Updating files:  75% (2411/3214)Updating files:  76% (2443/3214)Updating files:  77% (2475/3214)Updating files:  78% (2507/3214)Updating files:  79% (2540/3214)Updating files:  80% (2572/3214)Updating files:  81% (2604/3214)Updating files:  82% (2636/3214)Updating files:  83% (2668/3214)Updating files:  83% (2689/3214)Updating files:  84% (2700/3214)Updating files:  85% (2732/3214)Updating files:  86% (2765/3214)Updating files:  87% (2797/3214)Updating files:  88% (2829/3214)Updating files:  89% (2861/3214)Updating files:  90% (2893/3214)Updating files:  91% (2925/3214)Updating files:  92% (2957/3214)Updating files:  93% (2990/3214)Updating files:  94% (3022/3214)Updating files:  95% (3054/3214)Updating files:  96% (3086/3214)Updating files:  97% (3118/3214)Updating files:  98% (3150/3214)Updating files:  98% (3154/3214)Updating files:  99% (3182/3214)Updating files: 100% (3214/3214)Updating files: 100% (3214/3214), done.

## 023 audit red-team at closure HEAD (5 mutations)
{
  "schema": "woodpecker.operations-residual-audit-redteam.v1",
  "ok": true,
  "positiveAuditExitCode": 0,
  "mutations": [
    {
      "id": "unapproved-acceptance",
      "rejected": true,
      "code": 1,
      "signal": null
    },
    {
      "id": "missing-evidence-artifact",
      "rejected": true,
      "code": 1,
      "signal": null
    },
    {
      "id": "verified-row-regression",
      "rejected": true,
      "code": 1,
      "signal": null
    },
    {
      "id": "blocked-row-incorrectly-closed",
      "rejected": true,
      "code": 1,
      "signal": null
    },
    {
      "id": "accepted-object-drift",
      "rejected": true,
      "code": 1,
      "signal": null
    }
  ]
}

[domain] redteam: PASS — 023 audit red-team re-executed at its closure HEAD: all 5 mutations rejected

## 023 closure worktree cleanup

## E2E journey capture
{"schema":"woodpecker.task030-e2e-journey.v1","ok":true,"runId":"5d9b17c0-849f-4daf-8071-1185730dc044","states":5,"themes":["light","dark"],"routes":["/login","/overview","/repos","/deployments/142"],"failures":[],"generatedAt":"2026-08-16T07:39:10.746Z"}
[spot journey-login-light]
[spot journey-overview-light]
[spot journey-overview-dark]
[spot journey-repos-dark]
[spot journey-deployment-detail-dark]

[domain] e2e: PASS — 5 journey states, 4 routes

[domain] sensory: PASS — 020-overview-repositories-reverification: 20 states run 1eae7bc3-e742-4aac-bce0-ec61105eebb8; 021-infrastructure-route-reverification: 62 states run 84b42687-5a1a-402c-952f-6e5fd1ac338a; 022-deployment-route-reverification: 54 states run 0051a9bc-3312-4bf4-a850-6e4d4a205920; 027: 39 states x 3 viewports run b9894081-81e5-4b79-a9e3-2e2c6d0f5297
{
  "schema": "woodpecker.task030-six-domain-summary.v1",
  "task_id": "030-six-domain-verification",
  "baseline_task_id": "8.2",
  "generated_at": "2026-08-16T07:39:11.059Z",
  "ok": true,
  "domains": [
    {
      "domain": "facticity",
      "ok": true,
      "detail": "67 rows, {\"verified\":66,\"blocked\":1}"
    },
    {
      "domain": "static",
      "ok": true,
      "detail": "whole-tree Prettier/ESLint/vue-tsc/Vite build/git diff --check"
    },
    {
      "domain": "unit",
      "ok": true,
      "detail": "full Vitest 610 tests"
    },
    {
      "domain": "redteam",
      "ok": true,
      "detail": "027 responsive red-team 9/9 mutations rejected"
    },
    {
      "domain": "redteam",
      "ok": true,
      "detail": "023 audit red-team re-executed at its closure HEAD: all 5 mutations rejected"
    },
    {
      "domain": "e2e",
      "ok": true,
      "detail": "5 journey states, 4 routes"
    },
    {
      "domain": "sensory",
      "ok": true,
      "detail": "020-overview-repositories-reverification: 20 states run 1eae7bc3-e742-4aac-bce0-ec61105eebb8; 021-infrastructure-route-reverification: 62 states run 84b42687-5a1a-402c-952f-6e5fd1ac338a; 022-deployment-route-reverification: 54 states run 0051a9bc-3312-4bf4-a850-6e4d4a205920; 027: 39 states x 3 viewports run b9894081-81e5-4b79-a9e3-2e2c6d0f5297"
    }
  ],
  "blocked_row_4": "explicit"
}
